time,input,output,simulated
-2.0,-0.0235448308929669,-0.0243686281090206,0.0
-1.98333333333333,-0.0231266288614002,-0.0239504260774538,0.0
-1.96666666666667,-0.0227084268298334,-0.0235322240458871,0.0
-1.95,-0.0222902247982667,-0.0231140220143203,0.0
-1.93333333333333,-0.0218720227666978,-0.0226958199827514,0.0
-1.91666666666667,-0.021453820735131,-0.0222776179511847,0.0
-1.9,-0.0210356187035643,-0.0218594159196179,0.0
-1.88333333333333,-0.0206174166719975,-0.0214412138880512,0.0
-1.86666666666667,-0.0201992146404308,-0.0210230118564844,0.0
-1.85,-0.019781012608864,-0.0206048098249177,0.0
-1.83333333333333,-0.0193628105772973,-0.0201866077933509,0.0
-1.81666666666667,-0.0189446085457284,-0.019768405761782,0.0
-1.8,-0.0185264065141617,-0.0193502037302153,0.0
-1.78333333333333,-0.0181082044825949,-0.0189320016986485,0.0
-1.76666666666667,-0.0176900024510282,-0.0185137996670818,0.0
-1.75,-0.0172718004194614,-0.018095597635515,0.0
-1.73333333333333,-0.0168535983878947,-0.0176773956039483,0.0
-1.71666666666667,-0.0164353963563279,-0.0172591935723815,0.0
-1.7,-0.016017194324759,-0.0168409915408127,0.0
-1.68333333333333,-0.0155989922931923,-0.0164227895092459,0.0
-1.66666666666667,-0.0151807902616255,-0.0160045874776792,0.0
-1.65,-0.0147625882300588,-0.0155863854461124,0.0
-1.63333333333333,-0.014344386198492,-0.0151681834145457,0.0
-1.61666666666667,-0.0139261841669253,-0.0147499813829789,0.0
-1.6,-0.0135079821353585,-0.0143317793514122,0.0
-1.58333333333333,-0.0130897801037896,-0.0139135773198433,0.0
-1.56666666666667,-0.0126715780722229,-0.0134953752882765,0.0
-1.55,-0.0122533760406562,-0.0130771732567098,0.0
-1.53333333333333,-0.0118351740090894,-0.012658971225143,0.0
-1.51666666666667,-0.0114169719775226,-0.0122407691935763,0.0
-1.5,-0.0109987699459559,-0.0118225671620095,0.0
-1.48333333333333,-0.0105805679143891,-0.0114043651304428,0.0
-1.46666666666667,-0.0101623658828203,-0.0109861630988739,0.0
-1.45,-0.0097441638512535,-0.0105679610673072,0.0
-1.43333333333333,-0.0093259618196867,-0.0101497590357404,0.0
-1.41666666666667,-0.00890775978812,-0.0097315570041736,0.0
-1.4,-0.0084895577565532,-0.0093133549726069,0.0
-1.38333333333333,-0.0080713557249865,-0.0088951529410401,0.0
-1.36666666666667,-0.0076531536934197,-0.0084769509094734,0.0
-1.35,-0.0072349516618508,-0.0080587488779045,0.0
-1.33333333333333,-0.0068167496302841,-0.0076405468463377,0.0
-1.31666666666667,-0.0063985475987173,-0.007222344814771,0.0
-1.3,-0.0059803455671506,-0.0068041427832042,0.0
-1.28333333333333,-0.0055621435355838,-0.0063859407516375,0.0
-1.26666666666667,-0.0051439415040171,-0.0059677387200707,0.0
-1.25,-0.0047257394724503,-0.005549536688504,0.0
-1.23333333333333,-0.0043075374408815,-0.0051313346569351,0.0
-1.21666666666667,-0.0038893354093147,-0.0047131326253683,0.0
-1.2,-0.003471133377748,-0.0042949305938016,0.0
-1.18333333333333,-0.0030529313461812,-0.0038767285622348,0.0
-1.16666666666667,-0.0026347293146145,-0.0034585265306681,0.0
-1.15,-0.0022165272830477,-0.0030403244991013,0.0
-1.13333333333333,-0.001798325251481,-0.0026221224675346,0.0
-1.11666666666667,-0.0013801232199121,-0.0022039204359657,0.0
-1.1,-0.0009619211883453,-0.001785718404399,0.0
-1.08333333333333,-0.0005437191567786,-0.0013675163728322,0.0
-1.06666666666667,-0.0001255171252118,-0.0009493143412655,0.0
-1.05,0.0002926849063548,-0.0005311123096987,7.632371745709774e-05
-1.03333333333333,0.0007108869379216,-0.000112910278132,0.0002724081119941472
-1.01666666666667,0.0011290889694883,0.0003052917534347,0.0005802915735666548
-1.0,0.0015472910010572,0.0007234937850036,0.0009636360580037559
-0.983333333333333,0.001965493032624,0.0011416958165703,0.0013785915075372186
-0.966666666666667,0.0023836950641907,0.0015598978481371,0.001799185051327429
-0.95,0.0028018970957575,0.0019780998797038,0.0022198154447084636
-0.933333333333334,0.0032200991273242,0.0023963019112706,0.0026404458380892607
-0.916666666666667,0.003638301158891,0.0028145039428373,0.0030610762314699728
-0.9,0.0040565031904577,0.0032327059744041,0.003481706624850673
-0.883333333333334,0.0044747052220266,0.003650908005973,0.0039023370182319325
-0.866666666666666,0.0048929072535933,0.0040691100375397,0.004322967411613257
-0.85,0.0053111092851601,0.0044873120691065,0.004743597804994502
-0.833333333333333,0.0057293113167268,0.0049055141006732,0.0051642281983755155
-0.816666666666666,0.0061475133482936,0.00532371613224,0.00558487872897734
-0.8,0.0065657153798603,0.0057419181638067,0.00600553789537147
-0.783333333333333,0.0069839174114271,0.0061601201953735,0.006426211874479475
-0.766666666666667,0.007402119442996,0.0065783222269423,0.006846893711087182
-0.75,0.0078203214745627,0.0069965242585091,0.00726758909085065
-0.733333333333333,0.0082385235061295,0.0074147262900758,0.007688291007800205
-0.716666666666667,0.0086567255376962,0.0078329283216426,0.008109010378648022
-0.7,0.009074927569263,0.0082511303532093,0.008529743791144424
-0.683333333333334,0.0094931296008297,0.0086693323847761,0.008950480094763385
-0.666666666666667,0.0099113316323965,0.0090875344163428,0.009371218682285954
-0.65,0.0103295336639654,0.0095057364479117,0.009791958249254926
-0.633333333333334,0.0107477356955322,0.0099239384794785,0.010212704919764053
-0.616666666666666,0.0111659377270989,0.0103421405110453,0.010633454636606893
-0.6,0.0115841397586657,0.010760342542612,0.0110542317392749
-0.583333333333333,0.0120023417902324,0.0111785445741788,0.011475020586279324
-0.566666666666666,0.0124205438217992,0.0115967466057455,0.011895809643182684
-0.55,0.0128387458533659,0.0120149486373123,0.012316598790100657
-0.533333333333333,0.0132569478849348,0.0124331506688812,0.012737390998793674
-0.516666666666667,0.0136751499165015,0.0128513527004479,0.013158184520520411
-0.5,0.0140933519480683,0.0132695547320147,0.013578979084474037
-0.483333333333333,0.014511553979635,0.0136877567635814,0.01399978237070952
-0.466666666666667,0.0149297560112018,0.0141059587951482,0.014420589205795777
-0.45,0.0153479580427685,0.0145241608267149,0.014841396040881926
-0.433333333333334,0.0157661600743353,0.0149423628582817,0.015262202875968092
-0.416666666666667,0.0161843621059042,0.0153605648898505,0.015683009711054817
-0.4,0.0166025641374709,0.0157787669214173,0.016103816546141604
-0.383333333333333,0.0170207661690377,0.016196968952984,0.016524624518599353
-0.366666666666667,0.0174389682006044,0.0166151709845508,0.016945433727174657
-0.35,0.0178571702321712,0.0170333730161175,0.017366247135226394
-0.333333333333333,0.0182753722637379,0.0174515750476843,0.017787062206581397
-0.316666666666666,0.0186935742953047,0.017869777079251,0.018207877277936407
-0.3,0.0191117763268736,0.0182879791108199,0.018628712245084986
-0.283333333333333,0.0195299783584403,0.0187061811423867,0.019049563814343307
-0.266666666666667,0.0199481803900071,0.0191243831739534,0.01947044264052878
-0.25,0.0203663824215738,0.0195425852055202,0.019891331671646473
-0.233333333333333,0.0207845844531406,0.0199607872370869,0.02031222566168406
-0.216666666666667,0.0212027864847073,0.0203789892686537,0.020733121783899383
-0.2,0.0216209885162741,0.0207971913002204,0.021154017908498447
-0.183333333333334,0.0220391905478429,0.0212153933317893,0.021574914033098046
-0.166666666666667,0.0224573925794097,0.021633595363356,0.021995810157697734
-0.15,0.0228755946109764,0.0220517973949228,0.02241670628229732
-0.133333333333333,0.0232937966425432,0.0224699994264895,0.02283760240689669
-0.116666666666667,0.0237119986741099,0.0228882014580563,0.023258498787037542
-0.0999999999999996,0.0241302007056767,0.0233064034896231,0.023679395276766678
-0.083333333333333,0.0245484027372434,0.0237246055211898,0.024100293714614494
-0.0666666666666664,0.0249666047688123,0.0241428075527587,0.024521192987908266
-0.0499999999999998,0.0253848068003791,0.0245610095843254,0.024942100694135848
-0.0333333333333332,0.0258030088319458,0.0249792116158922,0.025363012091016043
-0.0166666666666666,0.0262212108635126,0.0253974136474589,0.025783924353002623
0.0,0.0266394128950793,0.0258156156790257,0.026204837749081587
0.0166666666666666,0.0268955214831038,-0.0846795601270422,0.026583482219009878
0.0333333333333332,-0.373852319076926,-0.0745094581094854,0.01983357239252491
0.0499999999999998,-0.172851095749558,-0.0740912560779165,0.011982486300491636
0.0666666666666664,0.0332994941234148,0.132210613602798,0.013879171711198904
0.083333333333333,0.0337176961549815,-0.0683729032318347,0.019902193487095085
0.0999999999999996,0.0444473834360771,-0.0679547012002679,0.03010859512893274
0.116666666666666,0.034554100218115,-0.0626505446295823,0.03576957257208997
0.133333333333334,0.0401259177610051,-0.0622323425980156,0.038546521043043944
0.15,0.743163978459585,0.139270041667501,0.22264179188687008
0.166666666666667,5.21023699630287,0.697869201540065,1.5969937400974148
0.183333333333334,7.76185797701989,2.75420081477196,3.769950107299893
0.2,11.4342778628452,6.6681120930068,6.727809498599612
0.216666666666667,14.1839981264757,10.5880638129292,9.881480893014594
0.233333333333333,15.8399087003663,13.010748714798,12.642633053304435
0.25,15.8286632769692,14.5084337348833,14.492043756950682
0.266666666666667,16.44274233056,15.8153631095451,15.64227238677033
0.283333333333333,16.4431605325915,16.3801633733113,16.191058020559296
0.3,17.1459088317754,16.9217089673723,16.60308207565034
0.316666666666666,17.5352917661098,17.3241306071363,17.004991320069905
0.333333333333333,17.6861472341132,17.4632291194702,17.366158065252982
0.35,17.8621563516042,17.8410444968631,17.66069174496537
0.366666666666666,18.0629923378682,17.8414626988947,17.892774457149137
0.383333333333334,17.813131869374,18.0058020403587,17.97203401825007
0.4,17.8011104686933,17.9817146987365,17.978978331703427
0.416666666666667,17.7890992902942,17.9698951478645,17.946597743896717
0.433333333333334,17.7770983215815,17.970313349896,17.909102918389003
0.45,17.7279416863216,17.9462860226516,17.877250375555164
0.466666666666667,17.7407383458896,17.7466051589707,17.861038409591742
0.483333333333333,17.5292642656728,17.9471224267147,17.795194191851124
0.5,17.7415747499528,17.9231349866587,17.78367645145461
0.516666666666667,17.7296144944478,17.7236173714199,17.78999772142097
0.533333333333333,17.7424111540159,17.9117834968786,17.813348413930267
0.55,17.7428293560475,17.5245179582127,17.836754513419883
0.566666666666666,17.743247558079,17.7248719775146,17.8480640001592
0.583333333333333,17.8933625094257,17.9252259968166,17.889089727564887
0.6,18.2929720429643,17.9500498409357,18.03890249223325
0.616666666666667,18.1188687817997,18.3130021979999,18.15115433173721
0.633333333333333,18.5442498008959,18.3257912909521,18.33470346865427
0.65,18.3194647352932,18.5264720739421,18.42475883411302
0.666666666666667,18.345162502508,18.5144375940387,18.464986020150704
0.683333333333334,18.3203011393563,18.5024132818028,18.464838896745043
0.7,18.2954812551537,18.5028314838343,18.442901334725438
0.716666666666667,18.0963037914318,18.2784592932923,18.37138189615628
0.733333333333333,18.0842003141041,18.2788774953239,18.300241786331824
0.75,18.0721071012003,18.2792956973554,18.238183356516654
0.766666666666667,18.0725253032319,18.26738333789,18.201057033231315
0.783333333333333,18.0729435052634,18.255481029966,18.187691673439154
0.8,17.861510200358,17.9184747293836,18.13046055915866
0.816666666666666,17.8619284023895,17.9067149728145,18.067359604301657
0.833333333333333,17.5257599717733,17.8949651393446,17.92615017174178
0.85,17.3023665871575,17.8832252168501,17.73665828983487
0.866666666666667,17.1412196434058,17.2967272130938,17.533527857175464
0.883333333333333,16.9544827595986,17.2971454151253,17.330094167208486
0.9,16.7556322578462,17.2975636171569,17.133762392340863
0.916666666666667,16.7560504598778,16.9838949054136,16.993651763722546
0.933333333333334,16.7564686619093,16.9489399952036,16.908730214366635
0.95,16.9561555677249,16.9493581972351,16.923830899292113
0.966666666666667,17.1558424735404,17.1494678427047,17.0271343357672
0.983333333333333,16.0719573284191,16.9619760269762,16.85525504960519
1.0,14.0181967930058,16.5628485590481,16.078242310347036
1.01666666666667,11.8365989265288,14.7153680375166,14.661630942656124
1.03333333333333,10.9303682884172,13.4172628121795,13.101791027610288
1.05,10.1835288512589,11.759889880037,11.729320354053861
1.06666666666667,9.83522682166846,11.0114651691762,10.770249809217276
1.08333333333333,9.48692479207805,10.0723224323626,10.154063388788316
1.1,9.28807429032564,9.9139986343304,9.758224730614451
1.11666666666667,9.28849249235721,9.51503394948601,9.525511582764809
1.13333333333333,8.9401904627668,9.29844548203128,9.316774872812257
1.15,8.73267281012765,9.15781018259202,9.114152404231904
1.16666666666667,8.50818927211124,8.75057752341586,8.896531308995069
1.18333333333333,8.50004995018607,8.72574498488143,8.723093681452164
1.2,8.29313735579329,8.726163186913,8.563456428781077
1.21666666666667,8.29355555782485,8.56877479621308,8.457310862222304
1.23333333333333,8.27705591890155,8.36173373851483,8.38918368304294
1.25,8.12012284866931,8.15486117792039,8.312065301676029
1.26666666666667,8.10378599851845,8.14711880234514,8.24770875946512
1.28333333333333,7.89754270299396,8.15569758198352,8.146451789136695
1.3,7.89796090502553,8.1316539109089,8.056867862006762
1.31666666666667,7.69188598143709,7.92521148612571,7.941193691072623
1.33333333333333,7.70050309540306,7.77658976854345,7.850644032631344
1.35,7.55220063717041,7.76901477302555,7.752831902839492
1.36666666666667,7.54448051036069,7.57079361823414,7.678081392478985
1.38333333333333,7.33863428678201,7.5712118202657,7.576479710994249
1.4,7.88391748134018,7.37299066547429,7.633700956433637
1.41666666666667,10.6180433779914,7.76270085984715,8.449253417688098
1.43333333333333,12.7885388181427,9.20267098595404,9.937093246246683
1.45,14.8087286261469,11.9732247217841,11.878193289470808
1.46666666666667,16.7896676140412,14.5538631704236,13.979621204851966
1.48333333333333,17.5205933336047,16.0089134442013,15.718350161987651
1.5,18.0654331558,17.1349198210946,16.979742248075222
1.51666666666667,18.412301479754,17.8675611682679,17.803036736415425
1.53333333333333,18.177399566458,18.2281394798437,18.180617412488537
1.55,18.721575681403,18.5753333215206,18.454893495971785
1.56666666666667,18.7219938834345,18.7614964935374,18.633060701565405
1.58333333333333,18.6844923303256,18.761914695569,18.74245222389049
1.6,18.8823999221574,18.8859759887962,18.8536878493884
1.61666666666667,18.8701185951087,18.8863941908278,18.92380609046051
1.63333333333333,18.8705367971403,18.8743699881064,18.96527551624586
1.65,18.8582657705377,18.8747881901379,18.98689590283517
1.66666666666667,18.8840727302837,19.0730439648515,18.99710398586054
1.68333333333333,19.2172576197647,19.0609499799708,19.088315744487055
1.7,19.2176758217963,19.2717179415967,19.192463323667972
1.71666666666667,19.2437839400889,19.284738322439,19.287703560114483
1.73333333333333,19.2185122258594,19.2725543456598,19.33982187263684
1.75,19.218930427891,19.2729725476914,19.354013320280757
1.76666666666667,19.0712916799812,19.2859929285337,19.31319687633235
1.78333333333333,18.8997099865781,19.2864111305653,19.222055154357818
1.8,18.7025586105314,19.2994416930663,19.080908508478053
1.81666666666667,18.7156167267736,19.1144050220939,18.96009276396959
1.83333333333333,18.7286851159396,18.9167457966495,18.885159584791197
1.85,18.3830755552081,18.768605928074,18.765497637975805
1.86666666666667,18.4085435421582,18.5832791601204,18.666257135361697
1.88333333333333,18.1737524982697,18.5590424109134,18.52752324360572
1.9,18.1866000111524,18.3859580558147,18.4171016301577
1.91666666666667,18.2119071648125,18.3741238812483,18.356549483503944
1.93333333333333,18.0639071292638,18.3867944598779,18.295026893732732
1.95,18.0271879327696,18.3872126619094,18.23950641463354
1.96666666666667,18.039975206666,18.226820416736,18.198577916372408
1.98333333333333,18.2135799729388,18.239430934696,18.217421838371727
2.0,18.9178667806227,18.3762148914061,18.443975007451392
2.01666666666667,19.2513115766571,18.9213460189967,18.784758694647806
2.03333333333333,19.462240221316,19.0947667013279,19.144483589050946
2.05,19.2264580644592,19.3057147235398,19.34294979869961
2.06666666666667,18.9068194211148,19.3061329255714,19.32385729662601
2.08333333333333,18.6970383912726,19.2939387671335,19.160351807375946
2.1,18.549339550954,19.1089719183516,18.952341066663678
2.11666666666667,18.0066619310349,18.7505021569916,18.65552034427444
2.13333333333333,17.7973318918512,18.3550854396013,18.35649066756595
2.15,17.7977500938828,18.0212407623907,18.12485982021913
2.16666666666667,17.4527020793847,17.9974833760474,17.89456588389734
2.18333333333333,17.2677495274103,17.61414957178,17.688875450602325
2.2,17.2681677294418,17.2682122193174,17.537237317546495
2.21666666666667,17.4539566854794,17.268630421349,17.487826320605606
2.23333333333333,17.7998411040406,17.6034810388096,17.590917312809513
2.25,17.9976685726606,17.6038992408412,17.784291071274012
2.26666666666667,17.9857578080697,18.0120755013597,17.955055837849788
2.28333333333333,17.9615480522047,18.1860953775763,18.054457845740128
2.3,17.9989231787553,18.198666564982,18.098251690320296
2.31666666666667,17.9870124141644,18.1869317816394,18.106828061225514
2.33333333333333,17.7901014078324,18.187349983671,18.057210271541567
2.35,17.7660515737719,17.9900104355846,17.99367475650355
2.36666666666667,17.5693004892445,17.8046642277442,17.88491265346073
2.38333333333333,17.2126729132557,17.5953313394117,17.697518628411416
2.4,17.2130911152873,17.4474312288548,17.529152427312393
2.41666666666667,17.2135093173188,17.4123458010812,17.408286510234518
2.43333333333333,17.5467045513006,17.2269907061179,17.433713458349015
2.45,18.285908842417,17.5613212064712,17.70997749517809
2.46666666666667,18.6310938860214,18.1542954138101,18.104605687577916
2.48333333333333,18.8158837979089,18.5003712856044,18.493133238271543
2.5,19.3707163791694,19.0314939363349,18.905226457874768
2.51666666666667,19.3582773975014,19.2168098943474,19.19805674517705
2.53333333333333,19.1489985995125,19.4019770093503,19.323886468360598
2.55,19.1366600167545,19.4023952113819,19.345999539485177
2.56666666666667,18.7927296446285,19.1930120817305,19.222067380495602
2.58333333333333,18.5963772328558,18.9589641083317,19.033883878127668
2.6,18.4492174745342,18.7624192574149,18.83843521989234
2.61666666666667,18.4371675992716,18.6151151697352,18.689700521238997
2.63333333333333,18.4375858013032,18.6155333717668,18.6042399108212
2.65,18.2165658812847,18.628224812396,18.512967607223082
2.66666666666667,18.241731132725,18.4194067228816,18.445900245867392
2.68333333333333,18.0085909133041,18.2107567306432,18.33674897826515
2.7,18.0090091153357,18.1990795125358,18.242079990709378
2.71666666666667,17.9848986612799,18.1994977145674,18.17149397412332
2.73333333333333,17.9853168633115,18.1878302059374,18.131772079881234
2.75,17.985735065343,18.188248407969,18.116200522322565
2.76666666666667,17.9861532673746,18.3853924977716,18.1133019960928
2.78333333333333,17.974321978313,18.1770087991614,18.109712894027105
2.8,17.9747401803445,18.177427001193,18.106577977230213
2.81666666666667,18.1590548466317,18.1416752347722,18.15193580659652
2.83333333333333,18.5151683096868,18.3506297192872,18.297948345413296
2.85,18.5155865117184,18.5475372143716,18.450362765506874
2.86666666666667,18.6996836727177,18.6708051703214,18.61648738844405
2.88333333333333,18.7001018747493,19.0638871306464,18.73251133662537
2.9,19.0184395937166,18.8926480833087,18.878344340426477
2.91666666666667,19.0188577957482,19.0647235347095,19.000666644654164
2.93333333333333,18.8722924336779,19.0775527831522,19.051771836883617
2.95,18.8979107628724,19.0779709851838,19.06243926683679
2.96666666666667,18.8983289649039,19.0908101844878,19.047049194702645
2.98333333333333,18.7151473007997,19.0788073892469,18.98423311572097
3.0,18.91178067566,19.0916465885509,18.97852298608874
3.01666666666667,18.9121988776916,19.0920647905825,18.991636647706862
3.03333333333333,18.9000017730302,19.1173548876511,19.011351166232956
3.05,18.716820108926,19.0929011946456,18.981115090664716
3.06666666666667,18.5334903100007,18.7003408105715,18.884383130352326
3.08333333333333,18.5214413401603,18.7253155745811,18.77832074893669
3.1,18.3746981625703,18.7257337766127,18.66198556711511
3.11666666666667,18.5347449160954,18.5786667589575,18.621549496475197
3.13333333333333,18.4003601904997,18.579084960989,18.586801102387177
3.15,18.1920662435762,18.3950111444977,18.510839288730047
3.16666666666667,18.2048230445483,18.4075940487637,18.435360562523787
3.18333333333333,18.2052412465799,18.4080122507953,18.373373428614187
3.2,18.1933208496709,18.4084304528269,18.336797506462258
3.21666666666667,18.206077650643,18.2241391956533,18.329336264818437
3.23333333333333,18.4028694026891,18.212461977546,18.38206409637025
3.25,18.5505677672316,18.6064899382656,18.48074785375404
3.26666666666667,18.5634732793472,18.7668246212864,18.579732042821256
3.28333333333333,18.4041240087838,18.6073263423287,18.609647650834575
3.3,18.2205172229951,18.6199980745664,18.54840440259283
3.31666666666667,18.0244825905037,18.4113578670478,18.410579440608487
3.33333333333333,17.8653513523386,18.2270666098743,18.240840578373355
3.35,17.4730224543411,18.0065777933344,18.006859337778046
3.36666666666667,17.3261604938618,17.686472194399,17.77391856447815
3.38333333333333,17.4859101036917,17.47820749829,17.63945477497029
3.4,17.4742770604358,17.4786257003216,17.580972031599465
3.41666666666667,17.3394068818626,17.4790439023532,17.543670809645022
3.43333333333333,17.1433722493712,17.4912610681477,17.466469042699593
3.45,16.6035451564645,17.3440163193961,17.238324866778093
3.46666666666667,16.0637180635578,16.7422802109078,16.866619777996114
3.48333333333333,15.7316906486121,16.2240642767597,16.447090907670265
3.5,15.7207620072057,15.8909618241463,16.11927635415017
3.51666666666667,15.5247273747143,15.8579128599545,15.876312123788932
3.53333333333333,15.5251455767458,15.6836704872465,15.741982317476397
3.55,15.5368312736598,15.684088689278,15.67879903257596
3.56666666666667,15.5372494756914,15.6845068913096,15.652792898781776
3.58333333333333,15.3635389230017,15.6960105991713,15.601960145121822
3.6,15.3639571250332,15.6964288012029,15.55216875317317
3.61666666666667,15.3755906310423,15.4998047681016,15.511695210014157
3.63333333333333,16.1138986348399,15.5222621870581,15.681934103149548
3.65,17.011665723046,15.9282736320318,16.130868301561883
3.66666666666667,17.5655318618082,16.6684924495775,16.731791418992863
3.68333333333333,17.7750793274241,17.3969243043305,17.289904582112264
3.7,18.1079254614006,17.7782503134161,17.746205765432382
3.71666666666667,18.1330314784785,18.1856605661777,18.02753113663881
3.73333333333333,18.3305391033317,18.3220442505988,18.227253534266264
3.75,18.3433960824609,18.3346359715676,18.354721800114937
3.76666666666667,18.1713928971834,18.3350541735992,18.382559944819555
3.78333333333333,18.184200109506,18.3720518730058,18.368584959579024
3.8,18.1722293012465,18.3724700750374,18.336022175244405
3.81666666666667,18.1850365135692,18.3851011293661,18.313985437475644
3.83333333333333,18.0497367402863,18.3855193313977,18.273632026359657
3.85,18.0625039371401,18.2618947808934,18.23855209551556
3.86666666666667,17.877631334898,18.2623129829249,18.16103737301288
3.88333333333333,17.6926081399955,18.2627311849565,18.041469365778422
3.9,17.693026342027,17.8671545644224,17.935423024205374
3.91666666666667,17.7178912041396,17.6934698452513,17.86791143833065
3.93333333333333,17.582069032245,17.6938880472829,17.804302593806725
3.95,17.5946750114432,17.7062679907011,17.76536057404391
3.96666666666667,17.5829054363082,17.7306387268776,17.735188201945107
3.98333333333333,17.4095763937404,17.5941888848146,17.670662390439595
4.0,16.3436401623565,17.3961286063379,17.334097661283337
4.01666666666667,13.2704980522611,16.6638108073029,16.17044770985111
4.03333333333333,9.25545842715901,14.2921243968546,13.912107063568062
4.05,6.33865646046586,10.9653333721013,11.009448910864165
4.06666666666667,4.35532409241711,7.25677310095965,8.09908888201774
4.08333333333333,3.08519191755511,5.41828673214871,5.702771198681027
4.1,1.78881903042894,3.99027291911394,3.870228620383675
4.11666666666667,2.34721284709066,2.85263927281874,2.882123536293661
4.13333333333333,1.99990764064068,2.30569007485176,2.350295315281424
4.15,1.26632961670514,1.9690281553413,1.9483447570828871
4.16666666666667,0.918740185636709,1.4216340276512,1.576584816151931
4.18333333333333,0.720296883039709,1.22817316665622,1.2075185015285188
4.2,0.57156895659985,1.02406146464403,0.8969451740854082
4.21666666666667,0.388749304850908,0.68097450477869,0.6702435495914401
4.23333333333333,0.588273131055546,0.681392706810259,0.5848127693865337
4.25,0.389585708914043,0.686917744242484,0.5145111441129746
4.26666666666667,0.39000391094561,0.70268140985908,0.4721203106194695
4.28333333333333,0.390422112977177,0.298922574406853,0.44291772189049294
4.3,0.196869595679856,0.304297577541583,0.3714495969460974
4.31666666666667,0.197287797711422,0.509368063118741,0.3049543228487801
4.33333333333333,0.20284511038642,0.305133981604716,0.2567373915844192
4.35,0.213554171788354,0.305552183636285,0.23209438174592711
4.36666666666667,0.413404424578037,0.315896109826248,0.2797673350364708
4.38333333333333,0.219542334942524,0.161580845228545,0.29182852648711927
4.4,0.214808777883054,0.321701446830127,0.2853627469832957
4.41666666666667,0.220378739005658,0.177140772694469,0.2661148685174184
4.43333333333333,0.0762561773405942,0.177558974726035,0.20880478035010114
4.45,0.22637112868729,0.177977176757602,0.19708312203595524
4.46666666666667,0.237114002360109,0.193154982379533,0.20804002499057594
4.48333333333333,0.242700900846742,0.188649299454686,0.22923758444478576
4.5,0.248292046725491,0.193991386442666,0.2507672042215764
4.51666666666667,0.25906889958685,0.194409588474233,0.2646498348876245
4.53333333333333,0.25430564726554,0.204687636327469,0.2692302471368226
4.55,0.259905303649983,0.205105838359036,0.27284532772053144
4.56666666666667,0.110257411571501,0.21046001113202,0.23600767130582131
4.58333333333333,0.110675613603068,0.215818222389625,0.19253845765876487
4.6,0.281928411142894,0.216236424421192,0.19955562736114907
4.61666666666667,0.12176420074982,0.231498934662316,0.18652136045806955
4.63333333333333,0.137592361394772,0.231917136693882,0.17990259443702167
4.65,0.138010563426339,0.237291551554333,0.16935183128152795
4.66666666666667,0.148723254835921,0.242670029772307,0.15999746244493032
4.68333333333333,0.143992090321879,0.243088231803873,0.157349586271884
4.7,0.149559658899057,0.243506433835442,0.16066902486307433
4.71666666666667,0.155131476441947,0.253857398316874,0.1639062316395083
4.73333333333333,0.160707548211719,0.259248096634678,0.16788584151289895
4.75,0.171454273488558,0.259666298666245,0.17408491005364157
4.76666666666667,0.171872475520125,0.260084500697812,0.17949676007683527
4.78333333333333,0.177461341624635,0.275444712142914,0.18436036894677654
4.8,0.183054483087827,0.275862914174483,0.18882041140268688
4.81666666666667,0.188651905214505,0.281269976329723,0.1933503963817352
4.83333333333333,0.199441410689926,0.0851007551922997,0.19963148548416362
4.85,0.199859612721493,0.0855189572238665,0.20503213649061702
4.86666666666667,-0.0062399549941112,0.0908512926456126,0.15667804567242144
4.88333333333333,0.205888110786948,0.30794874021435,0.15278764808721285
4.9,0.206306312818515,0.111384734705344,0.16402098102880255
4.91666666666667,0.217121614115726,0.313798702030358,0.1898955831245358
4.93333333333333,0.0261231280428738,0.122094030595747,0.16539875930765346
4.95,0.233586025596305,0.122512232627314,0.17468032194169575
4.96666666666667,0.239222213865431,0.330118806437488,0.191004038839806
4.98333333333333,0.234422429659438,0.128291193411087,0.2163290261757414
5.0,0.245280938363592,0.133656032761449,0.24154165925798943
5.01666666666667,0.0539063034651534,0.143979771455538,0.2035065425617289
5.03333333333333,0.0594757588784304,0.144397973487107,0.15022125235584965
5.05,0.267468276355795,0.154738095348866,0.15871375811122554
5.06666666666667,0.0757916598239035,0.160123413690279,0.14389721512729572
5.08333333333333,0.0813782909286033,0.165512843088682,0.1335661891439811
5.1,0.279215394473803,0.170906388649992,0.1690676172387192
5.11666666666667,0.290143597351755,0.181287646695742,0.21286357546309814
5.13333333333333,0.103349740680625,-0.0164744133771805,0.2100187602444859
5.15,0.0985822519015073,0.187111773497515,0.18550873248609753
5.16666666666667,0.0990004539330741,0.192521834939058,0.1469413383996453
5.18333333333333,0.104604346775328,-0.0054005181303942,0.12003671234379384
5.2,0.11021256856404,-6.65585795012191e-05,0.11422380300727701
5.21666666666667,0.121023818649871,0.20877689081831,0.11991556723614152
5.23333333333333,-0.0258669243707317,0.209195092849877,0.09384175109874922
5.25,0.121860222713005,0.214621752546184,0.09330684762748404
5.26666666666667,0.127481463914667,0.215039954577752,0.10150947028397543
5.28333333333333,0.138318801822991,0.021728353203514,0.11830853915765671
5.3,0.143953111488845,0.0270827740256102,0.1356298594596811
5.31666666666667,0.144371313520412,0.231344929433987,0.1449348752454967
5.33333333333333,0.150009990283875,0.231763131465554,0.14883996989845097
5.35,0.150428192315442,0.0332777064931442,0.1512926002845762
5.36666666666667,0.150846394347008,0.0435889045426492,0.15279835829776187
5.38333333333333,0.16171866909124,0.0440071065742181,0.15662628552645233
5.4,0.0092415017051685,0.0493779885349532,0.12037958413871414
5.41666666666667,0.162555073154373,0.059713940039714,0.11763894110879405
5.43333333333333,0.168206884167741,0.0601321420712807,0.1273455878970211
5.45,0.0312002376621713,0.0704846475288654,0.11001098691327446
5.46666666666667,0.184770471878264,0.0659336260140314,0.1266924273215525
5.48333333333333,0.0424147952976533,0.0762944239945618,0.10789929115298193
5.5,0.196113684310101,0.0767126260261307,0.12465375065008728
5.51666666666667,0.04844681749153,0.0870900402322341,0.11236043325573417
5.53333333333333,0.0488650195230967,0.0875082422638009,0.09322478356859103
5.55,0.0596875680151008,0.0879264442953676,0.07518411386849465
5.56666666666667,0.0601057700466676,0.0983205164158321,0.0633473954672995
5.58333333333333,0.219271357560425,0.103732913275627,0.10125836006039687
5.6,0.0765815521053426,0.109149490310585,0.11307058297909041
5.61666666666667,0.0769997541369115,0.109567692342154,0.11179452601498208
5.63333333333333,0.0826398665287392,0.10998589437372,0.10078581404061107
5.65,0.0935150991561763,0.115406656834291,0.09119267147671264
5.66666666666667,0.0887025823881963,0.12584255704651,0.08839150158630352
5.68333333333333,0.0943515032193098,0.136295262186845,0.09194467349497648
5.7,0.100004836630197,0.136713464218412,0.09570324818747547
5.71666666666667,0.100423038661764,0.142155232872328,0.09863687283572782
5.73333333333333,0.106080790238394,0.14760121863994,0.10225401586867351
5.75,0.116991368248345,0.142991636935464,0.10785437845823151
5.76666666666667,0.122662407932416,0.148437622703074,0.11425223517013235
5.78333333333333,0.117827772311479,0.158924064806379,0.11822645168213182
5.8,0.134017814746254,0.164382733825277,0.12430771243220813
5.81666666666667,0.134436016777821,0.164800935856844,0.12927713341822333
5.83333333333333,0.140120395183781,0.180365990754267,0.13451326233256075
5.85,0.14580923112247,0.175730994493839,0.13998946768983467
5.86666666666667,0.151502530255871,0.186259847598126,0.14541389019874448
5.88333333333333,0.162484338771176,0.186678049629693,0.1522871440029977
5.9,0.168191061556667,0.192157964305992,0.15954613922018523
5.91666666666667,0.163320742834309,0.192576166337559,0.16388899129316747
5.93333333333333,0.169027465619801,0.203130594797143,0.1672339627355277
5.95,0.174738674344081,0.0435987691619978,0.17054133139050015
5.96666666666667,0.17515687637565,0.203966998860278,0.17331349195618337
5.98333333333333,0.186174572459344,0.0544493269429765,0.17838926201567523
6.0,0.186592774490911,0.064898588021186,0.18299612421314926
6.01666666666667,-0.0038624216985006,0.0703386724575026,0.13756691411699876
6.03333333333333,0.203362207242608,0.0707568744890693,0.13690803694309125
6.05,0.203780409274175,0.0812315739384133,0.15054082481851833
6.06666666666667,0.209518653884548,0.242087983728458,0.1761852795343044
6.08333333333333,0.215261424609129,0.0820679780015489,0.201474741867476
6.1,0.0191837509781259,0.0824861800331156,0.16250076309847755
6.11666666666667,0.232098749270367,0.103068458240463,0.16205503787584757
6.13333333333333,0.0200201550412594,0.259087582909432,0.12119938867060988
6.15,0.0256883044095801,0.264623369118081,0.08487146491370359
6.16666666666667,0.031360927870238,0.114430729654598,0.057061478152167236
6.18333333333333,0.0317791299018047,0.270581693436429,0.038074814625966985
6.2,0.0427196199654603,0.115267133717734,0.03396234885414123
6.21666666666667,0.0484057000728889,-0.0869860926044637,0.039833911607412266
6.23333333333333,0.251068027733373,-0.0766107277055866,0.09738863228608248
6.25,0.0492421041360224,0.131715394125985,0.10802479169445087
6.26666666666667,0.262621832098782,-0.0757743236424531,0.15646344413892424
6.28333333333333,0.0606277612261728,0.142702402329434,0.1461874349160794
6.3,0.0663273497406408,-0.0599704573869154,0.12082758770316095
6.31666666666667,0.0720314526056278,-0.0545546216234776,0.09546610250037148
6.33333333333333,0.0830350225276739,-0.0541364195919108,0.0808159727736646
6.35,0.0834532245592406,-0.0537182175603441,0.0776155107701953
6.36666666666667,0.0944749214988313,0.170245497432229,0.08447567919854981
6.38333333333333,0.100201683173062,-0.0278298036059191,0.0912455762785226
6.4,0.100619885204629,-0.0274116015743523,0.09635200796215443
6.41666666666667,0.106351196121694,0.186823397832342,0.10107948233091349
6.43333333333333,0.117409287064032,0.192358071791292,0.10708313106431086
6.45,0.117827489095598,-0.0110745205826099,0.11226965078809835
6.46666666666667,0.128903847343582,-0.0106563185510431,0.11896622188566426
6.48333333333333,0.139998519981512,-0.0001616800313321,0.12714129419662246
6.5,-0.0686107348930392,0.0154034665622113,0.09732322576926788
6.51666666666667,-0.214582847187978,0.0158216685937781,0.060166679958056996
6.53333333333333,0.151947958318779,0.0212974848508225,0.06634305849541845
6.55,-0.0515767136050471,0.0318438976292676,0.051548651935175244
6.56666666666667,-0.192514035406226,0.0271958287208669,0.03888675461739866
6.58333333333333,-0.0349201175257221,0.0377509093265594,0.022745828540224666
6.6,-0.0239323889036534,0.0534070101800516,0.006883678635429787
6.61666666666667,0.186234109928046,0.0538252122116184,0.04876865866325399
6.63333333333333,0.192034367184228,0.0542434142431851,0.10561516174390313
6.65,-0.0067892773134573,-0.145384461434115,0.1046419373564462
6.66666666666667,0.203648819902784,0.0601678285193579,0.1297919143998508
6.68333333333333,0.0046623431316525,0.0758762715327855,0.09874395177311661
6.7,0.0103950349683522,0.0711933525565293,0.06462297071452355
6.71666666666667,0.226515444874963,0.0818181781315928,0.09384509028764441
6.73333333333333,0.0165505245138334,-0.118217725243399,0.08416179094884976
6.75,-0.135563180524866,0.0928787544497098,0.06451283067781201
6.76666666666667,0.028038910438466,0.0932969564812765,0.04581328461398615
6.78333333333333,0.0337900208076014,-0.106902623084201,0.029758746027302746
6.8,0.0342082228391682,0.114634532534408,0.027007421093235385
6.81666666666667,0.050652891478898,0.120189066474427,0.03627450848006537
6.83333333333333,-0.101843835492444,-0.0905247702864926,0.030163344533577083
6.85,-0.106088618039654,-0.0846656545670171,0.019621135099965926
6.86666666666667,0.252217520252746,0.115076551618806,0.07497172924376949
6.88333333333333,0.0543950329186259,-0.0830438002260266,0.09153504213397079
6.9,0.258768057116946,0.115963852003019,0.1479769561222316
6.91666666666667,-0.107224862140989,-0.0915565339961105,0.12838251925667302
6.93333333333333,-0.106185020339115,-0.0907506565642137,0.08520494207430966
6.95,0.064229823261023,-0.0848677442620712,0.05781489909379038
6.96666666666667,0.258157377753172,0.114443866110696,0.09798732312881683
6.98333333333333,-0.0966885053031021,-0.0875166025984889,0.09330987128018214
7.0,0.0975273955653925,0.117112750061258,0.10078570068090971
7.01666666666667,0.314700366125613,0.122206319304843,0.15242929297947802
7.03333333333333,0.107737327852758,-0.0850799405689202,0.15803491968019495
7.05,-0.0935318394260399,-0.0850799405689202,0.1268372833985406
7.06666666666667,0.325027172386409,0.115580184375542,0.16340688367196363
7.08333333333333,0.126334879616833,-0.0834501762541166,0.1596906723685787
7.1,0.117741989528515,-0.0766960150451219,0.15596153896031156
7.11666666666667,0.105414025363675,0.128504133787011,0.14314351513178075
7.13333333333333,0.107679610570884,0.120051271556576,0.12269339552980606
7.15,0.113045861793117,0.120051271556576,0.11163670740980253
7.16666666666667,0.124941395564813,0.126082362180839,0.11467673596018632
7.18333333333333,0.109950678483357,0.126985576926391,0.11543483733658455
7.2,0.117612308093342,0.133946804886329,0.11692953194785612
7.21666666666667,0.113367599779119,0.119403851689876,0.11626341655103414
7.23333333333333,0.119903837437707,0.130609901327352,0.11699101317951338
7.25,0.129286334242168,-0.073581298845658,0.12075168504236422
7.26666666666667,-0.0786445007560999,-0.0684164595491609,0.09118205208436143
7.28333333333333,0.123351565406998,-0.0371365419923158,0.08805027509815108
7.3,-0.0754205062107204,-0.0814328562735518,0.06138791746619906
7.31666666666667,0.121388890582839,0.136080996280296,0.06897862583771565
7.33333333333333,0.122540362651797,0.136996907980145,0.08658653065928532
7.35,0.129125755397654,0.132722033949972,0.1066178538972638
7.36666666666667,0.334791856482543,0.182947643213132,0.17509817830839203
7.38333333333333,0.126003189465995,-0.0261520563847483,0.18899106517525402
7.4,-0.0689362157162286,-0.221714435341276,0.14743330512374372
7.41666666666667,-0.0711370961074344,-0.224539503912451,0.08772269630374341
7.43333333333333,0.1403964644491,-0.0184672412390078,0.07028082027604633
7.45,0.130640003057127,-0.0176136574563564,0.08157978382450896
7.46666666666667,0.137268858158617,0.149594775288953,0.11052217253369619
7.48333333333333,-0.0733498311852806,-0.222219864784007,0.09505580120943383
7.5,-0.0722658706994473,-0.221444539749668,0.06069231517879024
7.51666666666667,-0.0656999412421975,-0.0593307098179771,0.026381584357670004
7.53333333333333,0.143128069386215,-0.0176445292475428,0.043579856715600745
7.55,-0.0679164168552703,-0.213147608077211,0.042717369646943976
7.56666666666667,-0.0514163358182074,-0.213147608077211,0.03651870353356323
7.58333333333333,0.146660821502947,-0.0098808669588329,0.05964114392286162
7.6,0.1576852462091,0.20570883005985,0.09117316779072868
7.61666666666667,0.153355944463456,-0.0038172930060184,0.12435704869027878
7.63333333333333,0.347565502751265,0.19039226528179,0.19829357657677166
7.65,0.156920728542129,0.198953689467002,0.2133677808189618
7.66666666666667,0.36967307546461,0.206015939732922,0.26145801018114767
7.68333333333333,-0.0480782798366427,-0.212057502160845,0.20849982454985908
7.7,0.154954568454664,-0.0090246538695382,0.1733582309919341
7.71666666666667,0.316097625179789,0.157022290222886,0.19065020440529656
7.73333333333333,0.307511121497069,0.158902224711096,0.23013021072134354
7.75,-0.0447391434969838,-0.193966055712004,0.19513227392514865
7.76666666666667,0.170858578542145,0.0049401381935268,0.17677093127827975
7.78333333333333,0.166491252525882,0.0058222451910637,0.15407197320288735
7.8,-0.0589133694948686,0.0023312239116734,0.1068002071332996
7.81666666666667,0.330515620066857,0.15836451101292,0.1541597272155087
7.83333333333333,0.109250755083457,0.164571094939697,0.1591569602527737
7.85,-0.0523608959603628,0.160252110672636,0.12408255219823595
7.86666666666667,-0.0501189209312244,0.0049775681278255,0.07709652289833487
7.88333333333333,-0.0642471957073887,0.164041926188181,0.03101385742490049
7.9,0.109618372866323,0.164041926188181,0.03368650524179276
7.91666666666667,0.333841404897107,0.164992437233927,0.11980719169556975
7.93333333333333,0.106453920546266,0.171240353527136,0.15507871631284725
7.95,0.325158456357013,0.161600964341029,0.21781638779725584
7.96666666666667,0.336400904447045,0.166897142546569,0.26612856477544866
7.98333333333333,-0.0435079741088323,-0.0396164970451373,0.21354843905259085
8.0,0.156832865122721,0.160724342186416,0.1797932256319324
8.01666666666667,0.117876089494687,0.170721344883204,0.1419060575145509
8.03333333333333,0.119061637680577,0.17168048938177,0.12108850105610573
8.05,0.120248661873924,-0.0509616573124646,0.12029149888697357
8.06666666666667,-0.0368092422192568,-0.0448700913477161,0.09064062754720596
8.08333333333333,0.128193275665167,-0.0387633674304553,0.0871146487321854
8.1,0.128193275665167,-0.0387633674304553,0.09481750786640908
8.11666666666667,0.115058744195498,-0.0414013109458899,0.1062445358128116
8.13333333333333,0.127401942648785,0.173076289498725,0.11929552186031964
8.15,0.127401942648785,-0.0405312025384703,0.12530628635500157
8.16666666666667,0.353190437112337,-0.0291257561631653,0.18538971372835586
8.18333333333333,0.136599990903009,-0.0326396969133654,0.1972835037476948
8.2,-0.0277978936250129,-0.0379138528008951,0.1552012869556543
8.21666666666667,0.179155970087923,0.168781930969932,0.1398091243808759
8.23333333333333,0.344917618058211,0.180311048101373,0.17935768985613731
8.25,-0.0232577092389796,-0.0396959295701599,0.1544167382575423
8.26666666666667,0.148281649448774,-0.03882115053894,0.1532692984553249
8.28333333333333,0.143864522564956,-0.0326473583605967,0.14100513116092794
8.3,0.365706407016464,0.18321848672018,0.19131906994422454
8.31666666666667,0.15072245665708,-0.026458114177008,0.20691451591085486
8.33333333333333,0.192039043997902,0.195801652309989,0.21607796448019678
8.35,0.349639905077477,0.177441375915902,0.24758208517672192
8.36666666666667,0.20132007255177,0.193420756684471,0.24413646440598902
8.38333333333333,0.202559388492103,0.18906752179581,0.23715187247148556
8.4,0.142295925147268,-0.0255587632310707,0.20927099867053017
8.41666666666667,0.199439964859546,0.191027385147145,0.19151314901208955
8.43333333333333,0.200678845168024,0.197359725788566,0.1871142862251738
8.45,0.198786810818164,0.184247032582363,0.19260982657628217
8.46666666666667,0.193173935661928,0.194962495165022,0.1967260240198838
8.48333333333333,0.194408819847654,0.190584504194513,0.197595259333179
8.5,0.206896518702248,0.191567945692474,0.19958135628070345
8.51666666666667,0.372789050939314,-0.0191211826888519,0.24592789089411393
8.53333333333333,0.369724039201753,0.198918234871851,0.29756107202494186
8.55,-0.0171360471931223,-0.0219738731634777,0.24433463242286965
8.56666666666667,-0.0058540404309191,-0.243507601378219,0.15887679799022475
8.58333333333333,0.220073447408232,0.192101547858406,0.12907300526220364
8.6,0.214409274057528,0.192101547858406,0.1379887035772912
8.61666666666667,0.003303834250714,-0.0138748654879336,0.12092388098903215
8.63333333333333,0.216926114386887,0.199482006848118,0.14504586877614722
8.65,0.0113305201000387,-0.173322881065362,0.11008732885981111
8.66666666666667,0.215028360749504,0.0303749595841033,0.12482608916697573
8.68333333333333,0.216288720224123,0.208898783171251,0.15585513394623338
8.7,0.0091826654969814,-0.0038973581253891,0.13288528191425622
8.71666666666667,0.0172505573565878,-0.007497554621333,0.09500500392964793
8.73333333333333,0.225785046672533,0.0340564405581397,0.10821539150097303
8.75,0.231495992067553,0.0447862729562203,0.14307779414828625
8.76666666666667,0.238494588557432,0.0457195106737672,0.19164035408438596
8.78333333333333,0.225155802372446,0.199589078099224,0.22302068494932517
8.8,0.225155802372446,0.0485267993934784,0.23092856417000504
8.81666666666667,0.221971741821123,0.0396160739659933,0.22802829437146943
8.83333333333333,0.239183290912877,0.0450079091077661,0.22990386841925484
8.85,0.239183290912877,0.0612129390609056,0.23363240300304827
8.86666666666667,0.403651018460209,0.0468810066918905,0.2804750666278931
8.88333333333333,0.237290545253271,0.0586474839417463,0.2883972965435113
8.9,0.243048844425501,0.0478194594424529,0.2830883851742896
8.91666666666667,0.234101544593585,0.0551216180105371,0.2646146882133479
8.93333333333333,0.239865141624921,0.0551216180105371,0.24746011612947455
8.95,0.248225800417726,0.0515860160556819,0.24255129991065602
8.96666666666667,0.254010662167556,0.067894997165093,0.24692549795232716
8.98333333333333,0.250824136754606,0.0534769734178489,0.2504382486473802
9.0,0.250824136754606,0.0698158386016964,0.25242867434724664
9.01666666666667,0.237331357643103,0.0563230594901931,0.24929224088109977
9.03333333333333,0.248927783524616,0.0617793343553132,0.24809107653051943
9.05,0.250229030881874,0.0682019080175458,0.24833487428550707
9.06666666666667,0.251531932809772,0.0691645109964895,0.24996567564743782
9.08333333333333,0.258658851393792,0.0591807805832389,0.25376854706921326
9.1,0.25997045756061,0.0710936528818543,0.2572119259859651
9.11666666666667,0.25997045756061,0.0656122855755662,0.2596296170241803
9.13333333333333,0.26128373435482,0.0775516492356743,0.26141628714943616
9.15,0.258071361089117,0.0685007346932252,0.26145410312038664
9.16666666666667,0.260698814737198,0.0704329432838371,0.26164268907028915
9.18333333333333,0.260698814737198,0.0649313771867725,0.2618470149983666
9.2,0.256160265592097,0.0658943941387363,0.2609191519070799
9.21666666666667,0.269198640336227,0.0613520938569991,0.26324472618795736
9.23333333333333,0.0388433403876824,0.0623126710260486,0.2060145918677725
9.25,0.276400255424201,0.073341166962058,0.20203966856637595
9.26666666666667,0.26729685726721,0.0752866175253978,0.2134329123891174
9.28333333333333,0.262739505837612,0.0762613403646931,0.23632650396602278
9.3,0.0391538001051067,0.0671353093867424,0.19947923089841535
9.31666666666667,0.0391538001051067,0.0726724930152827,0.14091332696564046
9.33333333333333,0.256608547891994,0.295429224662494,0.13967481211942095
9.35,0.263717374651076,0.0698429837783799,0.1727693565678595
9.36666666666667,0.0531959444146359,0.0801736044921405,0.1654197561839649
9.38333333333333,0.265034757748366,0.0653564437806999,0.19216104556542946
9.4,0.267674584793798,0.294148691507398,0.21291730392250813
9.41666666666667,0.0523123108793953,-0.137495561770526,0.18057561905970937
9.43333333333333,0.274688696377548,-0.142087053017013,0.1974118772349551
9.45,0.0489511180087391,-0.152155424572549,0.1595375243107176
9.46666666666667,0.504769449431183,0.297363752507734,0.23595967603648504
9.48333333333333,0.284650672276069,0.076880297144929,0.28024765002622626
9.5,0.290604400700458,-0.128442850205333,0.30856271598747165
9.51666666666667,0.293311163496407,-0.137660261787374,0.31286225235342807
9.53333333333333,0.282731822754886,-0.136771101186517,0.29977841346261136
9.55,0.511983663790875,0.0750417768990602,0.34841516304056236
9.56666666666667,0.0622308351874757,0.0920400883442959,0.29722794063788055
9.58333333333333,0.508900433326018,0.0825087300595314,0.33685043885031773
9.6,0.276440393262334,0.3116253491591,0.32822326412813024
9.61666666666667,0.51778783324112,0.0844774705035405,0.37899862288500824
9.63333333333333,0.124169303191575,0.0844774705035405,0.33554040155133924
9.65,0.520700920008136,0.091991248624322,0.3683447802054122
9.66666666666667,0.0650932912153444,-0.135156570532606,0.2930228440375771
9.68333333333333,0.311599398460381,-0.135156570532606,0.2747861334437791
9.7,0.12344092064553,0.0884312673625459,0.2247488766141707
9.71666666666667,0.291740408543566,0.0904163631195288,0.22506136566982504
9.73333333333333,0.302297010219408,-0.122248775800583,0.24663846887030563
9.75,0.30358424149909,0.0959766874738889,0.2756829728133785
9.76666666666667,0.304948804475459,0.0914109689794472,0.29593050671527166
9.78333333333333,0.30310602675027,0.329398500219359,0.3051919095212422
9.8,-0.0874760397189611,-0.118606971938118,0.22663591928648807
9.81666666666667,0.126534102534944,0.0954031703157874,0.16924685906202105
9.83333333333333,0.133686698184179,0.101996298779766,0.13134842070664737
9.85,0.129097972115127,0.0974075727107142,0.11942376198588098
9.86666666666667,0.140857616140839,0.103004435694455,0.1282633135515716
9.88333333333333,0.320525529092253,0.098411858126471,0.1840972064506425
9.9,0.311328800046889,0.100424610010545,0.23768776292732502
9.91666666666667,0.134246024178793,0.107050985675499,0.23613618952213422
9.93333333333333,0.302116606686421,0.096825049385918,0.25209653378275276
9.95,0.0947576660700115,-0.116883349187756,0.20952346719688503
9.96666666666667,0.0960456972062751,-0.10470208018823,0.16413802313607959
9.98333333333333,0.310848449352236,-0.120392472350224,0.18490643890825859
10.0,-0.0754698614765211,-0.109410184683385,0.14465012172816205
10.0166666666667,0.110651063668288,-0.333548948992357,0.12676919537815307
10.0333333333333,0.146646706856047,0.112140869730769,0.12196469309625121
10.05,0.105935027484395,-0.33826498517625,0.1134373648498997
10.0666666666667,0.149259322409414,0.119847094405247,0.12457786874552824
10.0833333333333,0.144624056378397,0.109551484410142,0.1359922332156841
10.1,0.145929050542957,0.116238334825027,0.1415994266483647
10.1166666666667,0.48565288234465,0.282385708792576,0.23403553422499526
10.1333333333333,0.165119176048683,0.111595243336063,0.2530583125347492
10.15,0.160472164397316,0.123977388161009,0.24293627515687943
10.1666666666667,0.505261260128176,0.289166529728104,0.3005031793180936
10.1833333333333,0.161793706011868,-0.112146372195856,0.2796272077525499
10.2,0.503633519624228,0.0550993348284429,0.339576196964026
10.2166666666667,0.153795459347513,-0.109373717828444,0.3136262923960532
10.2333333333333,0.339644532235663,-0.103780129502632,0.3091764104458966
10.25,0.167097461371762,-0.108446816635995,0.2661870117253431
10.2666666666667,0.495915819527354,0.0580900419030861,0.3108859989083517
10.2833333333333,0.0960907181193463,0.0524911577890592,0.2727643641724733
10.3,0.324823577216668,-0.125138328365557,0.27965382891401286
10.3166666666667,0.498865078456889,0.298056364169012,0.3326282645274474
10.3333333333333,0.161724829078126,-0.0981665987609482,0.30974267490071694
10.35,0.173766967408191,0.134404571069518,0.2733352034068358
10.3666666666667,0.349563714600684,0.123978328307468,0.2728455464784768
10.3833333333333,0.338756206886468,-0.276431871441184,0.2829983782587714
10.4,0.17644723731671,0.130760890083116,0.2691642685751013
10.4166666666667,0.331814030325646,0.303661974962024,0.2851520676348791
10.4333333333333,-0.110409461614967,-0.150708326110158,0.2097971971513658
10.45,0.513883332854587,0.299030091969928,0.2600228837946642
10.4666666666667,0.352781532959818,0.305914969934224,0.3023788088912673
10.4833333333333,0.518373572977915,0.0691648822906359,0.3858141179698885
10.5,0.344914848728754,0.0645172266737823,0.4106614486432208
10.5166666666667,0.129046468017562,-0.32676805881142,0.3435744097845808
10.5333333333333,0.346333490624077,0.298874874673012,0.309627407332531
10.55,0.131708299294065,-0.149912303547451,0.2447742340448893
10.5666666666667,-0.101906830992313,-0.319493063511995,0.1621374460187327
10.5833333333333,0.126954151369416,-0.32984292522496,0.12414596327271694
10.6,0.133505101834695,-0.102024989214421,0.10777147052936792
10.6166666666667,0.542921284106779,0.0903052368567856,0.21981117253257865
10.6333333333333,0.13571452807112,-0.322560217216061,0.24995074638508732
10.65,0.141819863998023,-0.141437441062266,0.24129516610420165
10.6666666666667,0.120819984844076,-0.0982665873983585,0.1951316948301685
10.6833333333333,0.13282288855785,-0.0870162477593468,0.1511978251503483
10.7,-0.100557378411708,-0.138629396789066,0.09772495532548942
10.7166666666667,0.141081469605167,-0.143407931944049,0.09520217188356625
10.7333333333333,0.124782688874265,-0.0954333302421517,0.09995824701551578
10.75,0.126107159374092,-0.100124778355625,0.11213715321041823
10.7666666666667,-0.0787922533356941,-0.130075106588203,0.09061298683432079
10.7833333333333,0.13212887975918,0.0929069061961009,0.09163211632391535
10.8,0.374349771633128,-0.0822332706626071,0.16153378589446923
10.8166666666667,0.377257916672233,0.0845477284311613,0.249258975495951
10.8333333333333,0.131422973643168,0.0855849642163442,0.2616912129701233
10.85,-0.0858958744805747,-0.308381641082126,0.19690544487048411
10.8666666666667,0.555111904273997,0.0913352382009606,0.25125411044605345
10.8833333333333,-0.0785955358732849,-0.313188865917417,0.20174156147022235
10.9,-0.0834068803170261,-0.312329060494925,0.14752257637772007
10.9166666666667,-0.0834068803170261,-0.306652464059322,0.08291945548353552
10.9333333333333,0.146210962536459,-0.0660346427183747,0.06296701641724359
10.95,0.154990593271313,-0.0754779689665305,0.08438113659281174
10.9666666666667,-0.07483662605663,-0.299224985672975,0.08352669959802148
10.9833333333333,0.145531054094131,0.0918395456447293,0.09943951512171313
11.0,-0.0723219368162269,-0.120526949017336,0.07303359966863834
11.0166666666667,-0.0723219368162269,-0.114732292243259,0.04423319373290402
11.0333333333333,0.14823335912748,0.093936345655348,0.0606211140088398
11.05,0.384227899315125,-0.0830108933375932,0.15100888767809612
11.0666666666667,0.149587267040809,-0.0763305145980254,0.19127082718927674
11.0833333333333,0.144839182060009,-0.0696321760796437,0.20226857424701447
11.1,-0.0672714431778346,-0.11666780502372,0.14506695429208002
11.1166666666667,0.152300610439029,0.108721289702088,0.11604877691323248
11.1333333333333,-0.0818299488055089,-0.302783408597938,0.07379967688972626
11.15,0.15502134639344,-0.0666898617543154,0.08588830145121347
11.1666666666667,0.16251806316772,-0.0714543171296249,0.11146747353062379
11.1833333333333,-0.0573314262393779,-0.285555684810506,0.09472939867594524
11.2,0.157749501965264,-0.0704747566058643,0.1058740499651504
11.2166666666667,0.16388904293758,-0.0704747566058643,0.12085976925821665
11.2333333333333,-0.059642522488398,-0.294398164984824,0.09635345050044813
11.25,0.160485104340085,-0.0742705381563411,0.10730592391025477
11.2666666666667,0.174176738300174,-0.0675273837206291,0.12471128241467058
11.2833333333333,0.161855706608294,-0.0617569821137387,0.14235100580604698
11.3,0.161855706608294,-0.0559809902966485,0.1587375293528719
11.3166666666667,0.170772066856449,-0.0655551981624846,0.16708958641398627
11.3333333333333,0.176947628742575,-0.0597736080077865,0.1700767636999113
11.35,0.172154320753172,0.113580856669702,0.17240658423955219
11.3666666666667,0.17353846575757,0.11465697819717,0.1742987355687771
11.3833333333333,0.179726105083338,0.11465697819717,0.17649105808922871
11.4,0.168736866018407,-0.050983459818098,0.17532759850618598
11.4166666666667,0.176312442995521,-0.0557892135027195,0.1755638625021133
11.4333333333333,0.181118196680142,-0.050983459818098,0.17732598106207678
11.45,0.17770228220217,0.117894653709876,0.17838721831343718
11.4666666666667,0.185305927199192,-0.0537881482408416,0.181238406111698
11.4833333333333,0.185305927199192,-0.0537881482408416,0.18365946293059754
11.5,0.181883244180639,-0.0576078122298924,0.18444724523672162
11.5166666666667,0.183280724675663,-0.0566077453792957,0.18471524576678153
11.5333333333333,0.183280724675663,0.116319752521396,0.18463208414419122
11.55,0.183280724675663,-0.0566077453792957,0.1844430138254528
11.5666666666667,0.19715885810464,0.123321991616567,0.18818913750441257
11.5833333333333,0.186081446593264,-0.0487594387616255,0.18949624208999089
11.6,0.186081446593264,-0.0604411755990981,0.18969130275322446
11.6166666666667,0.192323875278839,-0.0429100288420045,0.19059239997100336
11.6333333333333,0.199987959286221,-0.041894093656429,0.1933739063112972
11.65,0.201405429890134,0.138488060644659,0.1971716183439461
11.6666666666667,0.185445179925636,-0.0505760438612121,0.19622581325688265
11.6833333333333,0.201405429890134,-0.0291378143143255,0.19742739732859826
11.7,-0.0400102449134337,-0.282292322299147,0.14612458529713424
11.7166666666667,0.424734701495731,0.187924443924248,0.19883097456809912
11.7333333333333,0.199390204767205,-0.0436932350344087,0.21681046907663382
11.75,0.200809315832662,-0.0426754633647036,0.22900543022960546
11.7666666666667,0.427768255177887,0.184283475980521,0.285494232101718
11.7833333333333,0.207094863145549,-0.0309021712191559,0.2809641775317291
11.8,0.202230383702916,-0.0298713624430079,0.26223501546801753
11.8166666666667,0.424518236097136,0.198317550883949,0.29629927371103015
11.8333333333333,0.430809979665627,0.192416489951212,0.34000914673295835
11.85,0.211382567958247,-0.0278051312829184,0.33077329173116576
11.8666666666667,0.451265086754034,0.193543537533345,0.3625323523355346
11.8833333333333,0.207934295826464,-0.0434706329534997,0.32535931452772116
11.9,0.203048581799845,-0.0365368730234152,0.2804570040114011
11.9166666666667,0.21568806495259,-0.0365368730234152,0.24631387220917422
11.9333333333333,0.204475224614674,-0.0414268506493109,0.2202460535069376
11.95,0.210798087326695,-0.0236541317386404,0.21038102395574
11.9666666666667,0.212232954759121,0.15187272792362,0.21131177654784136
11.9833333333333,0.218568329805365,-0.0404026674177068,0.21394970951698966
12.0,0.220011453366541,-0.0334469001319746,0.21701844815714022
12.0166666666667,0.213669808220694,-0.0215693157914039,0.21787568013603825
12.0333333333333,0.215108651402845,-0.0264721177551003,0.2177406799937574
12.05,0.215108651402845,-0.0264721177551003,0.21711223067958063
12.0666666666667,0.217992321737701,-0.0362905852806179,0.21742030380521166
12.0833333333333,0.217992321737701,-0.0362905852806179,0.21820561779980924
12.1,0.213076644920774,-0.0352587126564394,0.2176930970049785
12.1166666666667,0.219437156316404,-0.0114099318162282,0.21828035310079824
12.1333333333333,0.442866779852783,0.200083567390711,0.27738531665235905
12.15,0.227257131174156,-0.0282660358518527,0.2883819903202706
12.1666666666667,0.222332842926497,-0.0331903240995118,0.28058454782604403
12.1833333333333,0.233636593134965,0.170779285180606,0.260664590306261
12.2,0.223783702436058,-0.0202059179429582,0.23806880066120825
12.2166666666667,0.452333364373018,0.20236685971564,0.2874238017001194
12.2333333333333,0.44750060290557,0.203510982526554,0.3529664166858507
12.25,0.225236577748677,-0.0191560629846428,0.3507723700956249
12.2666666666667,0.225236577748677,-0.0251388402698311,0.31699421730812216
12.2833333333333,0.238027217854384,-0.0251388402698311,0.27317433142352876
12.3,0.239494831378448,-0.0121100423820032,0.2441906710826667
12.3166666666667,0.229607336158792,-0.0219975376016585,0.23553572296540237
12.3333333333333,0.229607336158792,-0.0039782187654566,0.23478547182769205
12.35,0.460119658058377,-0.0338826382380091,0.2931119134914351
12.3666666666667,0.471387021993259,0.212953803900133,0.363183833395538
12.3833333333333,0.237485930435531,-0.0089284775145301,0.3637567676503427
12.4,0.23895533397392,-0.0078647656040551,0.33172506831053883
12.4166666666667,0.456824998454206,0.210410590504144,0.34134952633429916
12.4333333333333,0.463249009127149,0.222453183002285,0.3739732442929015
12.45,0.471253703556727,0.2296570854967,0.4232543018712962
12.4666666666667,0.476116246574843,0.222453183002285,0.4609893215813906
12.4833333333333,0.479279806416864,0.218754056698356,0.47586416252361374
12.5,0.469533312939107,0.209007563220599,0.4770349490921251
12.5166666666667,0.236932602334115,-0.0167304612384427,0.4153947806934706
12.5333333333333,0.475989430434617,0.221085961825071,0.4067907629916115
12.55,0.464653628128944,0.210164087220631,0.41443629686868355
12.5666666666667,0.471109745624454,0.210164087220631,0.43855175814867764
12.5833333333333,0.241352331161226,-0.0075029577761696,0.4029776985131624
12.6,0.472688328942581,0.205280102799288,0.40541645425879264
12.6166666666667,0.472688328942581,0.229484836907109,0.4162673576915075
12.6333333333333,0.467800039224816,-0.0185907974709416,0.4399666987306683
12.65,0.469376466170176,0.219703946479878,0.4631825788216971
12.6666666666667,0.480744564140561,-0.012645315080335,0.47553824887624735
12.6833333333333,0.250784615498282,0.0007028013923019,0.4187082156578693
12.7,0.482333940008242,0.225770149325115,0.4136113700193246
12.7166666666667,0.482333940008242,0.225770149325115,0.42570782415587194
12.7333333333333,0.482333940008242,-0.0115865276822781,0.45092549930536047
12.75,0.490420452642513,0.23302372348141,0.47729947984041027
12.7666666666667,0.480613644866793,-0.0203329502363488,0.48735287336036986
12.7833333333333,0.480613644866793,-0.0203329502363488,0.4865457732035736
12.8,0.482205216017754,0.218307013875368,0.48569811197587387
12.8166666666667,0.482205216017754,0.224391320575682,0.48504088417338465
12.8333333333333,0.483798965901112,-0.018224709395755,0.48546074180936816
12.85,0.300858304534034,0.237766351175397,0.4384150292275946
12.8666666666667,0.490313485393535,0.237766351175397,0.43394660464734736
12.8833333333333,0.302362483406048,-0.0111871479346561,0.39496728168883194
12.9,0.0845557232941537,-0.229878803342739,0.30335925911718853
12.9166666666667,0.498443561361898,0.24507099626079,0.3187721353975129
12.9333333333333,0.315227362216149,0.238956335863826,0.3190228734806669
12.95,0.310304424250153,-0.0041301023867397,0.32790364585905807
12.9666666666667,0.488593328512363,-0.0090573972702799,0.3781679973584592
12.9833333333333,0.485259807851254,0.237600703632404,0.4201383948215279
13.0,0.504901742072031,0.231473838124378,0.46091692857768346
13.0166666666667,0.495127491527323,-0.0030584450181855,0.4895983861221293
13.0333333333333,0.498347846552404,0.237600703632404,0.49992596924488825
13.05,0.499961341675671,0.238793285007726,0.5016401769685632
13.0666666666667,0.499961341675671,0.238793285007726,0.5023425126020806
13.0833333333333,0.322844556683693,0.0061892254770228,0.45666104964277887
13.1,0.495016561154065,-0.0168063717759956,0.44929190682983255
13.1166666666667,0.317899776162087,0.246132853491159,0.4092769643731223
13.1333333333333,0.317899776162087,0.0012444449554166,0.3740807045534398
13.15,0.271807239771611,-0.229063499557436,0.3347446714009418
13.1666666666667,0.319425215541131,0.253492611271787,0.3146485666240749
13.1833333333333,0.498241429524913,0.0034056907540865,0.3559272162855252
13.2,0.504815147069586,0.242381514365726,0.41603495599721396
13.2166666666667,0.511395491942979,0.0094467309429241,0.4702645338322954
13.2333333333333,0.49985719116485,0.249744798004946,0.49955955791512935
13.25,0.274844368036702,-0.233145433152191,0.44804329206701804
13.2666666666667,0.322482495304262,0.0105358639285832,0.3919414833743631
13.2833333333333,0.49650840786541,0.252161595465931,0.39280538029461753
13.3,0.504717835710176,0.001688698419926,0.42483097725723135
13.3166666666667,0.516289306830325,0.245985542253275,0.47171960969969473
13.3333333333333,0.33205566188557,0.000606735755749,0.4571148117356379
13.35,0.511318122813442,0.001688698419926,0.4609284760591824
13.3666666666667,0.341670330435608,0.254585492282662,0.42528150950157906
13.3833333333333,0.335143254255694,0.0088375964478217,0.39187053743962336
13.4,0.526183424776374,0.0088375964478217,0.4151278658835756
13.4166666666667,0.335143254255694,0.254585492282662,0.4030883637102535
13.4333333333333,0.348204010223615,0.0088375964478217,0.38987111025347443
13.45,0.514583072459767,0.249605460091394,0.4165990621124197
13.4666666666667,0.33170583310455,0.0110219429867968,0.40174518195311726
13.4833333333333,0.521203392585105,0.0220899807368959,0.4327460423890699
13.5,0.516218927445316,0.0171055155971061,0.46651272760996776
13.5166666666667,0.51785704150611,0.0182062969070564,0.4938141208808182
13.5333333333333,0.51785704150611,0.0121166115872064,0.5131519533437977
13.55,0.524490767692014,0.0182062969070564,0.5228974200741602
13.5666666666667,0.339790902305381,0.0243021041540466,0.47675194103525875
13.5833333333333,0.519497418879879,0.0132129480949217,0.47045600826041295
13.6,0.339790902305381,0.0182062969070564,0.4310015620394133
13.6166666666667,0.539438948136868,0.0193087553419119,0.4482753523262932
13.6333333333333,0.517778261649895,-0.0017938266350448,0.47481325643788247
13.65,0.526081646610807,0.0115008102962612,0.5024546617532485
13.6666666666667,0.531092834165103,0.0226262263702978,0.5225094488582265
13.6833333333333,0.537760254197885,0.0165119978505572,0.5334343672408279
13.7,0.34601829004586,0.0226262263702978,0.4870542278302583
13.7166666666667,0.34758061519994,0.0237354263192138,0.4332660654245749
13.7333333333333,0.354160802131099,0.0237354263192138,0.38791025726440803
13.75,0.349145139954792,0.0187197641429073,0.3607638101117139
13.7666666666667,0.360747673454919,0.0298619821166852,0.35569520669736476
13.7833333333333,0.360747673454919,0.0298619821166852,0.35882845562477067
13.8,0.344124997160533,0.27306968623023,0.35701393213066424
13.8166666666667,0.355732011278612,0.0248463199403787,0.35662853601821387
13.8333333333333,0.350711868484353,-0.227160076010672,0.3550011306420071
13.85,0.350711868484353,0.0259589105674181,0.35401291866284496
13.8666666666667,0.542756180465919,0.0259589105674181,0.403788411149838
13.8833333333333,0.527668808255142,0.0108715383566405,0.45675530902523864
13.9,0.0899122753077357,0.0058334129164791,0.38673951464721346
13.9166666666667,0.355425318610167,0.0231555754831504,0.35054971316853767
13.9333333333333,0.541064739776552,0.0231555754831504,0.37275510865869155
13.95,0.109355700507865,0.278036433919884,0.3172128377125272
13.9666666666667,0.35700090417747,-0.229242747693454,0.32082321776109074
13.9833333333333,0.527130520693586,0.200555926607205,0.3682027134775792
14.0,0.358578714539064,0.0315474360364568,0.3819381174728443
14.0166666666667,0.533750967254235,0.206719688751627,0.4385535262895762
14.0333333333333,0.535974027874196,0.0163924022255742,0.48446400526745703
14.05,0.117308367297628,0.0377174321790733,0.4030502843690156
14.0666666666667,0.525458696325629,0.197970221557105,0.4042291274382173
14.0833333333333,0.36015875392905,0.0450290113088407,0.3839685616960241
14.1,0.361741026591649,0.027618603251014,0.37699218011741886
14.1166666666667,0.538733359970162,0.191800225414488,0.42366563780257627
14.1333333333333,0.368381741664071,0.0337948428541587,0.4256230137482162
14.15,0.363325536781248,0.0349211305165056,0.41168859646170325
14.1666666666667,0.368381741664071,0.28808882959229,0.3944548534053401
14.1833333333333,0.120231351278013,0.0399773353993289,0.31251534508586465
14.2,0.562930125970465,-0.213190363676453,0.34722672020656475
14.2166666666667,0.128223550424922,0.0535062209075633,0.30284522160130983
14.2333333333333,0.373162363614939,-0.223316384746047,0.3134673670903974
14.25,0.373162363614939,0.0433801998379693,0.3305500369233003
14.2666666666667,0.368092535208816,0.0197252810407889,0.34646311180863143
14.2833333333333,0.368092535208816,0.0259140360286942,0.3622556817510968
14.3,0.554490511539835,0.0445179709449839,0.4203059411568091
14.3166666666667,0.37636074161972,-0.203083580347039,0.4285958740156437
14.3333333333333,0.121028395815637,0.0456574892785284,0.35625477547011464
14.35,0.371281800252276,-0.214250251304777,0.32789867177899995
14.3666666666667,0.364607096886957,0.0405785479110847,0.3173938173874976
14.3833333333333,0.371281800252276,0.0405785479110847,0.3350004191040337
14.4,0.129051285655042,0.0405785479110847,0.29795626428651156
14.4166666666667,0.372879825518389,0.0354950408462145,0.3012025205661166
14.4333333333333,0.130528752814613,0.0417152512340472,0.2497132744368161
14.45,0.372879825518389,0.047941781474956,0.26716166228259086
14.4666666666667,0.381175340119493,0.0428537025534155,0.30529423650612375
14.4833333333333,0.581653191221623,-0.212240196001138,0.39636560665400783
14.5,0.370985442013978,0.0264372742069916,0.4285132438671168
14.5166666666667,0.381175340119493,0.0428537025534155,0.4313728706532043
14.5333333333333,0.13200836760037,0.0490865622839244,0.34610864093797605
14.55,0.134974056691258,-0.210223686672727,0.25294601496013697
14.5666666666667,0.384396477505457,-0.19799243749108,0.24773823266145406
14.5833333333333,0.134974056691258,0.0576333169672033,0.22096453303926775
14.6,0.317680322432219,0.227499762284651,0.24728160885959238
14.6166666666667,0.562208135433893,0.222477233807875,0.3390772229158643
14.6333333333333,0.143054814472948,-0.196969305092456,0.32287789929112065
14.65,0.394356409625693,-0.189807079020456,0.3422507644558572
14.6666666666667,0.144549832776426,0.053683331693513,0.28948633994706396
14.6833333333333,0.394356409625693,0.0599479841078399,0.29286839237981965
14.7,0.389245378643309,0.0485723007111297,0.3211214357139465
14.7166666666667,0.382515748750568,0.0485723007111297,0.3553344378293548
14.7333333333333,0.139438801794042,-0.201055561352918,0.3147460513193624
14.75,0.389245378643309,-0.188774400630513,0.3161952258448966
14.7666666666667,0.555525065707202,0.214851987775022,0.3708292061132649
14.7833333333333,0.555525065707202,0.221116640189349,0.4473704504286209
14.8,0.390866281962445,-0.200033750031004,0.4731539395961625
14.8166666666667,0.397609749423233,0.0559923532338125,0.46164848263365316
14.8333333333333,0.142426155152034,0.0508720979225103,0.36259081375059576
14.85,0.392489494111931,0.0508720979225103,0.3292033261507131
14.8666666666667,0.150551737840064,-0.197985195842142,0.26925444747083155
14.8833333333333,0.387364617268874,0.052024658712957,0.28501528331287135
14.9,0.327146981541501,-0.021389952140705,0.30408449529673487
14.9166666666667,0.567363506142827,0.231089904536476,0.3841151784702123
14.9333333333333,0.323678336795692,0.237386593509525,0.40125386891153947
14.95,0.141784775553864,0.055493032267696,0.34394074267274793
14.9666666666667,0.575840179411898,-0.0180653260632603,0.3740400880414109
14.9833333333333,0.325261729501047,0.226031002887927,0.36589634203362403
15.0,0.143283644225436,0.056652732354646,0.3165699247941407
15.0166666666667,0.148427069907766,-0.188724842136384,0.2565395014033771
15.0333333333333,0.399005519818618,-0.182543382841799,0.2589679520531306
15.05,0.582618428093285,-0.0057087232485187,0.3446711750259625
15.0666666666667,0.156588778005383,0.0629623047952315,0.34456627696346764
15.0833333333333,0.579272132564359,0.234808857331126,0.412245639610863
15.1,0.151440699378423,0.0641302551754556,0.35632966253165826
15.1166666666667,0.592863615850757,0.24112488633831,0.3966471525070604
15.1333333333333,0.402277501401505,-0.192834887151089,0.41345981799087084
15.15,0.335098191160685,0.24112488633831,0.4065208571371738
15.1666666666667,0.146287961490125,0.0653000127764891,0.33556858738348705
15.1833333333333,0.410716246799605,-0.197987625039386,0.3223442609113249
15.2,0.336695284914768,0.242374738310664,0.31542068411196766
15.2166666666667,0.405558843321816,-0.19076312380739,0.34747239806537894
15.2333333333333,0.34497819545531,0.237297501726313,0.3643403087456182
15.25,0.174513734250515,0.0664715812060486,0.32003050980469244
15.2666666666667,0.419178410779232,0.0664715812060486,0.3248188581016815
15.2833333333333,0.586165025860422,0.246135609201313,0.3917023194774028
15.3,0.567454405124822,-0.0102470936260396,0.47072656226384113
15.3166666666667,0.592985368369121,0.258839047527966,0.5430908796418152
15.3333333333333,0.33640929605352,-0.0040275354065634,0.5146021513258556
15.35,0.41049848586399,0.0636487266961808,0.46887359839602816
15.3666666666667,0.343106646666077,0.0021984068665716,0.4110383278259061
15.3833333333333,0.160534688092186,0.0584725973492382,0.32527597942185127
15.4,0.172415098181252,-0.181423364633511,0.25652191986706185
15.4166666666667,0.417325882119506,0.0763521650228341,0.2706845791056096
15.4333333333333,0.344715256030383,0.248652322871965,0.2974220388377917
15.45,0.596460500919346,0.242297345525812,0.39746285038195467
15.4666666666667,0.33961496026645,0.243552027108032,0.42379878305877366
15.4833333333333,0.332910679524327,-0.007997560275178,0.40973961018887395
15.5,0.156872611534884,-0.121587884102541,0.3308261085775499
15.5166666666667,0.413803386973595,0.0723567126762426,0.3166704119667856
15.5333333333333,0.163583833168642,0.0671711821264949,0.27082913812285997
15.55,0.420644923590533,-0.110131288571709,0.3022624759037026
15.5666666666667,0.170302006478401,0.0671711821264949,0.28022688692496966
15.5833333333333,0.165111765719629,0.0619809413677224,0.24385378088554624
15.6,0.34282986532075,0.0823598676993008,0.2521561998534273
15.6166666666667,0.165111765719629,-0.101655144038411,0.23139213858270408
15.6333333333333,0.363026203485259,0.0634885515506902,0.2636442925636182
15.65,0.1785690106164,-0.101655144038411,0.2552813295034051
15.6666666666667,0.346054047060264,0.0658298924054527,0.27587410409037505
15.6833333333333,0.415237278387014,-0.129828595845289,0.3184232551824049
15.7,0.422107227834709,-0.110957279696679,0.3646351176500737
15.7166666666667,0.352793140328002,0.242208604779336,0.38308025448492655
15.7333333333333,0.347669627935917,0.0670032921499583,0.38053071977458963
15.75,0.176455144394578,0.07828766116575,0.32094749668431033
15.7666666666667,0.347669627935917,0.0670032921499583,0.30330088690892243
15.7833333333333,0.349287541503534,0.0618751174122764,0.30723968068061025
15.8,0.435868530428984,0.07828766116575,0.34806781950134724
15.8166666666667,0.435868530428984,-0.104653880802523,0.39210175432181316
15.8333333333333,0.425445496164438,-0.121380313961225,0.41921234412732333
15.85,0.177999092716389,-0.103553131039898,0.36452811627802273
15.8666666666667,0.356040635743095,0.257520932409491,0.33867746388558045
15.8833333333333,-0.0732462406251443,-0.115076915067068,0.23426354662954424
15.9,0.167566567114514,-0.113985656641773,0.18015185106115425
15.9166666666667,0.347388184822313,0.261350617151825,0.20172494906915855
15.9333333333333,0.432336871550688,-0.10245061687076,0.27486780045898784
15.95,0.179545315462773,0.0870870512662634,0.2891463891002824
15.9666666666667,0.364435042274918,0.271630335715575,0.3179704820648927
15.9833333333333,0.607078280554205,0.248515841782305,0.39245197769125384
16.0,0.201437510299533,-0.0886809047599364,0.3720848412483885
16.0166666666667,0.181093817096549,-0.0886809047599364,0.3242822120097699
16.0333333333333,0.366071701382996,0.260072120648282,0.3075083974021031
16.05,0.360929501360517,0.0717151719103448,0.3064958115948452
16.0666666666667,0.360929501360517,0.0717151719103448,0.33109731549812577
16.0833333333333,0.350631031253042,0.074082131747209,0.3535622832919615
16.1,0.350631031253042,0.0804246625142966,0.35785858017128525
16.1166666666667,0.449532097657147,0.095927004991217,0.380828851537361
16.1333333333333,0.439071020126924,-0.104365374944573,0.40597482574293714
16.15,0.182644602091483,0.108814886068149,0.3607113247108822
16.1666666666667,0.185753040114896,0.0854659274609944,0.2973530912878819
16.1833333333333,0.439071020126924,0.0854659274609944,0.30190785288804056
16.2,0.617518526818706,0.074082131747209,0.38600413559735813
16.2166666666667,0.619289552580169,0.0752683795906343,0.4930666110298109
16.2333333333333,0.435518151495507,0.0814263612842268,0.5288687789855641
16.25,0.187310702145968,-0.109603072861766,0.4476437569646058
16.2666666666667,0.18887066554347,-0.102153933332565,0.3356621032392436
16.2833333333333,0.367481076545871,0.0828121334002375,0.29233718856647956
16.3,0.374290613270836,0.0764564776698364,0.30264941909090526
16.3166666666667,0.372642066628132,0.265197762368889,0.33891357215577733
16.3333333333333,0.442452680560259,-0.102153933332565,0.38487691765117993
16.35,0.367481076545871,0.0828121334002375,0.3945876806845077
16.3666666666667,0.374290613270836,0.0764564776698364,0.3919433053467075
16.3833333333333,0.62106309156266,0.0891743668952053,0.4496115278462352
16.4,0.62106309156266,0.272937981290224,0.5166096281399221
16.4166666666667,-0.0699586169053148,-0.0946833115391911,0.41516992649090045
16.4333333333333,0.363954485824051,0.262601853843439,0.36236993727817257
16.45,0.622839148612173,0.0776464297107097,0.3910043332392066
16.4666666666667,0.629788152343721,0.0840086632056774,0.47013741723396935
16.4833333333333,0.116924526573055,0.0788382394484209,0.4310044618002511
16.5,0.363954485824051,0.0724760059534532,0.3990557188074533
16.5166666666667,0.382765309249315,0.103134932551268,0.3594992642083287
16.5333333333333,0.631573986652398,0.0852070609246937,0.4169987976411579
16.55,0.370771127579762,0.0852070609246937,0.44188529316134817
16.5666666666667,0.377594885492059,0.104353155726605,0.4430187440746167
16.5833333333333,0.372419735194796,0.0800319106274308,0.41521003949081015
16.6,0.365595977282499,0.0800319106274308,0.38579296950783604
16.6166666666667,0.610893503080327,0.318505678512962,0.43596756019118293
16.6333333333333,0.198821272477339,-0.0808091042207082,0.39914473892293323
16.65,0.193564409280647,-0.0860659674174002,0.33635447000709373
16.6666666666667,0.372419735194796,0.0927893584967485,0.3127683462625126
16.6833333333333,0.363696745380501,0.0644780355951973,0.31196778964599015
16.7,0.626398836355135,0.0800319106274308,0.404474878552782
16.7166666666667,0.372419735194796,0.0991780054293422,0.4403858951135562
16.7333333333333,0.362055229031971,0.0824248523339236,0.4356514347259536
16.75,0.200395294498586,0.104454032578366,0.36442750971919885
16.7666666666667,0.363696745380501,0.0772354834645149,0.3301849729584141
16.7833333333333,0.36888611424991,0.0824248523339236,0.3262457530483847
16.8,0.617808485088762,0.0836241303971086,0.4097054381957803
16.8166666666667,0.382569311315569,0.0888134992665172,0.44080085902224797
16.8333333333333,0.184595831965843,-0.101865429950143,0.39051118531435036
16.85,0.363696745380501,0.0900194063902134,0.35578256722500146
16.8666666666667,0.133275253218228,-0.154085282837718,0.274576331174729
16.8833333333333,0.205131363294108,0.0951420104874835,0.23062029741099677
16.9,0.363696745380501,0.0900194063902134,0.25253090643956677
16.9166666666667,0.198279029031502,-0.089081507024445,0.24842927050956665
16.9333333333333,0.379038155291616,0.0784300089799579,0.2872514761172905
16.95,0.37737994244616,0.0964213217669595,0.3252434695598442
16.9666666666667,0.372185821029009,0.269048802484991,0.35185590816115586
16.9833333333333,0.379038155291616,0.0848252849730628,0.3712698309893783
17.0,0.372185821029009,0.269048802484991,0.37786321650491433
17.0166666666667,0.205131363294108,0.108137096569239,0.3331615820307775
17.0333333333333,0.379038155291616,0.0912272003498089,0.3279420701266922
17.05,0.392764351489659,0.0848252849730628,0.3399651527403174
17.0666666666667,0.373839274794988,0.27034409400198,0.35828979662382254
17.0833333333333,0.140127587480835,-0.154085282837718,0.3136517595807921
17.1,0.140127587480835,0.0366324066878271,0.24900062555908903
17.1166666666667,0.633548643181009,0.0848252849730628,0.31601709153560675
17.1333333333333,0.635342463381527,0.0924368849581597,0.42763169296379067
17.15,0.140127587480835,-0.141274802355993,0.41419670089558847
17.1666666666667,0.380698781193141,0.0796264044764349,0.4033965502253262
17.1833333333333,0.134819256868487,-0.15299169807332,0.30697963025132585
17.2,0.14167876326664,-0.146583132968342,0.22343241966134553
17.2166666666667,0.380698781193141,0.0796264044764349,0.239127495897501
17.2333333333333,0.379038155291616,0.0912272003498089,0.285483606110301
17.25,0.380698781193141,0.086028319853181,0.3364908190452335
17.2666666666667,0.134819256868487,-0.146583132968342,0.30812978196890717
17.2833333333333,0.38932974475788,-0.146583132968342,0.3121183816025603
17.3,0.14167876326664,-0.159393613450067,0.2609349816084816
17.3166666666667,0.635342463381527,0.086028319853181,0.3442952662022447
17.3333333333333,0.380698781193141,0.086028319853181,0.3886290415070124
17.35,0.380698781193141,0.0796264044764349,0.4129218472289805
17.3666666666667,0.375495135073319,0.080824673733359,0.40931376019906274
17.3833333333333,0.637138840844117,0.080824673733359,0.45988958166469485
17.4,0.38236182487321,0.0872332388383377,0.4588262864645731
17.4166666666667,0.136365566702192,0.03901946020639,0.38452197294872914
17.4333333333333,0.375495135073319,0.080824673733359,0.3475853085793302
17.45,0.380698781193141,0.0924368849581597,0.3312533968577673
17.4666666666667,-0.106231562904382,-0.140167907769048,0.2466597152164401
17.4833333333333,0.375495135073319,0.278149028577518,0.2573097111290292
17.5,0.14167876326664,-0.15299169807332,0.22231708683801735
17.5166666666667,0.380698781193141,0.0988521101574534,0.25431220463818555
17.5333333333333,0.14167876326664,-0.146583132968342,0.2424731759309898
17.55,0.14167876326664,-0.146583132968342,0.21407390347821628
17.5666666666667,0.14167876326664,-0.15299169807332,0.1785557572117058
17.5833333333333,0.373839274794988,0.086028319853181,0.2141148948467452
17.6,0.635342463381527,0.0796264044764349,0.3407395306461889
17.6166666666667,0.403322469037438,-0.146583132968342,0.4170492698285615
17.6333333333333,0.14854545306653,0.0313240760754788,0.3826580301210896
17.65,0.14854545306653,-0.146583132968342,0.29708077804251
17.6666666666667,0.146987093878988,-0.147683367460972,0.2089751936629208
17.6833333333333,0.134819256868487,0.0443326567708382,0.15717234915598516
17.7,0.635342463381527,0.086028319853181,0.2723726912962269
17.7166666666667,0.146987093878988,0.043133320755966,0.29051581137434535
17.7333333333333,0.14167876326664,-0.146583132968342,0.2694085328988095
17.75,0.401630776067374,0.0366324066878271,0.2851241920395105
17.7666666666667,0.385897661689769,0.288551555193968,0.3065088058151743
17.7833333333333,0.146987093878988,-0.147683367460972,0.28348188478701775
17.8,0.379038155291616,0.0848252849730628,0.3072285987007904
17.8166666666667,0.211990869692261,-0.0826795916476989,0.28105114418502397
17.8333333333333,0.379038155291616,0.0784300089799579,0.29781357549930143
17.85,0.459641851183501,-0.089081507024445,0.3499074774919854
17.8666666666667,0.205131363294108,-0.089081507024445,0.33535245768217165
17.8833333333333,0.394638075370228,-0.154085282837718,0.3471745814368314
17.9,0.39109178310692,0.0964213217669595,0.35711467106397576
17.9166666666667,0.45265646188667,-0.0826795916476989,0.3860453632263302
17.9333333333333,0.384232276708767,0.0900194063902134,0.40262129635665883
17.95,0.203550335304111,-0.0774082853750897,0.35858532236767576
17.9666666666667,0.210402669566717,0.100413316760093,0.2983321985481989
17.9833333333333,0.203550335304111,-0.0902054767449407,0.24509636250253625
18.0,0.203550335304111,-0.0838102007518358,0.21494157097513078
18.0166666666667,0.203550335304111,-0.0902054767449407,0.20614439271451204
18.0333333333333,0.398108967775656,0.0979645087940113,0.2561946940109896
18.05,0.200395294498586,0.117435645033844,0.2621891798867596
18.0666666666667,0.200395294498586,-0.0860659674174002,0.25297162699751735
18.0833333333333,0.200395294498586,0.104454032578366,0.2315164776430222
18.1,0.200395294498586,0.104454032578366,0.2106933790766149
18.1166666666667,0.200395294498586,-0.0860659674174002,0.20200133288667624
18.1333333333333,0.447543510440987,-0.0988234152867179,0.2663685352274583
18.15,0.377594885492059,0.288484508789778,0.3216692652194649
18.1666666666667,0.198821272477339,-0.0808091042207082,0.31711927080585167
18.1833333333333,0.19724957659215,0.102008229811159,0.2824914534490458
18.2,0.19724957659215,0.102008229811159,0.23706804088789313
18.2166666666667,0.19724957659215,-0.0883144900629183,0.2070845144681609
18.2333333333333,0.381107255026546,0.0891743668952053,0.24684869974502413
18.25,0.190432934836439,-0.0946833115391911,0.2516747707861684
18.2666666666667,0.195680202268434,-0.089436044107196,0.243152974849206
18.2833333333333,0.18887066554347,0.0943275702878225,0.22168604745400466
18.3,0.194113144942819,0.099570049687172,0.20219653235112026
18.3166666666667,0.447695159959608,0.106030668236183,0.260523392706843
18.3333333333333,0.452932857876802,-0.085318100285621,0.3378053977105
18.35,0.187310702145968,0.0931161106207327,0.3350501286368699
18.3666666666667,0.364200546806678,0.270354045292552,0.34152461466978246
18.3833333333333,0.44599832881205,-0.0916737560160222,0.3599508092459627
18.4,0.192548400063161,0.0854659274609944,0.32397520023171095
18.4166666666667,0.449532097657147,-0.0875617666472628,0.35089743846302723
18.4333333333333,0.456459406342272,0.102367616130992,0.38451256425094277
18.45,0.449532097657147,0.095927004991217,0.41612893479837754
18.4666666666667,0.371209219924267,0.271630335715575,0.4224005679782721
18.4833333333333,0.206656147554613,0.106369034900711,0.3668650429614543
18.5,0.371209219924267,0.265209639189553,0.3402441535920421
18.5166666666667,0.439235411194665,-0.0961276974491952,0.35307272076881
18.5333333333333,0.437550759897483,-0.0909138091024005,0.38676537152663026
18.55,0.191526342698423,-0.0972367285239656,0.35662081076488683
18.5666666666667,0.184759203809568,0.0923009396130581,0.2986149578531852
18.5833333333333,0.435868530428984,-0.104653880802523,0.30238258240186194
18.6,0.361168810480777,0.269056578533948,0.31921633460159204
18.6166666666667,0.435868530428984,0.0846885353005362,0.3684595801508117
18.6333333333333,0.437706275629568,0.100287583095395,0.40911478219538944
18.65,0.623585590915624,-0.105752869740509,0.4771928844838184
18.6666666666667,0.190498344642911,0.099076949719381,0.4278445676915986
18.6833333333333,0.183759251375172,0.0926826626528424,0.3481135938176675
18.7,0.436026566940645,-0.0964649032796387,0.3294377216887163
18.7166666666667,0.427493546867471,0.09786819320259,0.34430904353189884
18.7333333333333,0.420644923590533,0.0723567126762426,0.3839970854859333
18.75,0.16876936371839,0.0787247528889921,0.3512379744244838
18.7666666666667,0.418984213723273,0.0775375394259207,0.3497520681043694
18.7833333333333,0.431001879687154,-0.175197422360376,0.3618765751424075
18.8,0.170882255769074,0.087885107102808,0.323486311256777
18.8166666666667,0.606037180629791,0.0763521650228341,0.388721575819272
18.8333333333333,0.170882255769074,0.0751686260066258,0.35125900379901265
18.85,0.425998753287931,0.0918524324467761,0.3611145105807027
18.8666666666667,0.174513734250515,0.0791489941201227,0.31392976758649427
18.8833333333333,0.424335814257021,0.0716289846838372,0.323688890743141
18.9,0.415868984687902,-0.180452982441305,0.35047297329063853
18.9166666666667,0.410716246799605,0.0653000127764891,0.38393359073954353
18.9333333333333,0.156588778005383,0.0756008292917464,0.34004135483278686
18.95,0.163251638624791,0.0756008292917464,0.2746692465785284
18.9666666666667,0.419361242264559,0.0744217594847456,0.27776142983275554
18.9833333333333,0.412569005710795,0.0681057304775614,0.31576467548795695
19.0,0.602341779627049,0.0835081528528555,0.41812760341011956
19.0166666666667,0.414407942193912,0.07719858041227,0.4621586554511512
19.0333333333333,0.419532819036969,0.0823234572553268,0.46624782922867486
19.05,0.142426155152034,0.0823234572553268,0.3756540501378751
19.0666666666667,0.397609749423233,0.312279645422419,0.3415674674051705
19.0833333333333,0.590272893671322,0.0673854308954802,0.3896936824777699
19.1,0.576600311280259,0.0611079932619766,0.4673326666130123
19.1166666666667,0.586817770425377,-0.178556941485395,0.5406768469154488
19.1333333333333,0.399462837788428,0.0650544122705746,0.531149395432394
19.15,0.397835039453675,0.0638915914142366,0.48427320847262906
19.1666666666667,0.571463293116108,0.0638915914142366,0.48234492004966956
19.1833333333333,0.394586375610972,-0.187802539385565,0.46002411977273544
19.2,0.573138648430378,0.0666593877794774,0.4896327245614407
19.2166666666667,0.384651704365456,0.0592581482703352,0.47422747891363604
19.2333333333333,0.569726309146866,0.0581042299072699,0.49325186080423217
19.25,0.569726309146866,0.0456574892785284,0.5190304444459126
19.2666666666667,0.386504951844049,0.298202698415221,0.4982204341451686
19.2833333333333,0.124631728506914,0.298202698415221,0.39464441610618944
19.3,0.569686361015552,0.0659277205724514,0.39442334021273795
19.3166666666667,0.318717141594005,-0.190706763468897,0.3674334420841724
19.3333333333333,0.368381741664071,0.0585624257903866,0.37200791454864174
19.35,0.366792702501161,0.0450290113088407,0.3770111987732844
19.3666666666667,0.557857780951074,0.0377174321790733,0.42128171867077435
19.3833333333333,0.370248543146653,0.290620623847267,0.4252027569041379
19.4,0.368659476178281,0.04779819381829,0.41956652766212793
19.4166666666667,0.557835675161749,0.0516909404675843,0.44907328147902903
19.4333333333333,0.542756180465919,0.0382429476939279,0.48150587286149077
19.45,0.36734123936195,0.0482787526644934,0.4708966621310976
19.4666666666667,0.30658986793731,-0.196838672769899,0.42706231650078846
19.4833333333333,0.544434443799489,0.281859422827775,0.43252553543861566
19.5,0.325445358573999,0.0632935743343893,0.40397704292707926
19.5166666666667,0.546099608895069,0.284370585357554,0.44010929255235043
19.5333333333333,0.542767289201896,0.275656526517513,0.48179520125828823
19.55,0.529479671701913,0.275656526517513,0.5113786626275698
19.5666666666667,0.295722093441101,-0.197832843910962,0.46887800029004845
19.5833333333333,0.292636727042887,-0.199856364679984,0.40438433283986963
19.6,0.292636727042887,0.0462617325047113,0.34199016950690597
19.6166666666667,0.516289306830325,0.270726932868566,0.36406876068156957
19.6333333333333,0.288024979898351,0.0304975556372227,0.3603093815845546
19.65,0.51471787180954,0.270775351070799,0.4082760133275829
19.6666666666667,0.513088934786473,0.269550259171242,0.4503997853633232
19.6833333333333,0.268778649553222,0.0322038661454592,0.4198576734351926
19.7,0.28389363692249,0.0411613148741061,0.3744490083027838
19.7166666666667,0.504977724376859,0.257318620158009,0.3841321027474157
19.7333333333333,0.274306085454864,0.0205201157279873,0.3571591133777064
19.75,0.266264843574281,0.0255406421760398,0.33423172042282473
19.7666666666667,0.276292596041331,0.029447636253898,0.30922357456475197
19.7833333333333,0.263257019069481,0.0233329758569333,0.28229768505274694
19.8,0.270250022116188,0.0250279589866551,0.2713812516020685
19.8166666666667,0.262256193497191,0.0178428943768466,0.2691474975250019
19.8333333333333,0.254283926555522,0.0167498381856511,0.2648991378081747
19.85,0.2527957170748,0.0156584278845656,0.2606664252949772
19.8666666666667,0.249825525182401,0.0074263537405151,0.25656197353688287
19.8833333333333,0.246863610169525,0.0113091819037749,0.25301310649683656
19.9,0.23895533397392,-0.0018404921509443,0.2487307686641964
19.9166666666667,0.248860199857548,0.0140946104350192,0.2476936345902348
19.9333333333333,0.24590606635045,0.0179518689523391,0.24721643818898592
19.95,0.249365001589818,0.0157794466655695,0.24844604077850954
19.9666666666667,0.247888742632504,0.0026887302806152,0.24948751868867952
19.9833333333333,0.253290717183594,0.0272671425769033,0.25137727823849065
20.0,0.225803975173947,0.0005497297473212,0.2458038990411535
20.0166666666667,0.45576132399718,0.418383943963197,0.29883556109161313
20.0333333333333,0.224909974951213,0.001189411745144,0.3007599694980696
20.05,0.210798087326695,-0.0117765473980697,0.2831197545401915
20.0666666666667,0.22057377897921,-0.0020008557455547,0.25568638895123863
20.0833333333333,0.222565911999651,-0.0111011127833414,0.23139966344297416
20.1,0.221124239860771,-0.0062323975133004,0.22182507644623317
20.1166666666667,0.208522127271407,-0.0121508275535675,0.21939604465288595
20.1333333333333,0.207094863145549,-0.0191058220676375,0.21558616471461764
20.15,0.207094863145549,-0.0426754633647036,0.21186138936064688
20.1666666666667,0.211955112286191,-0.0260419220785145,0.21086573694437655
20.1833333333333,0.205669564973304,-0.0260419220785145,0.2098716920921016
20.2,0.199390204767205,0.159744722554473,0.20747311547485958
20.2166666666667,0.191706033524501,-0.0211858977240645,0.2027186109619867
20.2333333333333,0.213945625487288,0.168316865679375,0.20397372343341058
20.25,0.213945625487288,-0.0232597935039792,0.20745488480559124
20.2666666666667,0.21878900848224,-0.0184164105090275,0.2129827746781903
20.2833333333333,0.21878900848224,-0.0242944313193739,0.21736324987963007
20.3,0.217355006428445,-0.0194552511430381,0.21918478493406768
20.3166666666667,-0.0040799507842209,-0.235012187545357,0.1627468108716088
20.3333333333333,0.0008489272752136,-0.235961330296269,0.09821967239881112
20.35,-0.000493479479072,-0.231036723683532,0.042785312919575276
20.3666666666667,0.233774266879843,0.0036195944105934,0.07136438444359781
20.3833333333333,0.238584179902729,0.0084295074334797,0.13238178465466288
20.4,0.235688269142796,0.197489129464927,0.19237568632105884
20.4166666666667,0.01509551352447,-0.214283275234462,0.16993668780156063
20.4333333333333,0.24861080748965,0.0196193320543813,0.17557842288056622
20.45,0.247155412949206,0.0185508327132581,0.18832501935073825
20.4666666666667,0.25047468352501,0.195346741399788,0.21527189175378025
20.4833333333333,0.24756562673199,0.0201192300478176,0.24006664071645015
20.5,0.0202438044018947,-0.19478486952196,0.19084282244738204
20.5166666666667,0.0250924648169388,-0.195762880448604,0.12425231694829375
20.5333333333333,0.0175435140491032,-0.0180721065304027,0.06555193444352143
20.55,0.0148507827599033,-0.0142977503481191,0.029842225959334105
20.5666666666667,-0.0098153472402138,-0.216083257354988,0.013946787928484233
20.5833333333333,0.0046682859333465,-0.195806812906214,0.009067832788742444
20.6,0.0033363726497462,-0.208348811408489,0.00560484320376075
20.6166666666667,0.0006781229345136,-0.204497989431852,0.0033850027583082077
20.6333333333333,0.224137648827889,0.173544659518033,0.060598872589683876
20.65,0.209058211157871,-0.000415646573343,0.1223897233181667
20.6666666666667,-0.0107259288418099,-0.219832594748302,0.11981894505592393
20.6833333333333,-0.0111926597135742,-0.03009941111278,0.08696160030317987
20.7,0.0522220842173965,-0.200921081813212,0.05504097797169763
20.7166666666667,0.209899531876128,-0.0363227595858902,0.07996828868863651
20.7333333333333,0.220149520454448,-0.200921752730488,0.13352984541541862
20.75,0.195371705529809,-0.0482361996461492,0.17795653795119987
20.7666666666667,0.255437032320611,-0.0110949593786202,0.21458848245820294
20.7833333333333,0.0226950182975969,-0.219056913146276,0.17399902009763885
20.8,0.411257387571906,-0.0047980707470799,0.21824814126538794
20.8166666666667,0.22736603724483,-0.0239032574363947,0.23442962721704697
20.8333333333333,0.399220073922726,-0.0372367314055083,0.29141043701136404
20.85,0.157623171941736,-0.0381635253564809,0.2801795328178396
20.8666666666667,0.193686328734578,-0.036558855957734,0.2512602539143599
20.8833333333333,0.354001397986373,0.189284893142405,0.2598846992253283
20.9,0.180991164145927,0.179205064413302,0.24321688397977842
20.9166666666667,0.133442183410225,-0.0413893844068994,0.21493692655047783
20.9333333333333,0.316846301531698,0.161043993911392,0.22996086840672098
20.95,-0.0613574180294258,-0.061383575758942,0.17109173098474878
20.9666666666667,0.32329616213733,0.156789044773087,0.19317128809573436
20.9833333333333,0.100276633096369,-0.0652529670541334,0.1756773416567706
21.0,-0.0733281559761032,-0.0774896664322981,0.12642069604163397
21.0166666666667,0.334291712142379,0.140241241935414,0.1611116018182847
21.0333333333333,0.300373385059475,-0.0859538755382722,0.20722499638501107
21.05,0.0972249283362991,-0.0831805559348808,0.20452433032433745
21.0666666666667,0.30092906234691,-0.0953022880546698,0.23384044727700923
21.0833333333333,0.086190617065288,-0.0869473473903334,0.19640495930911722
21.1,0.088281370407676,-0.0897583083672778,0.15333662300811735
21.1166666666667,0.291402744238965,0.138186028150442,0.17354833406942946
21.1333333333333,0.0609852993222411,-0.087007279180019,0.15143802610635929
21.15,0.0655997640132661,-0.099027144897007,0.12669393421538017
21.1666666666667,0.06310593290264,-0.106397609207736,0.09902562451784606
21.1833333333333,0.276024914873363,-0.108228394649631,0.12969641847466296
21.2,0.285211714343195,-0.104550339011861,0.1853315515349537
21.2166666666667,0.0660639302556703,0.125802380264982,0.18487351355946724
21.2333333333333,0.285761609693299,-0.108206310004747,0.21086140403877393
21.25,0.284419130367477,-0.125536251847709,0.2308795534536267
21.2666666666667,0.259495499552012,-0.120967562909438,0.24776640194067467
21.2833333333333,0.268621530529963,-0.117304464497166,0.26537942382552926
21.3,0.261420294518255,0.0918981754926989,0.2693030578585378
21.3166666666667,0.264652584265428,0.0899220899512827,0.2665757721783488
21.3333333333333,0.24707190923956,0.0843900156823892,0.26139224147382856
21.35,0.226275193982886,0.0642377688050665,0.2508774984852813
21.3666666666667,0.233411159652971,0.054163628825853,0.24223802092236962
21.3833333333333,0.245126173017997,0.054163628825853,0.23967203727214975
21.4,0.235388846088185,0.264619094429165,0.2385369217847178
21.4166666666667,0.264652584265428,-0.157996177272478,0.2464217907333095
21.4333333333333,0.245768598496122,0.0613520938569991,0.24974402196438275
21.45,0.455534825011021,0.282468903897193,0.30533920364623
21.4666666666667,0.236040873475726,0.0749677459370446,0.30962943122089515
21.4833333333333,0.246399680038137,0.0794988067354389,0.29892245158403113
21.5,0.258071361089117,0.0685007346932252,0.2795551850037382
21.5166666666667,0.432569100859013,0.0475792120092329,0.30782952043257983
21.5333333333333,0.232171900870345,0.0610924225955415,0.30231306912326283
21.55,0.23088551948072,0.0656122855755662,0.28892119260216226
21.5666666666667,0.220564768886868,0.0501447780060161,0.26130097691940235
21.5833333333333,0.235401659077918,0.0537144894589069,0.23968912312375432
21.6,0.212230175129017,0.048253209908615,0.22636491655531915
21.6166666666667,0.209697553305257,0.0572743373429219,0.22096428376190425
21.6333333333333,0.237331357643103,0.0454254963230817,0.22334257366017846
21.65,0.231541161325544,0.0454254963230817,0.22663234835816184
21.6666666666667,0.223201433814552,0.0435467530421278,0.22832867183493277
21.6833333333333,0.226416631490258,0.0470994985914395,0.22921258129598127
21.7,0.20914172667229,0.0416731078758744,0.22390226958168685
21.7166666666667,0.186182452236092,0.0416731078758744,0.2121659794662963
21.7333333333333,0.200883724029557,0.0343930021412035,0.2048510100401701
21.75,0.397809740343124,0.237690741761062,0.25232737291397556
21.7666666666667,0.191914371364228,0.0146153709324061,0.25668176492252515
21.7833333333333,0.191914371364228,0.0146153709324061,0.24670789931906373
21.8,0.19890379706158,0.0101251666661405,0.22606439083352536
21.8166666666667,0.194409901446981,0.0110329454561516,0.20506887172856855
21.8333333333333,0.216162830192657,0.0209334452096087,0.2021100709254573
21.85,0.216162830192657,0.031761469708902,0.20841998426210992
21.8666666666667,0.227695329429152,0.0426092943251739,0.2166005768950249
21.8833333333333,0.221926427223993,0.0480406486567276,0.22157164819948352
21.9,0.227695329429152,0.0534769734178489,0.22532193839407985
21.9166666666667,0.246330241140006,-0.169948917513899,0.23210849755417343
21.9333333333333,0.252125779407692,0.0653219429870966,0.2402734501989006
21.95,0.0333679697733523,0.0707782178522166,0.19026574031439716
21.9666666666667,0.248927783524616,0.0617793343553132,0.1859781829875389
21.9833333333333,0.0198640892640576,-0.156686132876843,0.13640180875666535
22.0,0.256040639430717,-0.156686132876843,0.15245452856950878
22.0166666666667,0.0198640892640576,-0.151318055533557,0.12522665896678203
22.0333333333333,0.460531558888498,0.0536163951297802,0.2053904288754176
22.05,0.0381972679533448,-0.161194839497789,0.19122944437792086
22.0666666666667,0.251531932809772,0.0691645109964895,0.2087216223430607
22.0833333333333,0.256040639430717,-0.145945047619197,0.22104036255527643
22.1,0.0336848471399833,0.0756097924790524,0.1752936241776279
22.1166666666667,0.263171272207153,-0.145075808958501,0.18330638324030024
22.1333333333333,0.479386310624856,0.065311483695185,0.2613186093641183
22.15,0.264486597157808,0.0756097924790524,0.2951896581720721
22.1666666666667,0.270319736932043,-0.133424701573605,0.31209338395171926
22.1833333333333,-0.180044731773368,-0.138817499859412,0.23086837127479432
22.2,0.270319736932043,-0.133424701573605,0.20019784013441427
22.2166666666667,0.0508717841904257,-0.133424701573605,0.14589695923167756
22.2333333333333,0.49247435412089,0.302556283384703,0.2246577318561386
22.25,0.27164213861159,-0.132543078207645,0.27069046192608576
22.2666666666667,0.041835781613203,-0.142460704150827,0.23677145714542425
22.2833333333333,0.272966225917011,-0.13706294118767,0.22854339449160999
22.3,0.0475753756435502,-0.142460704150827,0.16671787102656802
22.3166666666667,0.278815592731249,0.0830481551808234,0.17493326803311476
22.3333333333333,0.2697646781888,0.0850054399752878,0.20814066000850517
22.35,-0.124852102502697,-0.135303408323239,0.17054439049081543
22.3666666666667,0.2697646781888,0.0850054399752878,0.18288311249380132
22.3833333333333,0.0385244611011011,0.0960339359112972,0.14297739673567955
22.4,-0.124852102502697,-0.135303408323239,0.09231507050414542
22.4166666666667,0.290530606096275,-0.12625249378079,0.12595911359858203
22.4333333333333,0.0648261061767577,0.105084850453746,0.1211571844828131
22.45,0.0648261061767577,-0.120839795581167,0.1121557901312037
22.4666666666667,0.0705870238793707,-0.120839795581167,0.09767407210496155
22.4833333333333,0.296396267757116,-0.109999415704617,0.13753547908039043
22.5,0.296396267757116,-0.12625249378079,0.19625191114492674
22.5166666666667,0.296396267757116,-0.109999415704617,0.2545154486815716
22.5333333333333,0.0705870238793707,-0.109999415704617,0.2294684993721714
22.55,0.296396267757116,-0.120839795581167,0.23118378734510567
22.5666666666667,0.287345353214667,0.0960339359112972,0.2385896994968016
22.5833333333333,0.0615361093369216,-0.119050330247066,0.20091074963127914
22.6,0.296396267757116,0.105084850453746,0.216266609238119
22.6166666666667,0.287345353214667,0.112614858900522,0.23483951193230052
22.6333333333333,0.296396267757116,0.116133699174078,0.26033041615622604
22.65,0.287345353214667,-0.129890710123616,0.2833420329865693
22.6666666666667,0.0615361093369216,0.0960339359112972,0.2330078683673828
22.6833333333333,0.287345353214667,0.112614858900522,0.22349705284328336
22.7,0.0615361093369216,0.107082784631628,0.17334401968772
22.7166666666667,0.0615361093369216,0.107082784631628,0.12969811006527132
22.7333333333333,0.287345353214667,-0.129890710123616,0.15467298330834878
22.75,0.0615361093369216,-0.119050330247066,0.13929893835818818
22.7666666666667,0.288685400826092,0.102551723833234,0.17889505979592282
22.7833333333333,0.282814292416273,-0.13442177092201,0.22104718166620585
22.8,0.288685400826092,0.102551723833234,0.2549515238066719
22.8166666666667,0.282814292416273,0.108083798102128,0.27757393323624335
22.8333333333333,0.0627713157267415,0.102551723833234,0.22901274807049765
22.85,0.282814292416273,0.0915028751129029,0.2201484729528479
22.8666666666667,0.288685400826092,0.0915028751129029,0.23052258417256932
22.8833333333333,0.284150598172884,0.0980169211800266,0.254080990577416
22.9,0.290027160921839,0.10354899544892,0.27877222733265816
22.9166666666667,0.284150598172884,0.0869680724596954,0.28837659927653436
22.9333333333333,0.058236513073534,0.0869680724596954,0.22885137439113018
22.95,0.290027160921839,0.10354899544892,0.22130279871869235
22.9666666666667,0.290027160921839,0.10354899544892,0.23209101027422258
22.9833333333333,0.275069748746046,0.0889360717531886,0.25333880994661245
23.0,0.285488611776738,0.0934783720349259,0.2760894796922561
23.0166666666667,0.280946311495001,0.0944681460220821,0.28443107366310916
23.0333333333333,0.285488611776738,0.110089930002227,0.2847258877582194
23.05,0.280946311495001,0.100005329650622,0.2845829927981416
23.0666666666667,0.280946311495001,-0.126336639150664,0.2842072305167388
23.0833333333333,0.276400255424201,0.0899220899512827,0.282324622850034
23.1,0.282282280116552,0.0954592735798229,0.2820287578455275
23.1166666666667,0.273178881959561,0.0863558754228315,0.2800660067109254
23.1333333333333,0.288169774370701,0.0954592735798229,0.2820767820865887
23.15,0.279066376213709,0.0863558754228315,0.2825154003861199
23.1666666666667,0.279066376213709,0.0918981754926989,0.2825003843520204
23.1833333333333,0.274509024784111,-0.139105716437617,0.2808672009920634
23.2,0.275840870327161,0.0827796981576114,0.2791446424217409
23.2166666666667,0.265382993806161,0.0782147930851501,0.27522101326976506
23.2333333333333,0.2712759652547,0.0782147930851501,0.27333879916756676
23.25,0.275840870327161,0.0827796981576114,0.27361251995517427
23.2666666666667,0.287643275408786,0.0938796760135965,0.2780480534103026
23.2833333333333,0.283078370336324,0.10043529987061,0.2819384600628146
23.3,0.283078370336324,0.10043529987061,0.28459577566892835
23.3166666666667,0.284419130367477,0.0791935277528637,0.2856914455542158
23.3333333333333,0.284419130367477,0.0958666109323388,0.28596477642736606
23.35,0.284419130367477,0.0847460820028644,0.28609307456766686
23.3666666666667,0.279846652856753,0.091294133421615,0.2850730615667678
23.3833333333333,0.290334087204022,0.0958666109323388,0.28654850933767106
23.4,0.285761609693299,0.091294133421615,0.2873733250870041
23.4166666666667,0.291682082100922,0.091294133421615,0.2895262431099599
23.4333333333333,0.063577754532681,-0.125536251847709,0.2319628323757605
23.45,0.285761609693299,0.0968621223827867,0.22329579102292213
23.4666666666667,0.297608077797943,-0.119167671596618,0.23511881805608992
23.4833333333333,0.287105811303289,0.097858999753808,0.2587893840830391
23.5,0.291682082100922,0.10801358510156,0.28287071826160765
23.5166666666667,0.29303180700031,0.103437314303927,0.29343934624056267
23.5333333333333,0.29303180700031,0.103437314303927,0.29396853702741
23.55,0.29303180700031,0.097858999753808,0.294569755492766
23.5666666666667,0.29896333371947,-0.118265803107818,0.29649426759897934
23.5833333333333,0.0718895368548459,0.097858999753808,0.2391209921586576
23.6,0.297091391851101,0.0896856949276518,0.2318482620558283
23.6166666666667,0.289799393366562,0.0942733739510196,0.23996794767970694
23.6333333333333,0.279280187624035,0.0952691830465184,0.25888160460464393
23.65,0.279280187624035,0.112050760888707,0.2773102694978029
23.6666666666667,0.280620223096707,0.0906776918000311,0.2837677713395615
23.6833333333333,0.292499900604614,0.0962663606882643,0.28549200156947685
23.7,0.287904592381269,0.0860823835766865,0.28766049617888245
23.7166666666667,0.287904592381269,0.102863961418875,0.2895038359471253
23.7333333333333,0.287904592381269,0.956376107949384,0.2901930659443709
23.75,0.287904592381269,0.102863961418875,0.2900889491011419
23.7666666666667,0.295207357170372,0.0870719225030761,0.29181016831742845
23.7833333333333,0.299806487132216,-0.124739277655927,0.2951716137812772
23.8,0.289253628745983,-0.12933840761777,0.29562793906690543
23.8166666666667,0.295207357170372,0.0982648314570312,0.2963041648410406
23.8333333333333,0.295207357170372,-0.123839893735419,0.2964048274794841
23.85,0.513608989145156,0.32192088387806,0.35348072892313853
23.8666666666667,0.513608989145156,0.32192088387806,0.41887721452747934
23.8833333333333,0.504572311123548,0.307274741616649,0.47234692002332973
23.9,0.0597414036065309,-0.12664789266343,0.3861634161743914
23.9166666666667,0.510537187174045,0.3184988870699,0.3787906911828881
23.9333333333333,0.506013202182842,0.308360220865249,0.39714415260627434
23.95,0.517959718805658,0.0860541460230046,0.44709898215061095
23.9666666666667,0.28868963391308,0.324118792538302,0.4370365710666501
23.9833333333333,0.288696698805382,-0.125748487838288,0.39103100645662436
24.0,0.288696698805382,0.0966583987012378,0.33442411514500514
24.0166666666667,0.507455908538971,0.087040260287268,0.3579091891201063
24.0333333333333,0.502924378311235,0.310535522067458,0.41165149114669897
24.05,0.291402744238965,-0.129469956670036,0.4107863958861136
24.0666666666667,0.307993826791548,0.103285130830903,0.383592273390033
24.0833333333333,0.307993826791548,0.0976599938126974,0.34370396350773175
24.1,0.0798553659094246,0.103285130830903,0.25681224198992403
24.1166666666667,0.0798553659094246,-0.108259919944974,0.18211774219604973
24.1333333333333,0.0752332050771329,0.0986629699986118,0.12353069293305398
24.15,0.291402744238965,-0.123945814300672,0.14463980901544926
24.1666666666667,0.298745649834161,-0.134095972795131,0.19955331968063145
24.1833333333333,0.0764930556711576,0.0996673297499825,0.19803312180871574
24.2,0.303371665959256,0.115569843504703,0.22486551563616036
24.2166666666667,0.303371665959256,-0.112882080777266,0.24646792046037402
24.2333333333333,0.309364548436908,0.115569843504703,0.273101742562292
24.25,0.298745649834161,-0.111968491340274,0.2960527963590447
24.2666666666667,0.315363055865654,0.121215979942985,0.30872807747202374
24.2833333333333,0.309364548436908,0.121215979942985,0.31035727357682225
24.3,0.309364548436908,-0.107342475215179,0.3115036305639274
24.3166666666667,0.309364548436908,-0.112882080777266,0.3119586023035428
24.3333333333333,0.315363055865654,0.121215979942985,0.3133525093625681
24.35,0.309364548436908,-0.112882080777266,0.3132793805995875
24.3666666666667,0.0870104630209155,-0.112882080777266,0.2550564826406212
24.3833333333333,0.0811190717962532,0.121215979942985,0.18677841445061116
24.4,0.315363055865654,-0.112882080777266,0.18888455264367274
24.4166666666667,0.313986709269199,0.125838140775276,0.22333885695652506
24.4333333333333,0.325989357000927,0.10891550670737,0.2749468855968751
24.45,0.319985216697945,0.120192004336995,0.3111149795296357
24.4666666666667,0.0857412326285448,0.120192004336995,0.26146629820503314
24.4833333333333,0.324603527054887,-0.0981020040259452,0.2543722167932895
24.5,0.541920030432347,0.330850320441771,0.32210346677627866
24.5166666666667,0.324603527054887,0.130456451132218,0.35572139798668256
24.5333333333333,0.318605019626141,-0.103641609588032,0.37000744754685516
24.55,0.317226601839515,-0.110090878420414,0.3553558775804627
24.5666666666667,0.317226601839515,-0.099027144897007,0.3307906790155334
24.5833333333333,0.326444013421556,-0.106397609207736,0.3224131129484266
24.6,0.33104696989147,-0.101794652737822,0.3258323574782171
24.6166666666667,0.319078048171179,-0.107313655095307,0.32636705782529735
24.6333333333333,0.323677178133023,0.130937403892669,0.3265548276301268
24.65,0.0957524479959034,0.136567779769135,0.26651730664845996
24.6666666666667,0.31770112311824,0.136567779769135,0.25623996630099444
24.6833333333333,0.326887922588072,0.134499066344295,0.2667470369547189
24.7,0.314952584929541,-0.0990415951797992,0.28914045299289376
24.7166666666667,0.0977937405202645,0.139086745367663,0.25425270267631106
24.7333333333333,0.328704204305816,0.142630780252168,0.2580134206883694
24.75,0.328704204305816,0.13701609903872,0.2700821046991195
24.7666666666667,0.322744905978323,-0.0852899758035242,0.2944975666065752
24.7833333333333,0.321367448351567,0.141592369836353,0.31709579763485607
24.8,0.325939925862291,0.140555383107274,0.3264994356943271
24.8166666666667,0.321367448351567,0.130378651062615,0.32548634750384137
24.8333333333333,0.324560448474004,0.139519817511609,0.32564087566086
24.85,0.312680770966097,0.128326908557654,0.3229194035735936
24.8666666666667,0.317245676038559,0.132891813630116,0.3209248725283089
24.8833333333333,0.320432626654487,0.142010290965203,0.3203350104146475
24.9,0.314506630957466,0.130838133958103,0.3193029585114766
24.9166666666667,0.317689556706834,0.134363217564976,0.3193221413509635
24.9333333333333,0.316320655941087,0.138909273635775,0.3190950053537239
24.95,0.316320655941087,0.127768136505949,0.31877662630150294
24.9666666666667,0.314953507253401,0.132310436787687,0.3182787960429338
24.9833333333333,0.307689651316878,0.125728457003313,0.31591226423209423
25.0,0.306331482521546,0.13026325965652,0.31300528822585033
25.0166666666667,0.31086254331994,0.134794320454915,0.31173594838176516
25.0333333333333,0.29909302437344,0.129241766204914,0.30852967286282884
25.05,0.308143938915889,0.127202957071511,0.30801062453406636
25.0666666666667,0.312663801895914,0.131722820051536,0.30950518351484557
25.0833333333333,0.311303378744158,0.130701776020194,0.31125034614210445
25.1,0.300916130737141,0.120653562154102,0.310106612444098
25.1166666666667,0.0892677948592862,-0.0961779607832426,0.2526052897373448
25.1333333333333,0.292364016121833,0.113116485294715,0.24000570783676584
25.15,0.086743224414527,-0.0869875178629755,0.19127814881026883
25.1666666666667,0.075049907314844,-0.0980160137989848,0.14676595578967125
25.1833333333333,0.0900691897932091,-0.099848880942978,0.11581060055561251
25.2,0.29150550071601,0.113606555371098,0.14821914648077242
25.2166666666667,0.0817138171588418,-0.0961851281860696,0.1464220186865052
25.2333333333333,0.08046055978974,-0.102588499125,0.13659476988681532
25.25,0.0688212203923584,-0.102588499125,0.11039862562564182
25.2666666666667,0.0721473298604145,-0.0989321484143886,0.08522607243522437
25.2833333333333,0.289306576868964,0.113085698374285,0.13052667023638304
25.3,0.0754638225742873,-0.106223347044724,0.1383214593908792
25.3166666666667,0.0626329625750458,-0.107128864395185,0.12659399513884714
25.3333333333333,0.0717332972410894,-0.114382367761373,0.10315199985041433
25.35,0.0543946862331936,0.0538976052390396,0.07583837239187019
25.3666666666667,0.0577112295619386,-0.105296922227469,0.06251631949876546
25.3833333333333,0.0461893333583724,-0.12160590333688,0.05675806642824184
25.4,0.0597896643705155,-0.118853396941009,0.055553181052994546
25.4166666666667,0.058562694338007,-0.108905924458409,0.056109296130383984
25.4333333333333,0.0573373125877978,-0.126039643403031,0.057329014658582145
25.45,0.216497223956357,0.050659920175714,0.0996317616280265
25.4666666666667,-0.105861369805851,-0.272026776704926,0.09062967265549761
25.4833333333333,0.215205148415052,-0.12329316316797,0.12265790380360092
25.5,-0.103602757056696,-0.112536662055457,0.09905273112651
25.5166666666667,-0.11046842068498,-0.118886603694908,0.06469447583998238
25.5333333333333,-0.111616392628351,-0.281537209299814,0.03239326755460111
25.55,0.0349945203794924,0.038476369382937,0.018986009752583785
25.5666666666667,-0.116193196491361,-0.117898243825157,0.010774723491374013
25.5833333333333,-0.117333639607008,-0.118787479065021,0.009232677163545049
25.6,0.0346778658480922,0.0283119324057338,0.014551037674399738
25.6166666666667,0.199827390605998,0.0273705575513304,0.06425694770717041
25.6333333333333,0.0209834040013085,-0.140020771988411,0.0739552839764875
25.65,0.0198000488256525,-0.140884264068637,0.0676366628112392
25.6666666666667,0.0230712020768024,0.0290070624949742,0.048757614919537104
25.6833333333333,0.187779807771157,0.0173032178518653,0.07311855136098122
25.7,0.193488564372113,0.0334564464307384,0.11638512452621394
25.7166666666667,0.0218872755340904,0.0173032178518653,0.11561689273288946
25.7333333333333,0.0094638142943146,0.0163743166058396,0.0874094517995622
25.75,-0.148906032086934,-0.147365361456671,0.04576452551191341
25.7666666666667,0.0127317168094407,-0.201348483153353,0.017920534862762648
25.7833333333333,-0.145510041432317,-0.143721481929223,0.006531648898732147
25.8,0.0071239331093345,0.0038048137298758,0.005796848311181157
25.8166666666667,-0.156720524300977,-0.154436944511882,0.004287013976753699
25.8333333333333,-0.156720524300977,-0.165133104013378,0.002642105997646794
25.85,-0.363125276355841,-0.371537856068242,0.0013425566791225774
25.8666666666667,0.171397529969082,0.0082398177219808,0.04526679491087019
25.8833333333333,0.0003586163838569,-0.0024563417795157,0.05132896671100137
25.9,0.0003586163838569,0.0082398177219808,0.04404667988590648
25.9166666666667,0.165724940274308,0.0135951328637866,0.0691029814907272
25.9333333333333,0.168916749257747,0.0170990777687322,0.10127944099784839
25.95,-0.157819175454168,-0.165974991005368,0.09276685727019235
25.9666666666667,0.0075471484362822,-0.165974991005368,0.06982769218753002
25.9833333333333,0.0003586163838569,-0.228433410670024,0.03498048309920538
26.0,-0.35956548968347,-0.362380447846842,0.009753213758007246
26.0166666666667,-0.354992331425345,-0.363148146976545,0.0014936409762659245
26.0333333333333,0.0165341862721682,-0.151647095781655,0.004945358295906868
26.05,-0.144344061374264,-0.373136088428144,0.005166142771687012
26.0666666666667,0.013642141164047,-0.215149885889834,0.008015548029066151
26.0833333333333,0.0266948522109608,-0.152499876925464,0.013686778929894654
26.1,0.0180628348117267,0.015247876648354,0.017078157204313493
26.1166666666667,0.0153548114528746,-0.147159019537636,0.01840402359973768
26.1333333333333,0.177761707638865,0.0099070192605267,0.06032643358645932
26.15,0.014176945693999,-0.153351474418346,0.06456184967940469
26.1666666666667,-0.145452158551047,-0.148015423273252,0.05275956254109183
26.1833333333333,-0.361602902258713,-0.579214891487636,0.03093432619797471
26.2,-0.145452158551047,-0.148015423273252,0.010204015529989213
26.2166666666667,-0.151039645547011,-0.153351474418346,0.000890078607088754
26.2333333333333,-0.196386311017704,-0.363914731130048,0.00022815595378697945
26.25,0.0186577811386421,-0.148870638973703,0.005074072882836544
26.2666666666667,-0.372762712237268,-0.584451667262588,0.005763099798747906
26.2833333333333,0.0017015432156235,-0.159528348463216,0.005377340924213334
26.3,0.0073485094193031,-0.148870638973703,0.005378865985588349
26.3166666666667,-0.0027792922290196,-0.158682725805504,0.0036373695182453326
26.3333333333333,0.0153548114528746,-0.157835928070557,0.006311769926878009
26.35,-0.162199455525565,-0.153351474418346,0.0059124712948677004
26.3666666666667,0.00286767397466,-0.158682725805504,0.005175039091528977
26.3833333333333,0.15072245665708,-0.015829106300815,0.0425957554861204
26.4,-0.0016167796775512,-0.168493637560071,0.046378652834585796
26.4166666666667,-0.166683909177777,-0.168493637560071,0.038888320480060155
26.4333333333333,-0.366172369250303,-0.373815449508796,0.02264093459283254
26.45,0.156369422860759,-0.0105074350217599,0.04756418518294568
26.4666666666667,0.005204415797769,-0.167655255701734,0.04804256330216919
26.4833333333333,-0.171171985421795,-0.167655255701734,0.041459905891937786
26.5,-0.0150918937574559,-0.402307404805266,0.02465699569551674
26.5166666666667,-0.370745527508428,-0.373057356379763,0.007763388494037845
26.5333333333333,-0.160012175443241,-0.172981713804089,0.0003603950200177616
26.55,0.005204415797769,-0.162324004314576,0.001477987442022654
26.5666666666667,0.005204415797769,-0.172981713804089,0.002991648483963162
26.5833333333333,-0.155524099199222,-0.163167179457715,0.0029517298533800035
26.6,-0.172256245872158,-0.383604929517935,0.002163313974419029
26.6166666666667,-0.213342548940722,-0.374572440619562,0.0010888945315140394
26.6333333333333,-0.217912015932312,-0.379141907611152,0.0002923393326761119
26.65,-0.0016167796775512,0.0572705706025047,7.786627110105242e-05
26.6666666666667,-0.0072637458812309,0.0627010080619826,6.941760301488266e-05
26.6833333333333,-0.0117518221252496,-0.167655255701734,9.162465524099616e-05
26.7,-0.217912015932312,-0.379141907611152,9.808618630199073e-05
26.7166666666667,-0.177823546157143,-0.168493637560071,0.00012106860599543355
26.7333333333333,-0.217912015932312,-0.373815449508796,8.148101348673315e-05
26.75,-0.0072637458812309,-0.163167179457715,9.109134554630591e-05
26.7666666666667,-0.0061048559215699,-0.172981713804089,5.3664704605529535e-05
26.7833333333333,-0.0016167796775512,-0.168493637560071,4.3888707461590596e-05
26.8,0.0096924920417876,-0.163167179457715,0.0025675634653976862
26.8166666666667,-0.361602902258713,-0.363914731130048,0.0029171899237271375
26.8333333333333,-0.151039645547011,-0.158682725805504,0.0025087781604093517
26.85,0.173341013991185,-0.0051809769194044,0.04667276849071672
26.8666666666667,-0.149936612203258,-0.157835928070557,0.05202415453692912
26.8833333333333,0.0096924920417876,-0.157835928070557,0.04672370734904361
26.9,0.0096924920417876,-0.152499876925464,0.03125696245254826
26.9166666666667,0.0153548114528746,-0.152499876925464,0.017077194683615758
26.9333333333333,0.173341013991185,0.0001502744677537,0.05377437964956167
26.95,0.010866735208856,-0.156987953169482,0.06024203111059839
26.9666666666667,0.005204415797769,-0.382860940447115,0.051500882074538054
26.9833333333333,-0.365158040512464,-0.367721305234669,0.030821368458942695
27.0,0.0113645397971162,-0.376878713456069,0.013611657477070799
27.0166666666667,0.0075471484362822,-0.171311042150462,0.006681060197544358
27.0333333333333,0.0018796973729699,-0.370872548723642,0.005883019552135263
27.05,-0.373307156839016,-0.376122115002389,0.0041912815243946985
27.0666666666667,-0.203356574014418,-0.376878713456069,0.002122643778997845
27.0833333333333,-0.373307156839016,-0.376122115002389,0.0006492226920107981
27.1,-0.0014544325551796,-0.390371290900294,0.00010316206753948831
27.1166666666667,0.003048178040445,-0.154436944511882,0.0008384450692632157
27.1333333333333,0.0042181571395943,-0.169635714609003,0.0020805007891151897
27.15,0.0098958924577281,-0.169635714609003,0.004660489631488768
27.1666666666667,-0.161223134896602,-0.158939555107506,0.0045347652608434905
27.1833333333333,0.0042181571395943,-0.158939555107506,0.004462977879440914
27.2,-0.155620435728048,-0.169635714609003,0.0030139300891709585
27.2166666666667,-0.156720524300977,-0.149081629370076,0.0015553414433724512
27.2333333333333,0.0087207677352189,-0.143721481929223,0.002949968265128806
27.25,-0.195495588132029,-0.364658608501549,0.0027990038388258608
27.2666666666667,-0.361087020563789,-0.359298461060695,0.002249394261356719
27.2833333333333,-0.145510041432317,-0.149081629370076,0.0013132619641783442
27.3,-0.145510041432317,-0.143721481929223,0.0004214172737815504
27.3166666666667,-0.362106836121433,-0.365425955500892,1.80797217708069e-05
27.3333333333333,0.0155787804038184,-0.369358024575843,0.004080308072406834
27.35,-0.151117825132423,-0.149081629370076,0.004658858238342019
27.3666666666667,-0.190907619989567,-0.360070640359086,0.003984221561662997
27.3833333333333,0.168201668859614,0.0047215364361846,0.04623191549767406
27.4,0.0115589371014394,0.0082398177219808,0.0537724309931181
27.4166666666667,-0.146618854736586,-0.139222511533386,0.046286774469950574
27.4333333333333,-0.196590507935657,-0.575844424969229,0.027965586929602267
27.45,-0.196590507935657,-0.360070640359086,0.009174812772405403
27.4666666666667,-0.156720524300977,-0.143721481929223,0.0005666477555769986
27.4833333333333,0.239585911030225,-0.149937974116045,0.062486157226302894
27.5,-0.151117825132423,-0.149081629370076,0.07125737091193225
27.5166666666667,-0.145510041432317,-0.149081629370076,0.060973721999724284
27.5333333333333,-0.196590507935657,-0.365425955500892,0.03563258985272671
27.55,-0.146618854736586,-0.160634133617541,0.010609003108402893
27.5666666666667,-0.196590507935657,-0.354710492918233,7.823599395624848e-05
27.5833333333333,-0.357522577187287,-0.355486381424939,1.1762353341175697e-05
27.6,0.01889747344919,-0.149937974116045,0.0049502781986982165
27.6166666666667,0.235086940634388,-0.154436944511882,0.06694622171934325
27.6333333333333,0.01889747344919,-0.139222511533386,0.07967850482995407
27.65,0.01889747344919,0.081911420517612,0.0732295494977209
27.6666666666667,-0.146618854736586,-0.144582658974239,0.04625170258385323
27.6833333333333,0.172640261295111,-0.217129760877722,0.06306936424885319
27.7,0.01889747344919,-0.144582658974239,0.060006921065274554
27.7166666666667,-0.357522577187287,-0.355486381424939,0.0504715493012363
27.7333333333333,0.245368937970961,-0.139222511533386,0.09449561560284728
27.75,0.191617413280057,0.0278145403513911,0.1333986565186258
27.7666666666667,-0.146618854736586,-0.144582658974239,0.12030794745035858
27.7833333333333,0.177075265287215,0.0189552803046396,0.13144389493343067
27.8,0.239585911030225,-0.144582658974239,0.15448742487153652
27.8166666666667,0.0378395968009244,-0.351684288345346,0.13473564697772245
27.8333333333333,0.239585911030225,-0.144582658974239,0.16111041173674573
27.85,-0.357522577187287,-0.350126233984086,0.12435655225092843
27.8666666666667,-0.145510041432317,-0.149081629370076,0.07724989735592591
27.8833333333333,0.0245803613952802,-0.144582658974239,0.043796100534454076
27.9,0.0143985030533528,0.0719525790076027,0.021690770267403736
27.9166666666667,0.182758153233306,0.0189552803046396,0.05829359962114397
27.9333333333333,-0.18632336105542,-0.355486381424939,0.061695997651157575
27.95,0.0298809565861134,-0.349345506634829,0.05755454563177025
27.9666666666667,0.235086940634388,-0.143721481929223,0.0980401750648676
27.9833333333333,0.020081390999443,-0.138356495645819,0.09085586462717155
28.0,-0.190907619989567,-0.349345506634829,0.07030803054985876
28.0166666666667,-0.361087020563789,-0.364658608501549,0.04142611669333965
28.0333333333333,-0.356499052421327,-0.349345506634829,0.013436839496202078
28.05,0.020081390999443,-0.143721481929223,0.006228289417326344
28.0666666666667,-0.190907619989567,-0.349345506634829,0.0060499160062069575
28.0833333333333,0.020081390999443,-0.143721481929223,0.01038495591481354
28.1,-0.190907619989567,-0.349345506634829,0.009012177590337065
28.1166666666667,0.0155787804038184,-0.148224092524848,0.010122016151193704
28.1333333333333,-0.145510041432317,-0.143721481929223,0.007710841861492004
28.15,0.0257694385908074,-0.143721481929223,0.011621680354187085
28.1666666666667,-0.195495588132029,-0.359298461060695,0.01003351498765446
28.1833333333333,0.020081390999443,-0.149081629370076,0.01255936402130369
28.2,-0.145510041432317,-0.143721481929223,0.009896658555591503
28.2166666666667,0.0155787804038184,-0.148224092524848,0.010356323584373143
28.2333333333333,-0.190907619989567,-0.349345506634829,0.007684847078432211
28.25,-0.18632336105542,-0.344761247700682,0.004914403708431958
28.2666666666667,-0.190907619989567,-0.360070640359086,0.002367150796292469
28.2833333333333,0.020081390999443,-0.143721481929223,0.005958892266555655
28.3,-0.190907619989567,-0.354710492918233,0.006009721399937857
28.3166666666667,0.0245803613952802,0.0873762204993106,0.011542141313907867
28.3333333333333,0.0298809565861134,-0.349345506634829,0.018096947997012128
28.35,-0.171477905242656,-0.335603839479283,0.01604996701007299
28.3666666666667,0.0245803613952802,-0.133857525249982,0.017717120476960852
28.3833333333333,-0.35191479348718,-0.355486381424939,0.012869407516146736
28.4,-0.192006249001511,-0.344761247700682,0.007619552927958249
28.4166666666667,-0.182848840780111,-0.335603839479283,0.0036978809733796978
28.4333333333333,-0.192006249001511,-0.576520589802618,0.0011156345295639156
28.45,-0.182848840780111,-0.34632897320354,2.4947382771295573e-05
28.4666666666667,0.0436226237416598,-0.34632897320354,0.011395551078127331
28.4833333333333,-0.146618854736586,-0.144582658974239,0.013012917915197285
28.5,0.0378395968009244,-0.34632897320354,0.0210020865701404
28.5166666666667,-0.182848840780111,-0.340968825762687,0.01777192438347956
28.5333333333333,0.0222067759669422,-0.135595621138353,0.017392350340446963
28.55,-0.188526576098245,-0.340968825762687,0.012275390325758384
28.5666666666667,0.0266948522109608,-0.131107544894334,0.014322091512830816
28.5833333333333,-0.18395341784012,-0.341755814945415,0.011295125695197106
28.6,0.0222067759669422,-0.135595621138353,0.013595778291846666
28.6166666666667,-0.138746439825236,-0.13646286003614,0.010619483352053139
28.6333333333333,-0.18395341784012,-0.341755814945415,0.006857901147254729
28.65,0.0266948522109608,-0.13646286003614,0.010326441373512374
28.6666666666667,-0.138746439825236,-0.13646286003614,0.008970020846690529
28.6833333333333,-0.189626007534894,-0.357807289588717,0.0068189764467987395
28.7,-0.179383950848531,-0.342541663095631,0.003997290975724625
28.7166666666667,0.0210222625161869,-0.147159019537636,0.006683996426257572
28.7333333333333,-0.144344061374264,-0.147159019537636,0.006311487120276841
28.75,-0.185056540543304,-0.342541663095631,0.005433313510290439
28.7666666666667,0.034230353460638,-0.34867204240472,0.012091271943482368
28.7833333333333,0.245995148022335,-0.131978406383929,0.07527902442004838
28.8,0.034230353460638,-0.354012899792547,0.0908120495497782
28.8166666666667,0.019839265105086,-0.153351474418346,0.08304419558896767
28.8333333333333,-0.140971323106404,-0.369407575106242,0.05272046659630092
28.85,-0.186158211414209,-0.569407618696011,0.0210381168065861
28.8666666666667,-0.191820530825296,-0.34867204240472,0.00457165346463403
28.8833333333333,-0.346887537216961,-0.349450801939166,0.0009538957494262007
28.9,0.244708665424576,-0.148870638973703,0.06386052495401097
28.9166666666667,0.034230353460638,-0.133376688289867,0.0817197364415635
28.9333333333333,-0.191820530825296,-0.138812014805101,0.0724765064217776
28.95,-0.191820530825296,-0.354012899792547,0.04515427267363885
28.9666666666667,-0.357037122066306,-0.35934895093764,0.015948715344145672
28.9833333333333,0.0243201005497291,-0.143534587828609,0.007965538881071673
29.0,-0.140971323106404,0.0662358596993592,0.00732454708744848
29.0166666666667,0.238946569459988,-0.148870638973703,0.06859403985075181
29.0333333333333,-0.146558810102368,-0.148870638973703,0.0747231033453001
29.05,0.0186577811386421,0.071666297158837,0.06683487721338735
29.0666666666667,-0.357037122066306,-0.354012899792547,0.04118278741800418
29.0833333333333,0.0186577811386421,-0.138193730440782,0.020262912755538418
29.1,0.234465734015345,-0.148015423273252,0.06961906144519349
29.1166666666667,0.0186577811386421,-0.36417079933129,0.08021051083054813
29.1333333333333,0.0243201005497291,0.0662358596993592,0.0743695809344591
29.15,-0.187258432971915,-0.13424991695172,0.0476914301081681
29.1666666666667,-0.196386311017704,-0.353237822597128,0.019383570505514716
29.1833333333333,-0.145452158551047,-0.148015423273252,0.00456044238845748
29.2,0.234465734015345,0.0726207882294283,0.06226967025074198
29.2166666666667,-0.361602902258713,-0.358578679984955,0.06977325314254221
29.2333333333333,0.0096924920417876,0.0681363345772169,0.062291789755805155
29.25,0.0354318913106319,-0.358578679984955,0.04705277887241992
29.2666666666667,0.0239024773036427,-0.137942468482274,0.029621008241931104
29.2833333333333,0.014176945693999,-0.153351474418346,0.02135801559981927
29.3,-0.35601541526275,-0.358578679984955,0.016005159311777633
29.3166666666667,-0.360584882254339,-0.357807289588717,0.008762874724621898
29.3333333333333,-0.149936612203258,-0.147159019537636,0.003207715366283205
29.35,-0.195293458598206,-0.363148146976545,0.0006928873677008923
29.3666666666667,0.235743376327721,-0.152499876925464,0.06151073781365018
29.3833333333333,0.0153548114528746,0.0735765567536546,0.07411379903313156
29.4,0.0153548114528746,0.0735765567536546,0.06858213149037982
29.4166666666667,0.0018796973729699,0.0546612204973123,0.044035136702380955
29.4333333333333,-0.199866616856331,-0.362380447846842,0.017227415892985664
29.45,0.0262892660609175,-0.362380447846842,0.010385081417796293
29.4666666666667,0.017131857839518,-0.371537856068242,0.013307965216920927
29.4833333333333,-0.194199165793019,-0.362380447846842,0.011892190499050981
29.5,-0.188526576098245,-0.362380447846842,0.008294188045541648
29.5166666666667,-0.203356574014418,-0.371537856068242,0.0037314919886773305
29.5333333333333,0.0320618132833523,-0.351684288345346,0.009170430749168327
29.55,0.0222067759669422,-0.151647095781655,0.015383244462307991
29.5666666666667,0.0222067759669422,-0.140950936280159,0.020588041439108494
29.5833333333333,0.0132197381310561,-0.149937974116045,0.020500014974580302
29.6,0.0132197381310561,-0.149937974116045,0.017793527589528922
29.6166666666667,0.0229044050619528,-0.360841696566745,0.017581149134521593
29.6333333333333,-0.197683984319644,-0.360841696566745,0.013154402526540168
29.65,0.177075265287215,0.0189552803046396,0.05461261540211325
29.6666666666667,0.233808127512653,-0.149937974116045,0.11764876738508893
29.6833333333333,0.0015212339407803,0.0038048137298758,0.11602862035298095
29.7,0.172640261295111,0.0038048137298758,0.13133499424994874
29.7166666666667,0.0143985030533528,-0.143721481929223,0.0981035964367212
29.7333333333333,0.0098958924577281,-0.153584239965701,0.061429537646282485
29.75,0.0127317168094407,0.224739388337473,0.03574944196934254
29.7666666666667,0.184011196832565,0.0091601288716816,0.06410838066491358
29.7833333333333,0.173884556805704,0.015446670160442,0.10549253645664672
29.8,0.173884556805704,0.0100816838770378,0.14624649414892374
29.8166666666667,0.178323149241201,0.0252550942772011,0.1704152188750932
29.8333333333333,0.173884556805704,0.0100816838770378,0.17664448765266036
29.85,-0.150012652027942,-0.148224092524848,0.1307138515788611
29.8666666666667,0.0167605727799547,-0.141995529775409,0.08290090524243111
29.8833333333333,0.0212668279951828,-0.148224092524848,0.04437182268614633
29.9,0.175130419161204,0.0110044849245774,0.06404841106894088
29.9166666666667,-0.148906032086934,-0.147365361456671,0.06006023545269368
29.9333333333333,0.0094638142943146,0.0110044849245774,0.05097625130822547
29.95,0.18652202141275,0.0163743166058396,0.0784788111307389
29.9666666666667,-0.187603020220691,-0.357750725027601,0.06566059767520568
29.9833333333333,0.175130419161204,0.0110044849245774,0.0946358277625769
30.0,0.182076239012488,0.0173032178518653,0.12776091593727584
