time,input,output,simulated
-2.0,-0.0781670520000617,-0.0762667511554568,0.0
-1.98333333333333,-0.0730082667285814,-0.0711079658839765,0.0
-1.96666666666667,-0.0678559630945188,-0.0659556622499139,0.0
-1.95,-0.0652822380753584,-0.0633819372307535,0.0
-1.93333333333333,-0.062710128889988,-0.0608098280453831,0.0
-1.91666666666667,-0.0575707519377367,-0.055670451093134,0.0
-1.9,-0.0524378200910611,-0.0505375192464562,0.0
-1.88333333333333,-0.044750480397974,-0.0428501795533691,0.0
-1.86666666666667,-0.044750480397974,-0.0428501795533691,0.0
-1.85,-0.0370775741735152,-0.0351772733289124,0.0
-1.83333333333333,-0.0319703018895552,-0.0300700010449503,0.0
-1.81666666666667,-0.0268694144324279,-0.024969113587823,0.0
-1.8,-0.021774899836673,-0.0198745989920681,0.0
-1.78333333333333,-0.184798838752722,-0.182898537908117,0.0
-1.76666666666667,-0.0116049415168014,-0.0097046406721986,0.0
-1.75,-0.0090664163619102,-0.0071661155173053,0.0
-1.73333333333333,-0.0039941129835924,-0.0020938121389875,0.0
-1.71666666666667,0.006131547419514,0.0080318482641189,0.00037564551129600215
-1.7,0.008659023961087,0.010559324805692,0.0016273611277171068
-1.68333333333333,-0.153794758950119,-0.151894458105514,0.0031384955838290735
-1.66666666666667,-0.151221521049503,-0.149321220204898,0.0037895028354231865
-1.65,-0.100427956674666,-0.0985276558300612,0.0032185407068475533
-1.63333333333333,-0.10298302630946,-0.101082725464855,0.0019082723715921634
-1.61666666666667,0.0363578038741828,0.0382581047187855,0.002946299548229374
-1.6,-0.0825867864369229,-0.080686485592318,0.006633926334732199
-1.58333333333333,-0.0775035099493081,-0.0756032091047032,0.009426454224048126
-1.56666666666667,-0.0775035099493081,-0.0756032091047032,0.009163361589712617
-1.55,0.0588802736175062,0.0607805744621089,0.009757710068203682
-1.53333333333333,-0.0749642311688795,-0.0730639303242746,0.013165635241222514
-1.51666666666667,0.0688500672544393,0.0707503680990442,0.020027308113329763
-1.5,-0.0572331870286511,-0.0553328861840463,0.027151830068813193
-1.48333333333333,-0.0572331870286511,-0.0553328861840463,0.027814682477645663
-1.46666666666667,-0.0496576100737471,-0.0477573092291422,0.021616742948533045
-1.45,0.0887159323289566,0.0906162331735615,0.017963681811532663
-1.43333333333333,-0.0395786255898066,-0.0376783247452018,0.02085693804104702
-1.41666666666667,-0.0270147770060539,-0.0251144761614512,0.02404525124678042
-1.4,-0.0270147770060539,-0.0251144761614512,0.022366181705434925
-1.38333333333333,-0.0270147770060539,-0.0251144761614512,0.015022031783960822
-1.36666666666667,-0.0194950029863357,-0.0175947021417329,0.00643940212512792
-1.35,-0.0069928149307713,-0.0050925140861664,0.001337252756998697
-1.33333333333333,-0.0119890833596017,-0.0100887825149968,8.040908343831581e-06
-1.31666666666667,-0.0044969798731955,-0.0025966790285906,2.4087870680023236e-05
-1.3,0.0029813455848412,0.0048816464294461,0.00020940894482654717
-1.28333333333333,0.0079592601873045,0.0098595610319094,0.0010319888041209074
-1.26666666666667,0.0129310793173659,0.0148313801619707,0.0029983566905410026
-1.25,0.0079592601873045,0.0098595610319094,0.005624795001487538
-1.23333333333333,0.0178968141640674,0.0197971150086723,0.008395594969018356
-1.21666666666667,0.0228564758890791,0.0247567767336818,0.011491547394776966
-1.2,0.0327576244843613,0.0346579253289661,0.015558346278596008
-1.18333333333333,0.0327576244843613,0.0346579253289661,0.020713881929204456
-1.16666666666667,0.0376991335418801,0.0395994343864849,0.026225484988613598
-1.15,0.0426346138523677,0.0445349146969726,0.03138746595141636
-1.13333333333333,0.0549470111528329,0.0568473119974357,0.036492874773079324
-1.11666666666667,0.0549470111528329,0.0568473119974357,0.04200951398837981
-1.1,0.0549470111528329,0.0568473119974357,0.04743072237710013
-1.08333333333333,0.0598614775029098,0.0617617783475126,0.052026398377808876
-1.06666666666667,0.0598614775029098,0.0617617783475126,0.05542245133369597
-1.05,0.0745690441051984,0.0764693449498033,0.05856726632990847
-1.03333333333333,0.0745690441051984,0.0764693449498033,0.06262198809761493
-1.01666666666667,-0.0891068037810683,-0.0872065029364634,0.06270077418974385
-1.0,-0.0841198284108593,-0.0822195275662565,0.053427030729020386
-0.983333333333333,0.0867844535028347,0.0886847543474374,0.04197932192533224
-0.966666666666667,-0.0791389022020525,-0.0772386013574476,0.03446550302851515
-0.95,-0.0716788310119028,-0.069778530167298,0.029052768577795332
-0.933333333333334,0.0989628647931283,0.100863165637733,0.02908711960283286
-0.916666666666667,-0.061753139049295,-0.0598528382046901,0.03242768901663688
-0.9,0.108679068007967,0.110579368852571,0.03864625983473361
-0.883333333333334,-0.0493797632163087,-0.047479462371706,0.045716260098872176
-0.866666666666667,0.11110444581205,0.113004746656654,0.05174138594027141
-0.850000000000001,0.120791304970287,0.122691605814892,0.061868875020595564
-0.833333333333334,0.125625961891521,0.127526262736126,0.07801322463998685
-0.816666666666667,0.128041101820698,0.129941402665303,0.09752182567156784
-0.8,-0.0370437169571247,-0.0351434161125198,0.10637278694927499
-0.783333333333334,-0.0370437169571247,-0.0351434161125198,0.09336162031109337
-0.766666666666667,-0.0321197129164084,-0.0302194120718035,0.06397308154655146
-0.75,0.137687102112249,0.139587402956852,0.04103802714782705
-0.733333333333333,-0.0198356449116311,-0.0179353440670283,0.035832574885689424
-0.716666666666667,-0.0296599371853269,-0.027759636340722,0.03769650623868977
-0.7,0.154511751157474,0.156412052002078,0.044232236299353446
-0.683333333333334,-0.0100349855487593,-0.0081346847041544,0.05100840748658228
-0.666666666666667,-0.0026999488720086,-0.0007996480274037,0.05008067953969265
-0.65,0.002182734590896,0.0040830354355009,0.041165223118251854
-0.633333333333334,-0.0026999488720086,-0.0007996480274037,0.026564723682864597
-0.616666666666667,-0.169493962768284,-0.167593661923679,0.011825578859068587
-0.600000000000001,0.0046218779920295,0.0065221788366344,0.0032248948319252716
-0.583333333333334,0.0046218779920295,0.0065221788366344,0.0015280726934690887
-0.566666666666667,-0.152080160911788,-0.150179860067183,0.002262010655604643
-0.550000000000001,0.0143638268165184,0.0162641276611211,0.003351678507804037
-0.533333333333333,0.0143638268165184,0.0162641276611211,0.005444951344880889
-0.516666666666667,0.0216549692118093,0.0235552700564142,0.008775426294942032
-0.5,0.028933020138939,0.0308333209835439,0.01343311568894993
-0.483333333333333,0.0216549692118093,0.0235552700564142,0.01827794192066677
-0.466666666666667,0.0386167844047058,0.0405170852493107,0.022695921973251966
-0.45,-0.127329706757688,-0.125429405913084,0.024753465741317125
-0.433333333333334,0.0386167844047058,0.0405170852493107,0.024545464929611363
-0.416666666666667,0.0410341084886532,0.0429344093332581,0.025260819312428746
-0.4,0.0410341084886532,0.0429344093332581,0.02842189352560247
-0.383333333333334,0.0410341084886532,0.0429344093332581,0.03336737198588065
-0.366666666666667,0.0579150118264309,0.0598153126710358,0.03899919447756254
-0.350000000000001,0.0579150118264309,0.0598153126710358,0.04464907229389369
-0.333333333333334,-0.124862796538686,-0.122962495694081,0.046227481669230686
-0.316666666666667,0.0579150118264309,0.0598153126710358,0.04370198728830704
-0.300000000000001,-0.112550326427241,-0.110650025582636,0.03836188677430555
-0.283333333333333,-0.112550326427241,-0.110650025582636,0.029653709978244756
-0.266666666666667,0.0651281313091879,0.0670284321537906,0.023684811276513285
-0.25,0.0723283688062885,0.0742286696508913,0.02678939986606381
-0.233333333333333,0.0651281313091879,0.0670284321537906,0.03805660693659178
-0.216666666666667,-0.0953744557170609,-0.093474154872456,0.047736255394177515
-0.2,0.0723283688062885,0.0742286696508913,0.050602073820075255
-0.183333333333334,0.237583340288649,0.239483641133254,0.060905649990941
-0.166666666666667,-0.0929266026760743,-0.0910263018314694,0.078532686663381
-0.15,0.0723283688062885,0.0742286696508913,0.09009195036123559
-0.133333333333334,0.0819087063991823,0.0838090072437851,0.09108636554991033
-0.116666666666667,0.0819087063991823,0.0838090072437851,0.08390916520145922
-0.100000000000001,0.0938521335527746,0.0957524343973795,0.07821724240489455
-0.0833333333333339,-0.0733961134837159,-0.071495812639111,0.07451564908861111
-0.0666666666666673,-0.0758323485853367,-0.0739320477407318,0.06411278482357141
-0.0499999999999998,0.0938521335527746,0.0957524343973795,0.050373567182291926
-0.0333333333333341,0.0986195829493155,0.10051988379392,0.04595590320236281
-0.0166666666666666,0.0843002315891624,0.0862005324337673,0.05522626834882681
0.0,-0.0733961134837159,-0.071495812639111,0.06578055865234472
0.0166666666666666,-0.20137190433956,-0.15468342690838,0.06266128225808038
0.0333333333333332,-0.19894144721544,-0.148803733485319,0.044819607322237234
0.0499999999999998,-0.195042925074978,-0.14841701658784,0.022884962539654392
0.0666666666666664,-0.199379581400351,-0.152878496565707,0.007656225200906924
0.083333333333333,-0.206131543984586,-0.156317905869005,0.0013812881454404672
0.0999999999999996,-0.225569461495531,-0.17575582337995,0.00011753158288760622
0.116666666666666,-0.044420198763676,-0.00479548234862,0.00011612065616943649
0.133333333333333,-0.0416598570590743,0.0012823103936447,9.702965821021024e-05
0.149999999999999,-0.21045086919919,-0.16076611301938,8.012325086927382e-05
0.166666666666666,-0.208976430833816,-0.159355955979167,8.123628770538052e-05
0.183333333333333,-0.216241917976927,-0.170051067366369,6.62378030453236e-05
0.2,-0.0680110998408395,-0.0253659294267862,8.619483325189444e-05
0.216666666666666,0.25218326493137,-0.179327698913951,0.015535214731641689
0.233333333333333,2.61840621046015,-0.177329480004236,0.20560055721935086
0.25,6.46403729700688,0.64692628311888,0.9298675403211468
0.266666666666667,11.8558820046065,2.26643999646113,2.625062970315729
0.283333333333333,19.002444391519,5.4705376366841,5.663165823778487
0.3,22.4531789607598,10.6086652028051,9.938070792261524
0.316666666666666,26.0987588897807,15.1333187347119,14.815214781519979
0.333333333333333,30.1175249787021,20.1280618947047,19.634385816857968
0.35,32.1657737540789,24.1634511314179,23.949909244780745
0.366666666666666,33.728700287154,28.0034228820676,27.554779538560613
0.383333333333333,33.6955351261754,30.4049411906227,30.350710572766726
0.399999999999999,36.2501455520313,32.3349026655803,32.4198471948339
0.416666666666666,36.992263343962,34.4453310162734,34.002303228936
0.433333333333333,37.8256346233627,35.5338772603454,35.31530828759679
0.449999999999999,37.8091542772415,36.5156463316265,36.439704121625304
0.466666666666667,38.1000438322852,37.1133760853677,37.312981473396874
0.483333333333333,38.1072707488592,37.6411996867241,37.88327672781521
0.5,38.2719819257284,38.0941390216282,38.20097094371624
0.516666666666667,38.0789475663826,38.2193909359122,38.36413170093518
0.533333333333333,38.3792627085124,38.5662098105931,38.45517756533683
0.55,38.2457453815321,38.5443031468532,38.516665648509196
0.566666666666666,38.243551809356,38.7320667550705,38.556539144943805
0.583333333333333,38.364555739135,38.8691094454364,38.58575725026678
0.6,37.8627062480059,38.7272672550927,38.583386872860316
0.616666666666666,37.7365333518385,38.539235867563,38.51447338168991
0.633333333333333,37.5511481081698,38.3683480901398,38.37667652541077
0.649999999999999,37.377377017492,38.1757130524352,38.19301364692396
0.666666666666666,36.8923824839366,38.161174896335,37.97726010603614
0.683333333333333,36.70981300118,37.8461128742115,37.73260923773711
0.699999999999999,36.5813725085165,37.4999064363038,37.475127920281274
0.716666666666667,36.3965772412822,37.1993706092255,37.22718675608887
0.733333333333333,36.2340706818386,37.0025626942658,37.00778114108446
0.75,35.9180507324668,37.0434245926064,36.81076647100439
0.766666666666667,35.4378675353736,36.4039974152754,36.59406828676158
0.783333333333333,35.0947366107121,36.1962193851475,36.321070790399546
0.8,34.9461623563234,36.018505532421,36.00372551883558
0.816666666666666,34.744377957179,35.526997530952,35.686819330619656
0.833333333333333,34.9201313595188,35.3589323553799,35.43001069572481
0.85,35.0353052306554,35.1726233054773,35.28124624779002
0.866666666666666,35.3484160084775,35.1750167018766,35.25857208374188
0.883333333333333,35.2911581312503,35.5253954308643,35.335134656449426
0.899999999999999,35.4609334717703,35.5046573988515,35.45831994276216
0.916666666666666,35.799989548873,35.4863197814498,35.602635146486556
0.933333333333333,35.9965209971612,35.6685835769288,35.76882730714128
0.95,35.9352090665349,35.9683556420142,35.94565083225612
0.966666666666666,35.7601680053579,35.952255415857,36.089680972931376
0.983333333333333,36.0271462415173,36.1248709285398,36.177214401687
1.0,36.0884627261881,36.2999131492144,36.22839224961199
1.01666666666667,35.8495381582815,36.2147775220695,36.258804538616594
1.03333333333333,35.9228243943256,36.2743897566803,36.27260058690344
1.05,36.0066385590126,36.3896649336811,36.27600441643374
1.06666666666667,35.9840155837578,36.5530716499749,36.27569923921557
1.08333333333333,35.9022947095426,36.2675340733305,36.27497599005615
1.1,35.6808935079876,36.2352005461778,36.25814138287648
1.11666666666667,40.1288558063967,36.4075732348342,36.48023798536027
1.13333333333333,35.7347529371138,36.1130399696658,36.93252217661697
1.15,35.4073521604462,36.2399479005462,37.210002456402265
1.16666666666667,34.8312814148339,36.0993058991804,37.05484303534263
1.18333333333333,34.0251656388169,35.9151289057566,36.44670431609197
1.2,32.4510443172647,35.271334341878,35.551253533959326
1.21666666666667,31.5207866074904,34.6167047346361,34.553194339471816
1.23333333333333,31.0589911594106,33.4899508324005,33.5617037808386
1.25,31.337822384721,32.6649783267507,32.677923040745085
1.26666666666667,31.5255256017094,31.721676902514,32.053218215052
1.28333333333333,31.6888471400157,31.7145663226831,31.769771524796095
1.3,31.9270808464963,31.8101643165324,31.76440800975479
1.31666666666667,31.9775216928838,31.8623015658319,31.900191919537118
1.33333333333333,31.9751515000157,32.0173576969349,32.05757288081722
1.35,31.9632080738288,32.1340564106342,32.17491939925655
1.36666666666667,31.7952615238168,32.1511039893118,32.22972266251898
1.38333333333333,31.6485842662003,32.1316862177661,32.21583682979836
1.4,31.4476978397683,32.1293146321542,32.13765630108528
1.41666666666667,31.2775573388769,32.0003525923026,32.009573416176906
1.43333333333333,30.9729676961583,31.8355137856647,31.84241614895451
1.45,30.8120425470376,31.6443227539766,31.646133152334034
1.46666666666667,30.5190356646967,31.4771726638099,31.430417917423046
1.48333333333333,30.353628596854,31.009211114798,31.203599537167946
1.5,30.0487804858946,30.8589707537179,30.971892677724295
1.51666666666667,30.0375150618103,30.5176819059025,30.748078960703673
1.53333333333333,29.5768868118286,30.3529511485116,30.53123143786231
1.55,29.8721661977048,30.2217148959306,30.335494320766216
1.56666666666667,30.028623594558,30.0498860713475,30.20762669794648
1.58333333333333,30.0309882287016,30.0522507054911,30.16972447612502
1.6,30.0238901615093,30.0312273260916,30.20123932210084
1.61666666666667,29.688575328107,30.2077293661572,30.235723942132573
1.63333333333333,29.5610572281879,30.0081393950466,30.207516868748783
1.65,29.2123973484331,29.8412189782928,30.090707650255524
1.66666666666667,28.9102289509088,29.7077548728197,29.893458039994183
1.68333333333333,28.4451870601254,29.538471208548,29.631120419216625
1.7,27.7925987109242,29.064073753762,29.295851341180153
1.71666666666667,27.3380433670631,28.7207771569313,28.88141503124905
1.73333333333333,26.8581051254581,28.2354641979341,28.40610491201027
1.75,26.5230171578593,27.5967363022523,27.911741286875902
1.76666666666667,26.0557703651262,27.296456939492,27.435695991307206
1.78333333333333,26.0557703651262,26.8373737560238,27.01345151131968
1.8,25.9283394216536,26.4814129548569,26.676195953020283
1.81666666666667,25.7533670684823,26.1882150270827,26.426791663700563
1.83333333333333,25.5593663111112,26.0041366143211,26.240135441213752
1.85,25.7291002203932,25.875490495651,26.099630741981393
1.86666666666667,25.7557247816766,25.8778482088453,26.008801919022524
1.88333333333333,25.5617240243055,25.6939435965802,25.958332426779712
1.9,25.5376061039283,25.6939435965802,25.92494144583174
1.91666666666667,25.5376061039283,25.6939435965802,25.889656146491397
1.93333333333333,25.4271152471551,25.870123033728,25.842467436866663
1.95,25.4320658791498,25.6792180858245,25.78926820013296
1.96666666666667,25.4271152471551,25.6862870849897,25.744121757446294
1.98333333333333,25.0901168556573,25.5049332470804,25.69224422677727
2.0,25.0758676233163,25.6739279348265,25.612997035466215
2.01666666666667,25.0521006422599,25.3312314089353,25.51445107404296
2.03333333333333,25.2120275514085,25.3091320311515,25.430888034799466
2.05,26.1562200939057,25.1807106244674,25.45295471823644
2.06666666666667,27.9216765205364,25.31148422944,25.742966479955676
2.08333333333333,30.2402734789071,26.1498414314148,26.48207076892585
2.1,32.5787752620608,27.4420017489787,27.768801863796526
2.11666666666667,35.0774408749578,29.283644145255,29.565312954742808
2.13333333333333,36.0391379150504,31.8535233892035,31.638697695683412
2.15,37.6070355084548,33.7363795799141,33.68419029574268
2.16666666666667,38.3721432025506,35.4932059148772,35.48589319772624
2.18333333333333,38.4969768738094,37.0812060964851,36.91046980022257
2.2,39.2542692333583,38.0013028841418,37.95501145969277
2.21666666666667,39.0896292709868,38.8187598745547,38.681270612922546
2.23333333333333,39.5999596336512,39.2745739327176,39.17159209167678
2.25,40.5141484597621,39.5567393976856,39.570435907073815
2.26666666666667,40.9796453768747,39.9160087122778,40.00446877457005
2.28333333333333,42.0293580598407,40.5422708357656,40.54846345872851
2.3,42.9570607349264,41.163415334327,41.23150620382678
2.31666666666667,44.5068781723485,41.7549365698428,42.072223129760985
2.33333333333333,45.641551393608,43.0276178368245,43.077890798041715
2.35,46.9984719451302,44.1382753187145,44.22571178043847
2.36666666666667,48.1215964977477,45.5568676904966,45.4630895132626
2.38333333333333,48.5889555801573,46.6690884525881,46.67683609554334
2.4,49.1629648427273,47.758977028727,47.74786869924838
2.41666666666667,49.4454629821433,48.3854709998208,48.60806509953206
2.43333333333333,49.6802620327728,48.984831463861,49.24579029632188
2.45,49.5670506022065,49.6159527304718,49.680393397818634
2.46666666666667,49.609680809392,50.1301858180491,49.9436025847078
2.48333333333333,49.5744978025456,50.075482166057,50.07609441503084
2.5,49.612015217249,50.2604945555068,50.12425270362044
2.51666666666667,49.5895267496635,50.2373170368755,50.13392094489109
2.53333333333333,49.5918611575204,50.2396514447324,50.133929688546736
2.55,49.4006318550879,50.2164884283462,50.122151612380115
2.56666666666667,49.1276286671882,50.2396514447324,50.07080310223198
2.58333333333333,48.6211932231895,49.7499101154962,49.94038494514071
2.6,47.2331604887127,49.5840611353952,49.64502021865954
2.61666666666667,45.4863905643674,49.0577884819433,49.05704161761754
2.63333333333333,44.0871989997234,48.3230101263642,48.111334499846805
2.65,43.6300908851472,47.0532687039587,46.92230584492509
2.66666666666667,43.9119044849445,45.3108699020025,45.77969123911134
2.68333333333333,44.3781993495846,44.6361903772898,44.98450732176161
2.7,44.9851951026558,44.8356896427674,44.67932919637928
2.71666666666667,45.3248041494401,44.9279177046763,44.79595805363945
2.73333333333333,45.6245888778311,45.2749501590264,45.14334760537162
2.75,45.9761014034465,45.7370134282094,45.55154362646376
2.76666666666667,46.2523243483005,46.0157655919592,45.93497046055011
2.78333333333333,46.4376898851823,46.3734442354746,46.270236025054295
2.8,46.5474444115742,46.5265958895652,46.5543649876697
2.81666666666667,46.8847244838871,46.6543034639667,46.79866170967229
2.83333333333333,47.4431062463438,46.662980883257,47.04492651359145
2.85,47.9065519522468,47.151021543248,47.344770218473656
2.86666666666667,49.2035249810379,47.6135107825529,47.77294378595802
2.88333333333333,49.5006198443439,48.4601749812405,48.35188491622635
2.9,49.2153135724527,48.9425276007344,48.960874914929626
2.91666666666667,49.8359251166245,49.5681286925822,49.476118897186176
2.93333333333333,49.9438363337044,50.0379959585694,49.85666525834228
2.95,50.4117788866193,50.1496310482533,50.145442336661574
2.96666666666667,50.250273557899,50.3286792512704,50.39626924978784
2.98333333333333,50.3914064440524,50.809161580632,50.612437107479074
3.0,50.2455256560622,50.642908350075,50.76319700690387
3.01666666666667,50.2253198147034,50.960770598001,50.827694265849516
3.03333333333333,50.0569082734829,50.960770598001,50.8189303531205
3.05,49.9282747056961,50.9374084718687,50.75759623389884
3.06666666666667,49.3437683996022,50.4354678810626,50.63330030381407
3.08333333333333,48.8135424975319,50.3448204519312,50.40938683224003
3.1,48.5187224354816,50.0041485683383,50.08125989850592
3.11666666666667,48.2483512765586,49.5404726302349,49.693885997181674
3.13333333333333,47.8917130614962,49.3495878475255,49.303810104013266
3.15,47.7653616063317,49.0516035072553,48.95465193811899
3.16666666666667,47.4137501803176,48.6954795433008,48.6533108722077
3.18333333333333,47.2804414033787,48.5590101091726,48.384971998135164
3.2,47.0927832433675,48.2611292548475,48.14250498668975
3.21666666666667,46.9436183209378,48.0909116238045,47.925461801487
3.23333333333333,46.4683969091155,47.7393088794693,47.7133932860716
3.25,46.1737765092623,47.4216749520125,47.47442079239704
3.26666666666667,46.1785133779078,47.2563123361318,47.214555653718165
3.28333333333333,46.1595362370211,47.1059512333284,46.97715930311081
3.3,46.3208538578389,46.9498563745024,46.816477989193785
3.31666666666667,46.4493200385094,46.6137024005128,46.762833576527306
3.33333333333333,47.1044632060179,46.6184392691583,46.83512834071126
3.35,48.1791065465101,46.9161133670792,47.08471133853264
3.36666666666667,49.2660605591771,47.7153040548706,47.57166416209451
3.38333333333333,49.892533211626,48.3485340525777,48.28118770126444
3.4,50.4862176211601,49.3312491578701,49.104824554135085
3.41666666666667,50.9560157220576,49.744625611173,49.90722460928558
3.43333333333333,51.1036689298709,50.573252284394,50.58347777841537
3.45,51.1243132478483,51.1899696295473,51.08311075349554
3.46666666666667,51.5547644893315,51.6442150084111,51.431780924294976
3.48333333333333,51.2305489721015,51.6575809296096,51.66330647613949
3.5,51.39808993778,51.8276214023596,51.800251659611675
3.51666666666667,51.0576853116447,51.822884533714,51.854834904406104
3.53333333333333,51.0624221802902,51.7849118368806,51.83211114909183
3.55,50.8895585198334,51.7801749682351,51.75267001368404
3.56666666666667,50.6000735028092,51.6575809296096,51.63060453090718
3.58333333333333,50.2638199191866,51.4450666929845,51.46434941526137
3.6,50.299042446146,51.4789423848413,51.2667984831338
3.61666666666667,49.9695980335169,51.1477021920755,51.0593980112538
3.63333333333333,49.6706392792016,50.845151815402,50.84579152684507
3.65,49.5072493560359,50.6804151192183,50.62601540405737
3.66666666666667,49.1709957724133,50.3822773839852,50.393757747163335
3.68333333333333,48.9165414425462,50.2131280463612,50.14311463817607
3.7,48.8767738867436,49.8732829024651,49.89396592872808
3.71666666666667,48.4491429900435,49.7398887425275,49.656728233626865
3.73333333333333,48.4491429900435,49.4423179152151,49.43374802557608
3.75,48.285639282741,49.2770143111107,49.23431765850974
3.76666666666667,47.9864814061864,49.1447470879028,49.05001081225906
3.78333333333333,47.9796522504352,49.1361180353498,48.87572469352956
3.8,47.9864814061864,48.8046661424029,48.72569666927319
3.81666666666667,48.4491429900435,48.634625669653,48.64525222085052
3.83333333333333,49.2062255818098,48.634625669653,48.71322750373072
3.85,50.2638199191866,48.8297325679998,49.01141673617222
3.86666666666667,51.0989320612254,49.612358387965,49.5629402061348
3.88333333333333,52.0289920975853,50.3822773839852,50.31584697702688
3.9,52.3186762368489,51.206388482722,51.148411429181365
3.91666666666667,52.5080309669766,51.822884533714,51.90850438656473
3.93333333333333,52.9824858248565,52.7687970902272,52.514880411581224
3.95,53.1299370230646,53.2790955438061,52.96904052788749
3.96666666666667,53.006037438755,53.4089937172342,53.29163450252409
3.98333333333333,52.9661067824729,53.5830388856616,53.495173251679645
4.0,53.0037138787215,53.7468691262533,53.596679508715454
4.01666666666667,52.8354163529308,53.7468691262533,53.61594433873865
4.03333333333333,52.6694423871735,53.7491926862867,53.57396309613872
4.05,52.3702732451348,53.5744447298556,53.48002010565078
4.06666666666667,52.063814005686,53.139471937354,53.3256743082415
4.08333333333333,51.8930876116961,53.137100057566,53.116836363236416
4.1,51.598467211843,52.7967829830132,52.87594536222427
4.11666666666667,51.4301126976411,52.6266244457369,52.62892741015401
4.13333333333333,51.1354922977879,52.3288470055032,52.388166860407054
4.15,50.6725173837329,52.1801985992526,52.13664094362706
4.16666666666667,50.3358083553293,51.8609110279932,51.85061889870964
4.18333333333333,50.2299011153321,51.5205939534404,51.54008182931434
4.2,49.7418196537861,51.2392537266797,51.22332999728313
4.21666666666667,49.438115111838,51.1006432444615,50.90488276373989
4.23333333333333,47.5635302701595,50.7392444686905,50.48916617579375
4.25,43.5284184255211,50.1304631004399,49.65664081997821
4.26666666666667,38.3851012736442,48.7175964098605,47.962721424469265
4.28333333333333,31.6975076547834,45.8324679166059,45.026774144135416
4.3,24.7016635494814,41.1003574206894,40.70574084491004
4.31666666666667,21.2957175759869,35.4042606067937,35.39369942633316
4.33333333333333,15.409887749505,29.8859660122984,29.735394124630993
4.35,13.0812672052693,24.2062575396786,24.330491304153444
4.36666666666667,9.96332336165265,19.7782688015244,19.59399112740913
4.38333333333333,8.8817292326757,16.1696682989426,15.699005267863305
4.4,6.68687836953773,12.6832536859406,12.626523708964198
4.41666666666667,6.22834867422249,10.4744147032688,10.265050158820738
4.43333333333333,4.8317075344902,8.75667719149468,8.46696237046811
4.45,4.20196641797043,6.8512744549383,7.058648830345201
4.46666666666667,3.74330320151108,5.57419871092319,5.939529908795565
4.48333333333333,2.81641178970491,4.97823003038281,5.029325343447288
4.5,2.6900175062768,4.34460376037894,4.273257333982071
4.51666666666667,2.6900175062768,3.7058439786423,3.678327599999197
4.53333333333333,1.88713881028715,3.06470262929407,3.2168584193406393
4.55,1.88833638927496,3.0987855437653,2.8400107742623275
4.56666666666667,1.60002149133909,2.42594284755744,2.5171607171954355
4.58333333333333,1.89514155461283,2.30660263985675,2.2567461667258515
4.6,1.43138145518267,1.96569380559778,2.067100475811806
4.61666666666667,1.26414933040923,1.83547003632046,1.91795785779587
4.63333333333333,1.13524204134322,1.83308568985644,1.7720635376181326
4.65,0.962854052858279,1.66263127272695,1.6061758475276418
4.66666666666667,0.968929131004578,1.36672038921437,1.4379795563329516
4.68333333333333,0.968929131004578,1.3706045058886,1.3040780208122955
4.7,0.966544784540559,1.36433604275035,1.2209719484556145
4.71666666666667,0.666551717238557,1.19293357490654,1.1626250031808267
4.73333333333333,0.670144750241178,1.02241985828584,1.0949222191718184
4.75,0.796710637460735,1.02618799686592,1.0224643944624017
4.76666666666667,0.667756226370363,0.85322641560937,0.9623050825341635
4.78333333333333,0.667756226370363,0.85322641560937,0.9220184862825994
4.8,0.83216853533283,1.01392992675679,0.9092937285021921
4.81666666666667,0.50253988464082,0.856937795733007,0.9027656445120638
4.83333333333333,0.500149965861211,0.854547876953398,0.8735349837470983
4.85,0.50369054392164,0.854547876953398,0.8213428680771687
4.86666666666667,0.6725596958844,0.854547876953398,0.7739467771929676
4.88333333333333,0.498906516745384,0.853477814907269,0.7493465885366373
4.9,0.507233527929181,0.730242944901177,0.7408354858123355
4.91666666666667,0.502449500752926,0.725458917724922,0.7341380969190964
4.93333333333333,0.514326723601841,0.733914899105393,0.7203509060699398
4.95,0.502449500752926,0.729130871929138,0.7048243766599758
4.96666666666667,0.340501298638046,0.558379544173928,0.6852874201942154
4.98333333333333,0.509542696425586,0.558379544173928,0.6630482673362835
5.0,0.510698802161611,0.734088350154539,0.6495682510111513
5.01666666666667,0.335711677140349,0.56082245767316,0.6402997700174584
5.03333333333333,0.510698802161611,0.734088350154539,0.6338790639663515
5.05,0.339204400335986,0.564442508581637,0.6255825318227959
5.06666666666667,0.339204400335986,0.564442508581637,0.6055307868761125
5.08333333333333,0.342699500189725,0.564442508581637,0.5777621170640606
5.1,0.342699500189725,0.564442508581637,0.5517135270912545
5.11666666666667,0.337904274552062,0.559647282943975,0.5332367956382283
5.13333333333333,0.337904274552062,0.563269859645488,0.5234871637124312
5.15,0.510615748841684,0.395845690235036,0.5309584274852603
5.16666666666667,0.339002036044665,0.38988054016279,0.550788298255523
5.18333333333333,0.339002036044665,0.38988054016279,0.5646499700204268
5.2,0.339002036044665,0.393445972789144,0.5639648917453058
5.21666666666667,0.501452495084988,0.726945706378849,0.5606854721308757
5.23333333333333,0.340100774324625,0.39461277266377,0.5642867056041653
5.25,0.343603018725828,0.39461277266377,0.5690216577732744
5.26666666666667,0.338796555260616,0.389806309198558,0.5670629706391372
5.28333333333333,0.338796555260616,0.389806309198558,0.5538977411828607
5.3,0.345808205656669,0.393376723276091,0.5384474966352294
5.31666666666667,0.343402861892785,0.394544288231151,0.5297633515943061
5.33333333333333,0.21631935605536,0.394544288231151,0.5199466164275168
5.35,0.21978544087313,0.394544288231151,0.49771572841879064
5.36666666666667,0.344505519335681,0.399290846623499,0.4728072616667596
5.38333333333333,0.348017323927966,0.392137534796053,0.46415151640011865
5.4,0.220847136418068,0.399290846623499,0.4681453236205086
5.41666666666667,0.216029395574427,0.39447310577986,0.4684186995373386
5.43333333333333,0.216029395574427,0.269497374556771,0.454424859264132
5.45,0.219500211136387,0.398053514130171,0.43070762105290505
5.46666666666667,0.220562405811162,0.395642524238091,0.41046269795485585
5.48333333333333,0.217089221244307,0.399225437713448,0.4010799508553279
5.5,0.218150001280789,0.396813033183074,0.3992092559533503
5.51666666666667,0.218150001280789,0.400398454413556,0.3991731018777563
5.53333333333333,0.221625557278811,0.400398454413556,0.3990060371358136
5.55,0.228583793290025,0.275295230564238,0.39969621712006254
5.56666666666667,0.216796499320054,0.270466172605484,0.40099417968760187
5.58333333333333,0.216796499320054,0.270466172605484,0.40149655228003034
5.6,0.223754735331268,0.39915732807418,0.40121654017989367
5.61666666666667,0.227237420213606,0.274011548908377,0.4013322466456959
5.63333333333333,0.224820764290006,0.271594892984777,0.4026008583501127
5.65,0.222402688737669,0.276275024920131,0.4047761546771408
5.66666666666667,0.222402688737669,0.276275024920131,0.4068085313289045
5.68333333333333,0.0535022492927183,0.277408364899553,0.3978327037110163
5.7,0.223468258357119,0.277408364899553,0.3789170860617557
5.71666666666667,0.226955708021284,0.277408364899553,0.3665242873829561
5.73333333333333,0.0520883142786033,0.276120432730153,0.3586807216375248
5.75,0.225602283226852,0.276120432730153,0.35382282679322
5.76666666666667,0.225602283226852,0.276120432730153,0.35748388159485484
5.78333333333333,0.226670740863059,0.277254489041891,0.369225068662784
5.8,0.226670740863059,0.277254489041891,0.38650750697905245
5.81666666666667,0.346728486563183,0.400872554833573,0.4109385151414914
5.83333333333333,0.0609801442154378,0.278389616638818,0.42497823038606675
5.85,0.064421225294064,0.278389616638818,0.4078114970654333
5.86666666666667,0.234736576656903,0.411005024786883,0.37449854983029773
5.88333333333333,0.229881908931974,0.277097768820527,0.3532665356697914
5.9,0.0605805192635515,0.281801440865583,0.3466260833096486
5.91666666666667,0.0605805192635515,0.281801440865583,0.3388463329498421
5.93333333333333,0.186617438076312,0.40439255943871,0.3252100648350543
5.95,0.0581496105681332,0.282940867339191,0.30763364982378427
5.96666666666667,0.235534135854884,0.282940867339191,0.3007680356878232
5.98333333333333,0.234177033233607,0.281647597599612,0.31726341124494056
6.0,0.235534135854884,0.117716382786031,0.3481094017111858
6.01666666666667,0.0611927789845431,0.282787747042572,0.36797920075401397
6.03333333333333,0.0611927789845431,0.282787747042572,0.35763848711028384
6.05,0.0681009439209085,0.286365621277661,0.32069234481378467
6.06666666666667,0.0656642987911503,0.283928976147903,0.2759812143851107
6.08333333333333,0.239846676243955,0.2875093687121,0.25197387965895485
6.1,0.239846676243955,0.2875093687121,0.2636253934824247
6.11666666666667,0.0677043522345073,0.11718460341242,0.28504808351657096
6.13333333333333,0.0677043522345073,0.11718460341242,0.28799770509275047
6.15,0.0662833835307595,0.11582839131192,0.26343552329377207
6.16666666666667,0.068725785424008,0.290947118829089,0.2244820887860165
6.18333333333333,0.0662833835307595,0.119358028022372,0.1910212327447761
6.2,0.0648590256271895,0.114468895822102,0.17294190206391766
6.21666666666667,0.0648590256271895,0.118001021288457,0.1657651394254429
6.23333333333333,0.246344863154893,0.118001021288457,0.17300597201448972
6.25,0.065879449830571,0.29194792709331,0.19091432765063654
6.26666666666667,0.070372743037607,0.116640726197109,0.2031636664001072
6.28333333333333,0.070372743037607,0.116640726197109,0.20068575043220832
6.3,0.196909180102637,0.243239953994671,0.19284543077313096
6.31666666666667,0.0689463612382234,0.115277135130255,0.18978650158765406
6.33333333333333,0.0724230740141607,0.122358849537068,0.1888281424972179
6.35,0.073449656453618,0.123450932918931,0.18451798996639615
6.36666666666667,0.073449656453618,0.126998046347566,0.1734489995687475
6.38333333333333,0.073449656453618,0.300162422429537,0.16084482947810974
6.4,0.0709956796606619,0.297708445636581,0.1530001363445279
6.41666666666667,0.0744771851114152,0.128093690249605,0.1502694762249468
6.43333333333333,0.0755056611780795,0.125638260810961,0.14946978263202926
6.45,0.0779610906167214,0.128093690249605,0.1490012374260913
6.46666666666667,0.0740767472437781,0.124275169454823,0.14895448658236823
6.48333333333333,0.209216038102183,0.252434626668843,0.1570172766357497
6.5,0.0810565808881655,0.127829812664261,0.17272576555816707
6.51666666666667,0.0785967857649375,0.128927176006084,0.18363123266063403
6.53333333333333,0.0796290634102377,0.126465923067053,0.18318584498723472
6.55,0.0761355328259043,0.126465923067053,0.17243014108533547
6.56666666666667,0.0747021788977648,0.12153903855458,0.1590502353660238
6.58333333333333,0.0781981219842301,0.128660911937818,0.15045505882856208
6.6,0.0816964800726687,0.132225632208609,0.14787557542708138
6.61666666666667,0.0816964800726687,0.132225632208609,0.14828570194898977
6.63333333333333,0.0792308459018933,0.129759998037834,0.1491526799324354
6.65,0.0767637487206265,0.130860147088197,0.1495310179773861
6.66666666666667,0.203801272708517,0.257966670360653,0.15672057024696073
6.68333333333333,0.0788291313144107,0.129491333360819,0.17049212419094628
6.7,0.20243922508393,0.253101427130336,0.1874752391417358
6.71666666666667,0.0788291313144107,0.133063639575325,0.20077451445731515
6.73333333333333,0.0808983363082532,0.131694023521458,0.20034215431203567
6.75,0.0844088070252731,0.131694023521458,0.18782084599215154
6.76666666666667,0.0794584725712554,0.12674368906744,0.1712496460160387
6.78333333333333,0.203215518678676,0.250500735174861,0.16539649613290866
6.8,0.0794584725712554,0.133900982437556,0.17271271238337504
6.81666666666667,0.204287837352515,0.255217446428023,0.18781708585026008
6.83333333333333,0.0780151502635476,0.128944759339054,0.2009477997353662
6.85,0.0815304836522642,0.132527217870983,0.20019617009756796
6.86666666666667,0.203990478176263,0.255054447254266,0.1947798295190647
6.88333333333333,0.203990478176263,0.255054447254266,0.1995342787281944
6.9,0.0811230594763572,0.132254373311152,0.21018482410083955
6.91666666666667,0.20506428808813,0.256195601922925,0.21971239049111768
6.93333333333333,0.204764088865915,0.252437768444889,0.2288348168699854
6.95,0.204764088865915,0.252437768444889,0.23871840621453191
6.96666666666667,0.211821605408755,0.256030422634395,0.2512031224316943
6.98333333333333,0.0344139120006027,0.0768518570498415,0.25357919723421707
7.0,0.086322153395453,-0.0402051417195707,0.2340633201181774
7.01666666666667,0.086322153395453,0.134191516328897,0.20124890650037652
7.03333333333333,0.0838299844802876,0.135299676936941,0.17155469125323491
7.05,0.0873648699427008,0.135299676936941,0.15565417367707285
7.06666666666667,0.0823760706982178,0.133913771126736,0.15228107598442464
7.08333333333333,0.0834167786416437,0.135022598219474,0.15360640223412575
7.1,0.205229898155677,0.256835717733507,0.16190014998316235
7.11666666666667,0.0880007134906862,0.136132504015261,0.1761929040631397
7.13333333333333,0.215856679414968,0.264054348834613,0.19460988547462318
7.15,0.214477411278347,0.259127892239183,0.21767755387147142
7.16666666666667,0.0936415566554686,0.141971311530511,0.23423296690801867
7.18333333333333,0.215561631648644,0.263891386523687,0.2411465815087313
7.2,0.038666486886774,0.0887685561790853,0.23545598697148656
7.21666666666667,0.211708601876721,0.260104563675913,0.223075566924489
7.23333333333333,-0.084882069794066,0.140306074785553,0.20761772645481813
7.25,0.0442126941994481,0.262404826718925,0.1847400770882679
7.26666666666667,0.217435677563459,0.266030919111245,0.16942413010628307
7.28333333333333,0.0462683827717043,0.268340800944834,0.1666737411834312
7.3,0.219612155252226,0.264709522803323,0.17717137238326766
7.31666666666667,-0.0749085413925009,0.0194283467959934,0.1890553360048529
7.33333333333333,0.0448189196593979,0.270655138523603,0.1838677140763313
7.35,0.0433659602662757,0.265693182771833,0.16293953532105096
7.36666666666667,0.216830690434372,0.137785872705939,0.14893431846824648
7.38333333333333,0.217919468474064,0.270490733601848,0.1636104163033284
7.4,0.222586229983233,0.271650325209991,0.20277275419505142
7.41666666666667,0.0524585558062114,0.14000972231007,0.23658799206620568
7.43333333333333,0.0524585558062114,0.275297227520714,0.23721856163195587
7.45,0.0997909480240764,0.148990002624067,0.20955350067884507
7.46666666666667,-0.072979887263137,0.153770185246906,0.17211866715978896
7.48333333333333,0.225869123145387,0.146961138741352,0.15150315113936286
7.5,0.0566046924275355,0.14808054733836,0.15485703932294212
7.51666666666667,0.0491236911051473,0.276136277982642,0.16237464537071333
7.53333333333333,-0.0689822879896191,0.0226567650647766,0.15686451271834173
7.55,0.231360872468342,0.148948680290043,0.1484869449517139
7.56666666666667,-0.0644419518845453,0.0273607853980486,0.14634377111967412
7.58333333333333,0.0582682368961407,0.150070974178733,0.1448554713402565
7.6,0.0618092765956696,0.289480916805604,0.14108348335972185
7.61666666666667,0.0603519514220252,0.155947138288223,0.13282092640623985
7.63333333333333,0.058891087921107,0.154571154873609,0.12399235365244218
7.65,0.0613952775377307,0.157075344490233,0.12022678646768085
7.66666666666667,0.240490298819022,0.158204656930184,0.131503128114061
7.68333333333333,0.0620224265137033,0.154319148800035,0.15316934070134258
7.7,0.0655784036761851,0.157957886512511,0.16749818614421846
7.71666666666667,-0.0152505610849673,0.0298995316666186,0.1624763558625112
7.73333333333333,0.110297561091769,0.155447653843355,0.14306680979986358
7.75,0.108848878205872,0.161354601509643,0.1285096266362988
7.76666666666667,0.112427719402456,0.161354601509643,0.12998943656133918
7.78333333333333,0.117078177580303,0.166140941683717,0.1439814535252653
7.8,0.118148281582504,0.163624644061174,0.15857217377450766
7.81666666666667,0.118148281582504,0.167279156819514,0.16671534094927803
7.83333333333333,0.114179192260303,0.163378292309076,0.16902401474543752
7.85,0.115248262905288,0.293589765795937,0.1687239228779222
7.86666666666667,0.118842248941035,0.160855907726334,0.16735631219343228
7.88333333333333,0.113792902818515,0.163128794291118,0.16571675481986248
7.9,-0.0507713239034757,0.299671677555931,0.15707547692564527
7.91666666666667,0.122063108244136,0.167934653623232,0.14228810527880936
7.93333333333333,-0.0002986587354001,0.0419687505777311,0.12510273422184226
7.95,0.258359321417226,0.172749597556661,0.1198951690731822
7.96666666666667,0.124215406553192,-0.0071431574308825,0.1360211864130428
7.98333333333333,0.126371764041743,0.168830632836755,0.15927985231287628
8.0,0.126371764041743,0.168830632836755,0.17525821847201162
8.01666666666667,0.123837139091122,0.177339110995062,0.17736365596739223
8.03333333333333,0.127451468246228,0.0033412646807804,0.17093678710073507
8.05,0.135773635470287,0.182178367809099,0.16493836849084065
8.06666666666667,0.130696698437594,0.177101430776406,0.163714923132102
8.08333333333333,0.134321263984665,0.180793153330134,0.16484170898393108
8.1,0.306310387850663,0.352849547872366,0.17635099285011635
8.11666666666667,0.136494996428727,0.183101540989033,0.19702908439323716
8.13333333333333,0.30495916170016,0.492521593869822,0.22137734368317988
8.15,0.127497685374134,0.353980959221354,0.23931226667264735
8.16666666666667,0.142310263327551,0.189119646611503,0.23769847875391584
8.18333333333333,0.132149347803239,0.180697162732564,0.21899987220090728
8.2,0.139395739983473,0.18634092194664,0.19467011799871645
8.21666666666667,-0.033378309902519,0.190054162953101,0.1672840896082164
8.23333333333333,0.143040909207211,0.011723459601351,0.14200190458785697
8.25,0.144135512997678,0.191216953748842,0.12949718820331174
8.26666666666667,-0.0283349929202984,0.16372838920251,0.12328921209241786
8.28333333333333,-0.0349010349771994,0.0175766891340352,0.11040467448068851
8.3,-0.0328372028991289,0.0161216326277099,0.08745573712760923
8.31666666666667,0.148524315356972,0.0172239471513102,0.06880007872173845
8.33333333333333,-0.204941237657557,0.0208883065385528,0.06433184242265863
8.35,-0.0246105689383583,0.0208883065385528,0.06600644912995647
8.36666666666667,0.149624119477135,0.0219944058390375,0.07201877034990255
8.38333333333333,-0.0286975994495876,0.199388853927049,0.07742689150423808
8.4,-0.0250945851157596,0.0205375656731434,0.07511764852344946
8.41666666666667,-0.0276602036469313,0.204301314994291,0.06544599387649422
8.43333333333333,0.150362618820281,0.0227522221539026,0.059967123201510264
8.45,0.151465041512677,0.0238612281495683,0.07253525255372656
8.46666666666667,0.150979267846019,0.196879338546101,0.10294801495660913
8.48333333333333,0.157352059436938,0.0260826032026351,0.1390991118567354
8.5,0.153174740786557,0.195523631370792,0.16547055933424837
8.51666666666667,0.325429742252538,0.197852987704913,0.18783338431098845
8.53333333333333,0.159569504548606,0.207617772117154,0.2110821533080907
8.55,0.146699610346789,0.196493049689024,0.22509263820450753
8.56666666666667,-0.199331198899864,0.0316557294716638,0.21382539384162474
8.58333333333333,0.328911406916514,0.205055054197019,0.191530061556466
8.6,-0.195768338844496,0.035355071039745,0.17315103990340866
8.61666666666667,-0.0135996142228421,0.0364757953309734,0.15092430759462983
8.63333333333333,-0.0151330324446327,0.035013166960691,0.12022390810189297
8.65,0.155825191419078,0.202334814491189,0.09163112692829384
8.66666666666667,-0.0183428906910329,0.206042300001313,0.07584353533389347
8.68333333333333,0.156928728450598,0.207216865738825,0.07904645483963449
8.7,0.155494568769176,0.209569510871181,0.10085810249724855
8.71666666666667,0.159138956766959,0.209569510871181,0.12868855348340225
8.73333333333333,-0.0062207009725938,0.220665422427221,0.14363930960924925
8.75,0.165005624749525,0.211926851380782,0.14340972433862512
8.76666666666667,-0.0103552536218089,0.0365659730094499,0.13139129775840885
8.78333333333333,-0.0146175460815506,0.210562306960524,0.10757867510123992
8.8,0.168343078423808,0.215471693635418,0.09022525880796732
8.81666666666667,0.162134887542183,0.209194255148133,0.09504720211422593
8.83333333333333,0.165794974569213,0.212923589780822,0.11979978321327305
8.85,-0.0140246242596959,0.219027171769885,0.1419185417878972
8.86666666666667,-0.0093722012946557,0.216474370417856,0.13790921273330767
8.88333333333333,0.171690102832243,0.222767503463869,0.11754236450651631
8.9,-0.0083200773453761,0.217660332040383,0.09873738271070588
8.91666666666667,-0.0047109916971656,0.0407724957457667,0.08476651448003106
8.93333333333333,-0.0047109916971656,0.225149269074458,0.07164747595046321
8.95,0.173608669870583,0.217476732070299,0.06554407288703976
8.96666666666667,0.171048010439285,0.218664684081801,0.07980845304829909
8.98333333333333,-0.0041013534578276,0.226170208109487,0.10393892939616517
9.0,0.174408052737973,0.2222356868906,0.12434501414268015
9.01666666666667,0.179537257270812,0.231124585366033,0.140125394656977
9.03333333333333,0.17809718598558,0.229757853079948,0.15501352671710544
9.05,-0.170872922034806,0.0637174504910746,0.1623584156319035
9.06666666666667,0.0037637198487182,0.230956134663403,0.14848935492832196
9.08333333333333,0.0037637198487182,0.234724172765328,0.11331620755002669
9.1,0.0048277025316345,0.232155618915514,0.0720613302985848
9.11666666666667,0.0033209998624173,0.23455820193787,0.04257148693585111
9.13333333333333,0.187437204904391,0.235761303971125,0.04118960156762931
9.15,0.191145002504972,0.0580400319189344,0.07140076600850247
9.16666666666667,0.0127396755806508,0.0591799074342894,0.10813003035680907
9.18333333333333,0.0075851153127388,0.239377871795671,0.12228482168540278
9.2,0.0112334129794839,0.239377871795671,0.1064120011339948
9.21666666666667,0.012304679959135,0.0588834848826394,0.07332767161139322
9.23333333333333,0.189394089740451,0.241794984868911,0.05484689920169472
9.25,0.193112616349101,0.241794984868911,0.0717511285143966
9.26666666666667,0.187945307649679,0.248015839822529,0.11321603095932173
9.28333333333333,0.0129387126542703,0.245429789229376,0.1450691106859139
9.3,0.0140125730254582,0.0646040704107243,0.14199511077021357
9.31666666666667,0.197672637920905,0.0646040704107243,0.11826092594097734
9.33333333333333,0.0176767346276655,0.250448352302984,0.0973640937290993
9.35,0.0161634457922098,0.245268247818726,0.08197372649114472
9.36666666666667,0.0172404609786184,0.246483137641286,0.06834415910423339
9.38333333333333,0.0209125933787078,0.25029331616014,0.05087623995400839
9.4,0.0183185305648394,0.255328116934223,0.03385648780258557
9.41666666666667,0.0256707864014011,0.255328116934223,0.024033467876674486
9.43333333333333,0.207142985749676,0.0741048051233371,0.03382197823461551
9.45,0.0252418803992434,0.0726622359234071,0.05688415637305151
9.46666666666667,0.0226413809685759,0.0738181299873659,0.07266541573184028
9.48333333333333,0.195898156911431,0.425971691866838,0.08241115920100286
9.5,0.195898156911431,0.247148624102498,0.09806664930760531
9.51666666666667,0.195621440932108,0.243254919462252,0.12451181819683271
9.53333333333333,0.198174924862724,0.440034206574457,0.1573120938711094
9.55,0.211458701865905,0.261308314453877,0.18476897820522914
9.56666666666667,0.0280688368196238,0.0796154343465531,0.18910102362396608
9.58333333333333,0.0317677272306753,0.0871647298545845,0.1630518225970588
9.6,0.159618066188035,0.211313486525662,0.12769447728307667
9.61666666666667,0.211560838029195,0.263330859949607,0.11090364974719091
9.63333333333333,0.0313381212085098,0.0831081431289213,0.11318831957855835
9.65,0.346701473393071,0.213725992970713,0.13349451785278788
9.66666666666667,0.219865327072121,0.0868898466497633,0.16763612016326185
9.68333333333333,0.349106500718617,0.399476902696904,0.20726230762826686
9.7,0.219574745922574,0.0904018479031976,0.24413086499847048
9.71666666666667,0.039429988403819,0.087781894225634,0.2524893001571692
9.73333333333333,0.0431504963657581,0.0915749288284175,0.218167067585595
9.75,0.0442521351293472,0.0927492194483243,0.15698796258030406
9.76666666666667,0.164973976403623,0.217194284196866,0.10570732305966439
9.78333333333333,0.224237273846023,0.0912998700823614,0.09436918576068416
9.8,0.173565725796767,0.218406923980447,0.11903854364584762
9.81666666666667,0.352551587100116,0.2234252156175,0.16447312872187125
9.83333333333333,0.0434083982847319,0.0960074735106851,0.1998694161698798
9.85,0.0434083982847319,0.0960074735106851,0.1969518719509019
9.86666666666667,0.174407622237109,0.227082838636092,0.16741056696150017
9.88333333333333,0.0482517784662093,0.0971874157091506,0.13271127195359794
9.9,0.179295362649401,0.228304534396844,0.11211890215005496
9.91666666666667,0.176699588818408,0.229527477050757,0.11607420377245506
9.93333333333333,0.0504681282694257,0.0995509614964234,0.1276016308553491
9.95,0.18044464382376,0.237173522155528,0.13350730848310383
9.96666666666667,0.23861447857731,0.0980949414141527,0.1418993075764201
9.98333333333333,0.0538008772693054,0.10693567345874,0.14990607033415546
10.0,0.0549139926385678,0.108125843037512,0.1451093055774763
10.0166666666667,0.188811794944397,0.238264847979065,0.13306245393785956
10.0333333333333,0.0533819758850775,0.106671011838236,0.11973189550594474
10.05,0.184756779902114,0.238123132983305,0.11344496236027518
10.0666666666667,0.0582599565500573,0.10786199413622,0.11547312287649228
10.0833333333333,0.185912310722068,0.239356112734691,0.12056931481533018
10.1,0.1844569192638,0.23413364215813,0.13038685668264338
10.1166666666667,0.188226765049903,0.237978302241292,0.14593804404431443
10.1333333333333,0.195774768826097,0.237978302241292,0.1649978385860916
10.15,0.193161079854276,0.243062633511063,0.18118994987836318
10.1666666666667,0.0638587115629129,0.113835467841486,0.18281740788799034
10.1833333333333,0.189088343843772,0.242921375632314,0.17103355258527486
10.2,0.0596610844457579,0.159838375737299,0.15286685761359842
10.2166666666667,0.194032762210409,0.290426328551752,0.1379674513306572
10.2333333333333,0.195197378603311,0.291684013516969,0.13814091228054165
10.25,-0.0726641846626315,0.164937604059943,0.1403941259478848
10.2666666666667,0.193737951290127,0.290317798563643,0.13680260891895651
10.2833333333333,0.193737951290127,0.298091628436004,0.13647243118349878
10.3,0.20249577009245,0.299356119615651,0.14600728444901995
10.3166666666667,0.196069604064028,0.30062190580441,0.1650741214721696
10.3333333333333,0.203667766323852,0.30062190580441,0.18535418304124057
10.35,-0.0662024853754211,0.16838193534794,0.1859445210922801
10.3666666666667,0.0684281215278972,0.303157370370236,0.15841306453090867
10.3833333333333,0.246609033746792,0.297888823710002,0.13010966888414813
10.4,0.250434863530121,0.301791950781936,0.12958251246848682
10.4166666666667,0.255458242801107,0.306970324625245,0.16003583423963041
10.4333333333333,0.255458242801107,0.299155191217879,0.20372389413071085
10.45,0.250179743378479,0.309518820088924,0.23766633281635463
10.4666666666667,0.254014058696772,0.309518820088924,0.2527528150101118
10.4833333333333,0.259049453840962,0.31079503103358,0.25617979915454453
10.5,0.396941823514593,0.124747509845481,0.265633445965559
10.5166666666667,0.256406046562263,0.312072553205118,0.28321500310907344
10.5333333333333,0.264094549027744,0.312072553205118,0.29590081209722485
10.55,0.258802735324763,0.310704647853753,0.2963185493691253
10.5666666666667,0.263854217792002,0.31198312892615,0.285962460347735
10.5833333333333,0.263854217792002,0.31198312892615,0.2737094666395073
10.6,0.265058362652607,0.317195790561862,0.2669593824605146
10.6166666666667,0.268915444576461,0.321131648531611,0.2662359699152155
10.6333333333333,0.267470208154056,0.133222141885589,0.2677980117298467
10.65,0.267470208154056,0.323707177271797,0.2691563304160449
10.6666666666667,0.0842758890225802,0.134437869336132,0.2587326365677729
10.6833333333333,0.266021133636084,0.131781090985683,0.23746814309973724
10.7,0.269886805339136,0.135654868540188,0.22275242205725176
10.7166666666667,0.272308167017939,0.320969421959783,0.22450029842058122
10.7333333333333,0.276182457226523,0.134213004308936,0.24099071301678093
10.75,0.27352063855759,0.143199120529737,0.26054920771103585
10.7666666666667,0.274734306044273,0.140535618566886,0.2728635991646107
10.7833333333333,0.0899896797727983,0.144424190176492,0.26553969175533915
10.8,0.278614357945584,0.148315730765619,0.24458667012862373
10.8166666666667,0.277165235315832,0.142983670567184,0.23043417056599244
10.8333333333333,0.0896146495645105,0.144209622101295,0.22115484449142925
10.85,0.0934317003314597,0.144209622101295,0.20385346347274758
10.8666666666667,0.275712249204997,0.145436859728282,0.18521614010811238
10.8833333333333,0.0968840819769746,0.14009128195752,0.17111840037581771
10.9,0.0968840819769746,0.339272374094974,0.15830693864797565
10.9166666666667,0.100712515500116,0.151801637105325,0.145124499810578
10.9333333333333,0.289839250082395,0.1557110631872,0.14058942756351306
10.95,0.099191446826579,0.154271126327781,0.14689179929834748
10.9666666666667,-0.0861040005878095,0.341885383410343,0.14651098930045198
10.9833333333333,0.103025590830984,0.158186541648109,0.13123439710801302
11.0,0.104183871141307,0.155507817920974,0.10820566507102719
11.0166666666667,0.104183871141307,0.343193917486479,0.09158943011328047
11.0333333333333,0.106503924980521,0.154063685878223,0.09021330722474105
11.05,0.293307083380795,0.163153137733934,0.10978072173084412
11.0666666666667,0.107665701689119,0.163153137733934,0.13875760013253985
11.0833333333333,0.294539370653816,0.160467606862342,0.16768053310018194
11.1,0.294539370653816,0.164398055631761,0.2002980749400528
11.1166666666667,0.112679999366083,0.164398055631761,0.2225377623536795
11.1333333333333,0.111158050106651,0.162955340589399,0.21915611704275378
11.15,0.11501516428027,0.166891826990906,0.1929399034635996
11.1666666666667,0.11501516428027,0.166891826990906,0.1581243578243859
11.1833333333333,0.120047399928415,0.168140684154379,0.13108683946928573
11.2,0.120047399928415,0.172083222110435,0.11954015391814977
11.2166666666667,0.12122081716328,0.365765044168328,0.1187865243530063
11.2333333333333,0.12122081716328,0.181236672043814,0.12051161811879223
11.25,0.119699627210952,0.175846805348446,0.12164326954841603
11.2666666666667,0.123571202720113,0.179801488352513,0.12226868588604532
11.2833333333333,0.124748174285382,-0.0115211014016566,0.12296260043495302
11.3,0.124748174285382,0.181061710417991,0.12387206927930287
11.3166666666667,0.122048951051381,0.182323263767693,0.12483918325075669
11.3333333333333,0.128625557109433,0.188986315658053,0.12564839436632383
11.35,0.125926333875432,0.182323263767693,0.12646506252925283
11.3666666666667,0.133689828473135,0.186287092424052,0.12759776242374143
11.3833333333333,-0.0544445635023628,0.180883487598274,0.12126636665287985
11.4,0.136061378695402,0.192793321321834,0.10791121103758813
11.4166666666667,0.320043972026509,0.190088936443044,0.11077582052241777
11.4333333333333,-0.0560360931108384,0.183409821654583,0.1269289113059528
11.45,0.137248952222055,0.194065008735837,0.13802611627921552
11.4666666666667,-0.0483895547780833,0.191358900018282,0.1310730990677365
11.4833333333333,0.138437726887458,0.195338042083933,0.10890464278625248
11.5,0.136918142998033,0.185941504469771,0.09386753703333452
11.5166666666667,0.311323625597299,0.368308344529649,0.10837396725793355
11.5333333333333,0.134206852863271,0.191191571795621,0.14505229779808734
11.55,-0.0450268584819426,0.191191571795621,0.16545895892317705
11.5666666666667,0.323034663291934,0.182939839470635,0.16687776347166408
11.5833333333333,0.137773630844409,0.195012433889909,0.16535987783687284
11.6,0.137773630844409,0.195012433889909,0.16484625873084238
11.6166666666667,0.316308041255333,0.369637286451731,0.1763280572622701
11.6333333333333,0.136245007861871,0.197566433026128,0.19287882092758485
11.65,0.320220543948244,0.37762946641959,0.20829347705486767
11.6666666666667,0.140157510554782,0.197566433026128,0.21984806798584589
11.6833333333333,0.14135126370678,0.0051978735733492,0.21732692737810078
11.7,0.14135126370678,0.202849294421576,0.19969684276627298
11.7166666666667,-0.0475695630134162,0.193396847317422,0.16678647566940302
11.7333333333333,-0.0475695630134162,0.193396847317422,0.12194919844120139
11.75,0.147666720336732,0.011540350736378,0.08431648033144462
11.7666666666667,0.326493839367982,0.376307448875701,0.08349921844343752
11.7833333333333,0.146138403861352,0.203975195185951,0.11884121673533488
11.8,0.140078707935432,0.381658808545696,0.15952402568056967
11.8166666666667,-0.0414643320869189,0.207991453508706,0.17091253633401543
11.8333333333333,0.144606063818753,0.202528871635377,0.14862901437484002
11.85,-0.0458014031035177,0.203814330590738,0.11244781361149166
11.8666666666667,0.145805358092795,0.203814330590738,0.08628618221099782
11.8833333333333,-0.0408094701351068,0.20107866262903,0.07557754512447827
11.9,-0.0369412892561158,0.205101157457488,0.06515246874011438
11.9166666666667,-0.0424178883890512,0.0133405918473301,0.048050305698913234
11.9333333333333,0.143352713388849,0.381675639480468,0.036432597378567785
11.95,0.153355681163065,0.207678922726262,0.04638872907374977
11.9666666666667,0.332645413929841,0.200555918714091,0.08792520043985534
11.9833333333333,0.141860292549537,0.197870364704782,0.14482572957597933
12.0,0.145740192125856,0.392440037747999,0.18413721385879336
12.0166666666667,0.140363910677499,0.38706375629964,0.1922679155976844
12.0333333333333,0.336445828764312,0.391105048051235,0.1894540545841295
12.05,0.14813252715382,0.200425278167393,0.19344298447049074
12.0666666666667,0.145441796391688,0.388414317289105,0.1986076571416523
12.0833333333333,0.145441796391688,0.392458754667484,0.19530417443657863
12.1,0.146638060300486,0.199012315250441,0.1800705913750551
12.1166666666667,0.150529731907796,0.393813881673728,0.16217850489803876
12.1333333333333,0.333595680314506,0.201571935697416,0.1632337645582069
12.15,0.15293181986976,0.392474508585251,0.18318671155053193
12.1666666666667,0.154134699279731,0.393830748495977,0.19952928102494044
12.1833333333333,0.340105914052466,0.391131356488948,0.21112067363947667
12.2,0.155338804568805,0.399248633911961,0.21913407069200572
12.2166666666667,0.149934807076665,0.393844636419819,0.21703985189609373
12.2333333333333,0.338677037660027,0.20670757015246,0.2165749741038145
12.25,0.151136660374664,0.395203416073825,0.219808105412099
12.2666666666667,0.339950569162439,0.399269976036664,0.22762300653338313
12.2833333333333,0.152339739590035,0.396563624887903,0.2373855769924612
12.3,0.152339739590035,0.40063336003147,0.23424833139507212
12.3166666666667,0.342501475070084,0.401998178936893,0.22676696785827163
12.3333333333333,0.35047894560842,0.210573701986728,0.23519446416761755
12.35,0.35047894560842,0.210573701986728,0.26508039892225
12.3666666666667,0.159877686909517,0.209153578897034,0.292641805784562
12.3833333333333,0.15716434967287,0.206440241660388,0.28967342248169103
12.4,0.340147620555801,0.589245881033445,0.2661071146849068
12.4166666666667,0.158373584036919,0.215747853439694,0.24239006361059348
12.4333333333333,0.162300894992868,0.215747853439694,0.22472806014482957
12.45,0.16623119797077,0.219761692958732,0.21041208584332918
12.4666666666667,0.160795762972145,0.0704769958756557,0.19398495632721738
12.4833333333333,0.164729061392509,0.0744376651657888,0.17763007581367418
12.5,0.169884307858779,0.219643018094175,0.1684282813213161
12.5166666666667,0.35949028514929,0.219643018094175,0.1788108870514706
12.5333333333333,0.171104505229982,0.072958978283917,0.20309594999385105
12.55,0.167162199906956,0.421175233979906,0.21987051233805216
12.5666666666667,0.165655009883402,0.223550714846063,0.2190771888851757
12.5833333333333,0.16687293357423,0.224856074682079,0.2028926175594424
12.6,0.170821260697473,0.224856074682079,0.18388172345688095
12.6166666666667,0.168092105518242,0.0819184550099031,0.17284144212549962
12.6333333333333,0.174772603896123,0.228891990171653,0.17069558732547088
12.65,0.172043448716892,0.230201919053641,0.17211091509619764
12.6666666666667,0.175997811448185,0.230201919053641,0.17358301044691954
12.6833333333333,0.170534201126181,0.228780565097404,0.17467627867474594
12.7,0.178451999042052,0.232825997506487,0.17549790474044488
12.7166666666667,0.175717540467357,0.230091538931792,0.176321241157846
12.7333333333333,0.179680982592868,0.0936640082729575,0.17728823117200412
12.75,0.179680982592868,0.230091538931792,0.17861101236639804
12.7666666666667,0.180911228324101,0.0949259159381313,0.18002411276760438
12.7833333333333,0.175433448115839,0.234032919877798,0.18092079425697843
12.8,0.179402960554163,0.234032919877798,0.18102762915150095
12.8166666666667,0.176661406704963,0.235349540116364,0.1806673560886031
12.8333333333333,0.180633959530672,0.235349540116364,0.18036854267858085
12.85,0.181866224255413,0.0919689675297846,0.1806605189236565
12.8666666666667,0.181866224255413,0.240732144559979,0.1815691530361221
12.8833333333333,0.176374218964878,0.235240139269444,0.18232040355393775
12.9,0.173625542189461,0.0877358730585136,0.18208931619366311
12.9166666666667,0.181585881254621,0.23655923238704,0.18111540116887354
12.9333333333333,0.185570630627955,0.23655923238704,0.1808783368892599
12.95,0.186807976070187,0.237879746601696,0.18204387119289436
12.9666666666667,0.186807976070187,0.237879746601696,0.1843750794059833
12.9833333333333,0.184055727417342,0.243279083739387,0.18657954217157285
13.0,0.188046596138589,0.247359701072999,0.18783991901650937
13.0166666666667,0.186530665120946,0.245933675076676,0.18838432176601005
13.0333333333333,0.186530665120946,0.245933675076676,0.1885936490569785
13.05,0.187770047759401,0.243176055538991,0.18885846763335778
13.0666666666667,0.187770047759401,0.102107410577875,0.1891913255256273
13.0833333333333,0.0496613256178648,0.0993479972511857,0.18108412326616857
13.1,0.193013858421384,0.248593999001496,0.16537817882982933
13.1166666666667,0.372186533441199,0.427853970852803,0.16643211705950028
13.1333333333333,0.192740378672386,0.244398504503367,0.18990424032628572
13.15,0.192740378672386,0.244398504503367,0.2170513837142329
13.1666666666667,0.189973772658696,0.104443320607692,0.22975446984301878
13.1833333333333,0.193986170475307,0.2580384065739,0.2228857878235953
13.2,0.378810008834973,0.289297396466912,0.21889969668495204
13.2166666666667,0.192463036605415,0.252499785086508,0.23062262898763775
13.2333333333333,0.193709598593686,0.249727766086006,0.2431595372182544
13.25,0.0500809831263012,0.253837513639598,0.23338474820139843
13.2666666666667,0.198982228134069,0.251063686779526,0.20168388452608857
13.2833333333333,0.198982228134069,0.25517669026629,0.17324216857523345
13.3,0.197457026336294,0.249623605888493,0.16505681683195417
13.3166666666667,0.194677765273328,0.250960608116254,0.17513483637044963
13.3333333333333,0.382650357828694,0.297355575433411,0.20070580720582887
13.35,0.198708755561314,0.259202929623421,0.23061063528205236
13.3666666666667,0.202742857155279,0.263328995612176,0.24788561569897322
13.3833333333333,0.0560560175437324,0.260547919599149,0.23866941114349827
13.4,0.20803933266795,0.264677260936509,0.2080232009401496
13.4166666666667,0.233141934299888,0.291876832747798,0.1823377531634295
13.4333333333333,0.391960874648567,0.444641383439832,0.18917553398847337
13.45,0.391960874648567,0.444641383439832,0.2351349343586021
13.4666666666667,0.393283343299591,0.300029443188397,0.29790383008520616
13.4833333333333,0.211824949486427,0.118571049375231,0.34003270724742574
13.5,0.0688496846885585,0.265942486931259,0.3301049950683358
13.5166666666667,0.211563242486168,0.260360306303537,0.27829234860000546
13.5333333333333,0.393199732772702,0.450285055128406,0.23472769228739052
13.55,0.0644738391541701,0.265854734252348,0.2173915457307048
13.5666666666667,0.0684771019130082,0.270003809832302,0.2047063432543517
13.5833333333333,0.3958505560969,0.30680475152355,0.19709867191008545
13.6,0.3958505560969,0.30680475152355,0.21288223063434408
13.6166666666667,0.40398453489421,0.457271629091149,0.25894646391071463
13.6333333333333,0.401246565104604,0.458692655094771,0.32220219150744384
13.65,0.399836962177692,0.306783578815257,0.3743475545719971
13.6666666666667,0.264761783972149,0.462854965533032,0.39103176879889323
13.6833333333333,0.0773463652115161,0.128953443217306,0.3605840281762025
13.7,0.22325279082367,0.126150448419679,0.3006628528646015
13.7166666666667,0.220447957774201,0.278166299599862,0.24368609955169007
13.7333333333333,0.264584068816708,0.320475711557797,0.21362548072392723
13.75,0.261838913066165,0.317730555807255,0.21586867371932433
13.7666666666667,0.410666952285216,0.32184762795957,0.24438878760309468
13.7833333333333,0.402420672476958,0.317721708087035,0.28833703777644737
13.8,0.410598948942185,0.317721708087035,0.3347602331666262
13.8166666666667,0.413349512744971,0.324595923548832,0.3743020412274879
13.8333333333333,0.551367365172699,0.458519868492301,0.4088864237096021
13.85,0.548659870732548,0.459939321380622,0.4455785760377201
13.8666666666667,0.271012443207677,0.32321993703591,0.4676713203706097
13.8833333333333,0.265502277301626,0.32184001808027,0.4526239091972644
13.9,0.269546131524874,0.32184001808027,0.4028628567398641
13.9166666666667,0.233501114222394,0.283564552034293,0.33958889413749754
13.9333333333333,0.274885488101084,0.327352627254516,0.2903593528595876
13.95,0.27083533427629,0.331492796848961,0.2681343278353731
13.9666666666667,0.46571860137417,0.475864221989175,0.277138797498783
13.9833333333333,0.2721258752982,0.332876669135756,0.303730108370586
14.0,0.280235652603668,0.337023473704902,0.32348572676200243
14.0166666666667,0.276005546942324,0.324586932610532,0.3253026394478473
14.0333333333333,0.274710979732285,0.33149880083352,0.31106813782908965
14.05,0.093293092859485,0.146021283096839,0.2820043656979586
14.0666666666667,0.277301460018597,0.330116981025456,0.24972405484798554
14.0833333333333,0.281367427400153,0.334270436531755,0.23250513165387024
14.1,0.471196180614365,0.334270436531755,0.24652656362632602
14.1166666666667,0.469798556698348,0.337048108763378,0.2970070896690135
14.1333333333333,0.281367427400153,0.342587345965724,0.35334997157510284
14.15,0.0941716842285402,0.155485923542702,0.36695175287405163
14.1666666666667,0.281197293536284,0.338439214103998,0.33093214274806393
14.1833333333333,0.612534096980151,0.47982098749814,0.302162985049498
14.2,0.278423109174961,0.339831835215845,0.31309999189812154
14.2166666666667,0.286577294191051,0.339831835215845,0.34157695723229153
14.2333333333333,0.482232637134973,0.341225974320044,0.3671807618893085
14.25,0.287883154007424,0.341225974320044,0.37497903928671206
14.2666666666667,0.0879761471318361,0.339841955178004,0.35088358997356905
14.2833333333333,0.286410696463148,0.339841955178004,0.3082752252354948
14.3,0.287717445424903,0.341237301951824,0.2717566055683197
14.3166666666667,0.482218990480342,0.349601105497092,0.2664848371124483
14.3333333333333,0.291808907814463,0.349601105497092,0.2950504445819221
14.35,0.243196623023982,0.300988820706613,0.3249269289975678
14.3666666666667,0.237594120967041,0.295386318649672,0.3271577340999302
14.3833333333333,0.24168878708431,0.299573270079421,0.30174304804897845
14.4,0.245786660693668,0.299573270079421,0.2708215532960138
14.4166666666667,0.426480133045941,0.484457065721677,0.26321900712727364
14.4333333333333,0.240176749465473,0.302347381366243,0.2789069835828476
14.45,0.25118801692632,0.30515326404505,0.29374713616274906
14.4666666666667,0.25248965297851,0.306544460607699,0.2939347145826382
14.4833333333333,0.246872317871664,0.300927125500853,0.2805906621081311
14.5,0.250983059211401,0.305127588846694,0.2646029578406807
14.5166666666667,0.248171603096774,0.302316132732067,0.2551220975144006
14.5333333333333,0.248171603096774,0.310727228121736,0.2524994357755115
14.55,0.0571733910915086,0.310727228121736,0.24039280907329094
14.5666666666667,0.253589451167213,0.312124550757287,0.21786331013246024
14.5833333333333,0.437390692426009,0.500139832791163,0.21449265325748293
14.6,0.252077655978751,0.3107063643901,0.23868270515776802
14.6166666666667,0.252077655978751,0.314923809808559,0.27025890938205166
14.6333333333333,0.249258742747543,0.312104896577353,0.287841140540124
14.65,0.257509323934661,0.312104896577353,0.2835410553128985
14.6666666666667,0.445623449428,0.500309719385135,0.28074683886880203
14.6833333333333,0.0633229213724434,0.313504968620786,0.2816793849048888
14.7,0.262952104831038,0.317729235715857,0.2730714853779826
14.7166666666667,0.445608645308973,0.500476801039866,0.26953798524228045
14.7333333333333,0.261441585650264,0.316309741381158,0.278748554147485
14.75,0.262755101859963,0.321948977346111,0.29262313843329274
14.7666666666667,0.262755101859963,0.313483341325043,0.3000618000576195
14.7833333333333,0.446983272871235,0.506177148357385,0.30486382176322624
14.8,0.272366154566684,0.323358661118493,0.3125938795219904
14.8166666666667,0.442819561748068,0.506349614218572,0.3290460393852985
14.8333333333333,0.0707458750909048,0.32193786556736,0.3352077216324041
14.85,0.45526869648128,0.506349614218572,0.3237000754513869
14.8666666666667,0.452496053609545,0.507821803072992,0.3225768292530171
14.8833333333333,0.456652312568538,0.512070076833538,0.34722397189492477
14.9,0.268023031082715,0.327597054306708,0.37930958108654167
14.9166666666667,0.273503028544987,0.324761253701313,0.38696481837518804
14.9333333333333,0.270665342202471,0.334689082763725,0.36179398496174686
14.95,0.459423857860328,0.320322882168143,0.3330542410542361
14.9666666666667,0.45386565367674,0.513726571095033,0.33541522485489916
14.9833333333333,-0.0743210237500818,0.33327012918762,0.34218710407834035
15.0,0.455249887834143,0.515206778033546,0.3321641820344159
15.0166666666667,0.270469884134848,0.334692321227341,0.3150374104381787
15.0333333333333,0.46359198933899,0.519472324926636,0.31019932813112494
15.05,0.07946651133609,0.336116087254993,0.3135691691071534
15.0666666666667,0.268406339172357,0.520957609832813,0.30397052958293563
15.0833333333333,0.464984258334799,0.325944616964127,0.2938153884496927
15.1,0.0819701802731032,0.13540691071819,0.2838816919947742
15.1166666666667,0.0832240342295989,0.336117411302052,0.2601799899402336
15.1333333333333,0.464983849067704,0.521143736539227,0.2411648401681891
15.15,0.277104683643356,0.341826938063784,0.2429190509304911
15.1666666666667,0.469169769736752,0.334382399366535,0.27271892730175673
15.1833333333333,0.285479840314549,0.146503233942186,0.3186370037959626
15.2,0.464979947544435,0.529903366176757,0.3580812097139443
15.2166666666667,0.288156883521412,0.344691868382795,0.3760772864715961
15.2333333333333,0.47057163370443,0.527106618565814,0.3804546545637513
15.25,0.285298329333432,0.34612671802562,0.3811839452262014
15.2666666666667,0.474770839372524,0.531400022396618,0.3824819470500599
15.2833333333333,0.0936379272900034,0.347563160480378,0.37136942301551146
15.3,0.0879112688526241,0.341836502042999,0.3260094520080743
15.3166666666667,0.470571922548144,0.327441181000544,0.27641711601510877
15.3333333333333,0.129537915858996,0.327441181000544,0.24774478768015712
15.35,0.478987005410625,0.531595884601317,0.25244536416969193
15.3666666666667,0.278824536172933,0.337303946491973,0.2850185121212707
15.3833333333333,0.476182777695212,0.137204880779524,0.32451853046028906
15.4,0.477589229276983,0.338727073048973,0.3660585978696214
15.4166666666667,0.280152614656802,0.538907862993065,0.39517962214657465
15.4333333333333,0.0971058900180225,0.35189739433464,0.38511634575134873
15.45,0.480406545853833,0.337341921510753,0.34927124614447336
15.4666666666667,0.101249936969318,0.356215397449475,0.30891633649653616
15.4833333333333,0.0983760612466661,0.152997082889427,0.26386612447248214
15.5,0.296048169079698,0.157236692613381,0.22837108435800485
15.5166666666667,0.137165982748916,0.340192318479703,0.20625376509319782
15.5333333333333,-0.0503311910652215,0.152846593081352,0.18086846470631895
15.55,0.135624718230817,0.338802502377388,0.1510478427801083
15.5666666666667,0.30010298250856,0.353354948598708,0.13731334857193883
15.5833333333333,0.288150728317152,0.547971623208777,0.1541364573470706
15.6,0.103470492996407,0.162715100810426,0.18582905584653775
15.6166666666667,0.487475680824795,0.348733314597808,0.22530565951768097
15.6333333333333,0.286667538719921,0.345912146533937,0.2664354094144342
15.65,0.146383405298459,0.350169142615177,0.2868179277111298
15.6666666666667,0.143560345503316,0.347346082820034,0.27669683716190063
15.6833333333333,-0.0384746464629735,0.16546362090033,0.23176161989808752
15.7,-0.0442513505736862,0.163950897372191,0.16099133951582723
15.7166666666667,0.146127732322208,0.350218747187403,0.09947113439438991
15.7333333333333,0.143298985902705,0.3473900007679,0.07552541484291533
15.75,0.29619997749836,0.351657480048903,0.09567135513810363
15.7666666666667,0.14741349984827,0.351657480048903,0.13959413593730502
15.7833333333333,-0.0376922664481384,0.166704897300511,0.16544544437275827
15.8,0.148700652807941,0.353097816556588,0.15824760476292815
15.8166666666667,0.147154742979306,0.35598331012048,0.1367789646270448
15.8333333333333,0.147154742979306,0.35598331012048,0.12375701010997638
15.85,0.296060050718927,0.557315288937003,0.13655725912423541
15.8666666666667,0.152570444522486,0.156013758544093,0.1661914967064532
15.8833333333333,0.156701421851422,0.361713509526585,0.18769994951350133
15.9,0.153863159469092,0.363163809330216,0.19071020409039663
15.9166666666667,0.307140979590692,0.363163809330216,0.18973194880576202
15.9333333333333,0.301458726037315,0.357481555776837,0.20366244817662685
15.95,0.504593613241026,0.361773646965729,0.24665220526410847
15.9666666666667,0.309856620575451,0.361773646965729,0.30581594117936645
15.9833333333333,0.307012625548749,0.363225276488602,0.3478115497039987
16.0,-0.0249380828356514,0.176393288423432,0.33926576889068394
16.0166666666667,0.159047995461383,0.360379366720464,0.28061709310167227
16.0333333333333,0.159047995461383,0.368981233368572,0.21049781486190366
16.05,0.153350423960901,0.363283661868092,0.16245222255251532
16.0666666666667,0.311091228351225,0.367589912718069,0.15618272953231754
16.0833333333333,0.162951354808154,0.369048048822846,0.17848286703023697
16.1,0.312453671562501,0.369048048822846,0.20734622026859892
16.1166666666667,0.167108879822578,0.369048048822846,0.22794226362306597
16.1333333333333,0.167108879822578,0.373361405793831,0.2296368321019381
16.15,0.168416153178742,0.370507817690633,0.2160287631389796
16.1666666666667,0.168416153178742,0.374824734320053,0.19659296824850636
16.1833333333333,0.162703201707479,0.373432263544952,0.18055102210412144
16.2,0.166867403629672,0.382083934807154,0.1717818786366245
16.2166666666667,0.317918045702975,0.218825919323717,0.17836737023553195
16.2333333333333,0.317918045702975,0.379224567541657,0.2051800631704293
16.25,0.16817558277355,0.231620632458934,0.23524872544252406
16.2666666666667,0.323522253189194,0.380694469406043,0.2562957418049534
16.2833333333333,0.323522253189194,0.380694469406043,0.2710082411069378
16.3,0.172108637909575,0.379300856797078,0.275239267617984
16.3166666666667,0.172108637909575,0.379300856797078,0.264215944886956
16.3333333333333,0.326272984481991,0.383639224206944,0.24983626995473446
16.35,0.173422502475884,0.38077212404213,0.23889701384069656
16.3666666666667,0.174737793622083,0.38224504383091,0.22830027130795041
16.3833333333333,0.174737793622083,0.38224504383091,0.21676816859825648
16.4,0.174737793622083,0.38224504383091,0.20249192188539386
16.4166666666667,0.178925491828936,0.386590597040432,0.188426790561875
16.4333333333333,0.180245584491922,0.38371961865713,0.18074668217528855
16.45,0.170306728525596,0.0312770866502554,0.17913774423217405
16.4666666666667,0.180245584491922,0.396777893770352,0.17946433688308142
16.4833333333333,0.182890076495105,0.386673743420366,0.17989319181265517
16.5,0.182890076495105,0.386673743420366,0.18098315561894557
16.5166666666667,0.184214480062852,0.388153298368486,0.18267294081812174
16.5333333333333,0.181335721598627,0.389634518376263,0.18437638548568824
16.55,0.185540324832913,0.389634518376263,0.18560108381157522
16.5666666666667,0.185540324832913,0.241495697138976,0.18623110509645907
16.5833333333333,0.179776956037665,0.388234745591764,0.18648396006669543
16.6,0.372082898294794,0.580699909380726,0.19793185123336657
16.6166666666667,0.372082898294794,0.580699909380726,0.23139400712704222
16.6333333333333,0.185311732180732,0.394088193956063,0.26861230299411565
16.65,0.186639957399597,0.238572567905742,0.2827601385644751
16.6666666666667,0.186639957399597,0.395576099424944,0.2666962443284586
16.6833333333333,0.180860941264657,0.389797083290002,0.2334979656476046
16.7,0.195079769300033,0.395576099424944,0.20499300307432952
16.7166666666667,0.189300753165093,0.398556945988848,0.1923765745912225
16.7333333333333,0.186408303255045,0.395664496078803,0.19072783187564388
16.75,0.190633327989116,0.247166927139067,0.19160162391991215
16.7666666666667,0.190633327989116,0.247166927139067,0.1921179665541233
16.7833333333333,0.187738914187446,0.397155478370005,0.19225948205556875
16.8,0.19196735696554,0.244272513337398,0.1923012203766755
16.8166666666667,0.19196735696554,0.248597949303311,0.1927267342976538
16.8333333333333,0.186172629681339,0.400142495504836,0.19299889943190315
16.85,0.196199221937132,0.252926986098183,0.19330391133831074
16.8666666666667,0.187504177160599,0.397242178012506,0.19351616733559676
16.8833333333333,0.191739468481885,0.24856458344377,0.1936164479500837
16.9,0.188837179078323,0.245662294040208,0.1934972245554207
16.9166666666667,0.195978190315792,0.401638535459952,0.1936279424265966
16.9333333333333,0.19307590091223,0.403136266422647,0.19419896701693815
16.95,0.19307590091223,0.403136266422647,0.19504612677729488
16.9666666666667,0.1957531502129,0.244188043404917,0.19600700289358547
16.9833333333333,0.1957531502129,0.0485175058450984,0.19687085987183633
17.0,0.351201887681871,0.406136811647444,0.20715096965662125
17.0166666666667,0.20000218862975,0.257218503439138,0.22628976857379374
17.0333333333333,0.20000218862975,0.257218503439138,0.2398989883307772
17.05,0.201346457059978,0.254310286220593,0.2401750381175554
17.0666666666667,0.198436259866867,0.255750825523044,0.22844042026839034
17.0833333333333,0.387430632464928,0.444745198121102,0.22550435084566842
17.1,0.19686585454089,0.249924483119574,0.23854258905704656
17.1166666666667,0.201125247250713,0.254278852090058,0.25091694855691543
17.1333333333333,0.201125247250713,0.258636858086557,0.24939808729234647
17.15,0.201125247250713,0.0539415921933767,0.23436272366211272
17.1666666666667,0.205388099803308,0.258636858086557,0.21718519727573882
17.1833333333333,0.394511231349509,0.447759989632758,0.21928698833360644
17.2,0.209654416415954,0.262998505667764,0.24039718220675937
17.2166666666667,0.395925843985726,0.449269933237534,0.2690446988454539
17.2333333333333,0.209654416415954,0.271732743857184,0.2913317410307136
17.25,0.393072195862889,0.455150523304118,0.30318469161916684
17.2666666666667,0.40161523817177,0.250198475337007,0.3175382076177654
17.2833333333333,0.212363172114851,0.424049395924008,0.3289829344177564
17.3,0.203820129805969,0.265898457247199,0.32224458561376457
17.3166666666667,0.40161523817177,0.459523123067889,0.3062540070361136
17.3333333333333,0.213719778818361,0.267350929549341,0.2920867448270462
17.35,0.213719778818361,0.0666035949786469,0.27891567495209235
17.3666666666667,0.213719778818361,0.425569884881701,0.26497607303959214
17.3833333333333,0.213719778818361,0.0666035949786469,0.24770863864738138
17.4,0.217999993981395,0.271727189208963,0.23044940863853794
17.4166666666667,0.212153760562231,0.065051404846183,0.22026988828007238
17.4333333333333,0.212153760562231,0.065051404846183,0.21752204814591736
17.45,0.216437460974862,0.270260879942233,0.21740146727950277
17.4666666666667,0.405883258763955,0.25879484307636,0.22900684512603586
17.4833333333333,0.405883258763955,0.459706677731326,0.2632002555639368
17.5,0.403021814140246,0.25593339845265,0.31278057834788203
17.5166666666667,0.405883258763955,0.25879484307636,0.36070567761115563
17.5333333333333,0.407309004061113,0.25593339845265,0.3929036001641335
17.55,0.410170448684822,0.25879484307636,0.4071426834818318
17.5666666666667,0.407309004061113,0.461228826357524,0.41101611000929156
17.5833333333333,0.407309004061113,0.465616093317286,0.411914252450281
17.6,0.407309004061113,0.260234640570065,0.4123035860085049
17.6166666666667,0.407309004061113,0.260234640570065,0.41217463659477493
17.6333333333333,0.407309004061113,0.465616093317286,0.41190825912972573
17.65,0.407309004061113,0.465616093317286,0.41181281151628374
17.6666666666667,0.408736289014445,0.257371241828726,0.41190312150552694
17.6833333333333,0.407309004061113,0.465616093317286,0.41211220689638395
17.7,0.219161116234051,0.273177521795554,0.4006918544062503
17.7166666666667,0.214870432539381,0.0764093764378337,0.3667942507585936
17.7333333333333,0.217798540856796,0.28489120365026,0.31734008887154286
17.75,0.404445605319774,0.471538268113239,0.2807429517104415
17.7666666666667,0.411599687755783,0.268847947959566,0.2824205239674896
17.7833333333333,0.408736289014445,0.475936583954267,0.318344711060643
17.8,0.408736289014445,0.265984549218227,0.3640156508581771
17.8166666666667,0.408736289014445,0.265984549218227,0.3967029822220002
17.8333333333333,0.420191553563639,0.474401666854578,0.41129355188171557
17.85,0.411599687755783,0.268847947959566,0.4155587711652319
17.8666666666667,0.411599687755783,0.474401666854578,0.41691902340719905
17.8833333333333,0.408736289014445,0.265984549218227,0.4174439145119161
17.9,0.219161116234051,0.281963095332846,0.4051633993355065
17.9166666666667,0.4173281548223,0.270296623572177,0.382051992927731
17.9333333333333,0.4173281548223,0.471538268113239,0.3671766409011591
17.95,0.227752982041907,0.0764093764378337,0.3585279453585129
17.9666666666667,0.411599687755783,0.268847947959566,0.35349418535429944
17.9833333333333,0.408736289014445,0.270296623572177,0.3568137350791368
18.0,0.227752982041907,0.0764093764378337,0.3565945665895728
18.0166666666667,0.408736289014445,0.471538268113239,0.35182562916673066
18.0333333333333,0.408736289014445,0.471538268113239,0.35397870699096545
18.05,0.408736289014445,0.270296623572177,0.36530620341775577
18.0666666666667,0.408736289014445,0.257371241828726,0.38288251006651586
18.0833333333333,0.408736289014445,0.265984549218227,0.4003606641538399
18.1,0.214870432539381,0.281963095332846,0.398917953970792
18.1166666666667,0.411599687755783,0.260234640570065,0.3789605976397864
18.1333333333333,0.219161116234051,0.0677960690483331,0.35206367054725207
18.15,0.217798540856796,0.0707241773657479,0.3196874701690418
18.1666666666667,0.404445605319774,0.462752694575947,0.29778028763796976
18.1833333333333,0.404445605319774,0.265984549218227,0.30161907063873594
18.2,0.407309004061113,0.260234640570065,0.3285565375717402
18.2166666666667,0.407309004061113,0.465616093317286,0.3648193942807787
18.2333333333333,0.404445605319774,0.253069999711312,0.3939198944991199
18.25,0.411599687755783,0.25593339845265,0.40812583683364934
18.2666666666667,0.407309004061113,0.260234640570065,0.41166482516574393
18.2833333333333,0.217798540856796,0.271718363153207,0.4005719234343641
18.3,0.403021814140246,0.260234640570065,0.37830477808323704
18.3166666666667,0.403021814140246,0.461228826357524,0.3623131669884664
18.3333333333333,0.213511350935929,0.0664229352483332,0.35067761845323375
18.35,0.403021814140246,0.461228826357524,0.3428127012515254
18.3666666666667,0.403021814140246,0.25593339845265,0.34509982703521613
18.3833333333333,0.405883258763955,0.464090270981233,0.3573023849217166
18.4,0.405883258763955,0.25879484307636,0.37629478449714215
18.4166666666667,0.216437460974862,0.065051404846183,0.38382826889795524
18.4333333333333,0.407316593241887,0.260214237525838,0.37334039950517506
18.45,0.401599558351324,0.254497202635276,0.3613758451998157
18.4666666666667,0.397319343188291,0.254497202635276,0.3619183475607776
18.4833333333333,0.401599558351324,0.254497202635276,0.3759322447838733
18.5,0.397319343188291,0.455326753578893,0.3925287068803968
18.5166666666667,0.403036378078853,0.465423712621888,0.40219239219302594
18.5333333333333,0.209443044653222,0.271727189208963,0.39297422630919143
18.55,0.403036378078853,0.255920194239139,0.3708631032759738
18.5666666666667,0.213719778818361,0.0666035949786469,0.3448210315624821
18.5833333333333,0.40161523817177,0.254485337850507,0.324617041079466
18.6,0.212363172114851,0.0652332717935877,0.3139046481557145
18.6166666666667,0.209443044653222,0.0623131443319593,0.29969976544649496
18.6333333333333,0.404468886294607,0.466753030850346,0.2884592704551153
18.65,0.393072195862889,0.250198475337007,0.29517493591998933
18.6666666666667,0.395925843985726,0.253052123459842,0.32180117004102704
18.6833333333333,0.395925843985726,0.253052123459842,0.35717639533662693
18.7,0.202471950539274,0.268816594593149,0.37314219541566057
18.7166666666667,0.394511231349509,0.452121637213965,0.36318939543589224
18.7333333333333,0.400208814804838,0.253038432274519,0.3503317321038848
18.75,0.583634362895711,0.436463980365394,0.3636588427038797
18.7666666666667,0.395945962252243,0.453457573088085,0.4022013697751139
18.7833333333333,0.39168656954242,0.449099567091586,0.43585334345753335
18.8,0.398791845695229,0.456303456531072,0.44507559291290316
18.8166666666667,0.20560239413747,0.263015391686638,0.42048024874816287
18.8333333333333,0.208510611356016,0.0570448049232247,0.3684472294990302
18.85,0.204254674278523,0.0613137941099751,0.30881663258766806
18.8666666666667,0.394550071177324,0.456117122482271,0.2698459260773257
18.8833333333333,0.205812691220194,0.271734111495628,0.2597883896845227
18.9,0.205812691220194,0.263029006029582,0.2608883233679566
18.9166666666667,0.201563652803344,0.0543280084355423,0.25627845941743743
18.9333333333333,0.393139183171692,0.450257427833802,0.2515815095231615
18.95,0.198878507808124,0.255801152891254,0.25461527303805137
18.9666666666667,0.384651431280577,0.603522844606236,0.2689295622452561
18.9833333333333,0.200434513258418,0.261595880175457,0.28527209791082064
19.0,0.200434513258418,0.257259628220304,0.28366127576838646
19.0166666666667,0.196199221937132,0.048913337177045,0.26347184411674307
19.0333333333333,0.387510756072024,0.240224871311936,0.24821123557305266
19.05,0.386107419465507,0.447067048598147,0.2606397054433377
19.0666666666667,0.193525777899163,0.254384813015027,0.2866555058875553
19.0833333333333,0.199304794034104,0.260163829149969,0.2969668089104971
19.1,0.383305255024527,0.596946843941156,0.29101835476785454
19.1166666666667,0.197966339513015,0.0548810100202246,0.2789977299727209
19.1333333333333,0.197966339513015,0.254403123769277,0.26507435408081526
19.15,0.189526527612578,0.0506439123459515,0.2499609753049547
19.1666666666667,0.188196346478271,0.0450648911856661,0.2303949793087534
19.1833333333333,0.183984952559483,0.401347283935463,0.20970024999080153
19.2,0.37351090330203,0.590706755517967,0.2073484260410103
19.2166666666667,0.188419083297138,0.248678380641581,0.22431709066461564
19.2333333333333,0.184214480062852,0.244374455603203,0.23816288191311985
19.25,0.374934674119964,0.435094649660315,0.24788100679016487
19.2666666666667,0.188637861415145,0.0454464598813587,0.2546448925554391
19.2833333333333,0.183116562875222,0.048317438264661,0.25178949548750845
19.3,0.370769476543249,0.587301785821682,0.25091638543533856
19.3166666666667,0.178925491828936,0.24297965382223,0.2535507210091932
19.3333333333333,0.181794530120051,0.389459635331547,0.24894076737351165
19.35,0.180473932078014,0.240139997227975,0.23534160783272234
19.3666666666667,0.176289602640699,0.235857423050475,0.21577442395866148
19.3833333333333,0.172108637909575,0.383639224206944,0.1962581716546769
19.4,0.173659427628856,0.237306785700302,0.18363773078306728
19.4166666666667,0.176520725183589,0.235892590735169,0.17899700666969282
19.4333333333333,0.16817558277355,0.0290404531231417,0.17760059473604312
19.45,0.166867403629672,0.230211571311384,0.17613136936845933
19.4666666666667,0.162703201707479,0.230211571311384,0.17406306452138717
19.4833333333333,0.351402168955397,0.566292092252232,0.18293822220497277
19.5,0.160097766704956,0.0208945579686123,0.2023702594725516
19.5166666666667,0.162951354808154,0.369048048822846,0.21535871483906815
19.5333333333333,0.158797162227214,0.369048048822846,0.21250866660965081
19.55,0.153350423960901,0.0140973234545434,0.1955548974824522
19.5666666666667,0.154903776176377,0.0156342661144642,0.1756800662381156
19.5833333333333,0.153608783111331,0.211915526685158,0.16290273122500062
19.6,0.149471192750523,0.363225276488602,0.1581306548492221
19.6166666666667,0.148180905915715,0.210526152590538,0.15625858278666355
19.6333333333333,0.153863159469092,0.363163809330216,0.15481741314774766
19.65,0.149732182140156,0.0103981323017393,0.1539981250394813
19.6666666666667,0.141480125244769,0.354590209610644,0.15306717724569624
19.6833333333333,0.140197300158842,0.357428471992972,0.15139740284749204
19.7,0.140197300158842,0.14342775061485,0.14881441998118905
19.7166666666667,0.13480134282615,0.347430819259697,0.14563826914280087
19.7333333333333,0.289195473821994,0.147742652035293,0.1521826107377058
19.75,0.135079796683602,0.3473900007679,0.16805676513772078
19.7666666666667,0.137908543103105,-0.0056540488309323,0.17918004042952682
19.7833333333333,0.129702445993814,0.140857285549136,0.17715734747546613
19.8,0.125604297208906,0.136682550261735,0.16305252025449626
19.8166666666667,0.129984271933512,0.34165863626968,0.14614165179829391
19.8333333333333,0.27702685779299,0.143807263691759,0.1445332418387211
19.85,0.270058346249512,0.328918977616225,0.16701297131627368
19.8666666666667,0.310643647225994,0.517758359467482,0.20630951933884212
19.8833333333333,0.120540306586147,0.327500535956142,0.23746698188921328
19.9,0.115199064603698,0.326083668953696,0.2369269687743946
19.9166666666667,0.116756558078972,0.127303088583086,0.20651260196821591
19.9333333333333,0.115498011313026,0.326068269661416,0.1660000762800501
19.95,0.115498011313026,0.317620162784954,0.13548633213819306
19.9666666666667,0.110175102629115,0.316213014323763,0.12104791737136365
19.9833333333333,0.253896643050103,0.311997567115836,0.1257518190498641
20.0,0.103615129842267,0.313403391357758,0.14074274093236233
20.0166666666667,0.105172617716292,0.319013721503628,0.14985440234461767
20.0333333333333,0.101122982836469,0.314805139936927,0.1460903386633556
20.05,0.244568306753597,0.302199937706368,0.14071232880302348
20.0666666666667,0.0986361588305719,0.303607875994174,0.14171049119342274
20.0833333333333,0.101434773659282,0.302215000156418,0.14337575012553597
20.1,0.0893242399438115,0.2980269151753,0.13857944167424915
20.1166666666667,0.0322189634931298,0.2980269151753,0.12098529600501988
20.1333333333333,0.231205778471818,0.0975962884328013,0.10609954045703318
20.15,0.232711527175628,0.289693197872351,0.11602894443173707
20.1666666666667,0.231423751120803,0.288313236371913,0.1493201785472601
20.1833333333333,0.0341792405715125,0.28693479600251,0.17711493126669006
20.2,0.0261917825556964,0.282770435019977,0.17072259642392995
20.2166666666667,0.226286183066027,0.291127187213452,0.14389395083956433
20.2333333333333,0.0293555264345315,0.285590456104314,0.11866274601236829
20.25,0.21688896162882,0.277285306074168,0.11134091083821741
20.2666666666667,0.0229749119018969,0.278695971787012,0.116675240284257
20.2833333333333,0.221170180027335,0.277328116546875,0.12349455922790303
20.3,0.0205821460443801,0.275961764548191,0.12481638356239322
20.3166666666667,0.214576454139875,0.274596913573382,0.12369417386348062
20.3333333333333,0.2064984264185,0.270462759827213,0.13366238310056539
20.35,0.0170025493126282,0.271871705845606,0.14259625329828476
20.3666666666667,0.213536340898195,0.466750773777577,0.14504718136817124
20.3833333333333,0.215030318440463,0.27055671931607,0.15035595963253023
20.4,0.404387984071553,0.25679993041981,0.17504600567062406
20.4166666666667,0.212495347997774,0.469396064528235,0.21729543692133033
20.4333333333333,0.0098775623289533,0.263731877876121,0.239485384948482
20.45,0.0114487896585096,0.265134749191304,0.21282104170512683
20.4666666666667,0.0063320740183748,0.259681990291678,0.14710321053621345
20.4833333333333,0.399195713626506,0.464970772511465,0.10097092309658524
20.5,0.199664908032729,0.262481688240659,0.112746764971782
20.5166666666667,0.198411754261056,0.453772065028416,0.16021562345722573
20.5333333333333,0.203893121138386,0.459253431905748,0.20386239472745632
20.55,0.251037833447854,0.123739557082323,0.22330551701381418
20.5666666666667,0.3912154189909,0.255757899720958,0.236020827030939
20.5833333333333,0.005135488767322,0.253078642029318,0.24225782839943008
20.6,0.18967614738872,0.251741202690134,0.2306204318469878
20.6166666666667,0.0579624891754932,0.31213732612507,0.1990963987978356
20.6333333333333,0.0595300172563597,0.117440163102886,0.15333092356123326
20.65,0.0583282817237233,0.303902622367771,0.11131975956046315
20.6666666666667,-0.0030619355416803,0.439529996695695,0.08003734755869907
20.6833333333333,0.061449645378584,0.115042113223334,0.05876257477175927
20.7,0.0495807474353299,0.106954386208594,0.04718850136189277
20.7166666666667,0.246815219865998,0.30673190596039,0.056254768001809015
20.7333333333333,0.378201375454994,0.442044996442756,0.10205660230782104
20.75,0.18960515733982,0.441939085278194,0.1683031006821144
20.7666666666667,0.37697587241549,0.436434830648732,0.23133984530728025
20.7833333333333,0.379674500385546,0.435036030780606,0.2827026753272088
20.8,0.381060090428642,0.436333816798095,0.3206204746929009
20.8166666666667,0.375749990964767,0.240009812221677,0.34899548770484723
20.8333333333333,0.236912939844625,0.295918170191419,0.36061340456048957
20.85,0.234397641433488,0.297300416240482,0.34579432945321903
20.8666666666667,0.371918507368723,0.430653405816631,0.3198244554009109
20.8833333333333,0.231887519459498,0.290532623010951,0.29945381859809883
20.9,0.232104463596293,0.100250172308033,0.2856031674649665
20.9166666666667,0.230852138441923,0.28922880048943,0.27332000139196316
20.9333333333333,0.228351346739201,0.286549830911245,0.25874962756177683
20.95,0.229815916463803,0.291977680051385,0.24432205515200411
20.9666666666667,0.23398420838319,0.29605406631423,0.23573681197377194
20.9833333333333,0.226072889482248,0.28795941340581,0.23333138798718278
21.0,0.234185547583282,0.287990214107923,0.2334723594650555
21.0166666666667,0.360427875093228,0.422040586949488,0.24170802147650822
21.0333333333333,0.35520184845618,0.416632808217606,0.2648864711809732
21.05,0.224010417923613,0.289377326194526,0.28973521082800513
21.0666666666667,0.357935503245966,0.419185339675213,0.30575383653013377
21.0833333333333,0.226904865130727,0.280033397408168,0.30822193897551653
21.1,0.22442225814945,0.281390838460182,0.29461438486550423
21.1166666666667,0.221944718513977,0.282744482558689,0.27311745341090166
21.1333333333333,0.216795953532654,0.281418060876889,0.25179805290540513
21.15,0.358148450405515,0.276094918211115,0.24384728265304098
21.1666666666667,0.211873001845709,0.276126518740707,0.2502741699490387
21.1833333333333,0.0323508646418446,0.0926156607970476,0.24583424478999483
21.2,0.212084952437649,0.272172657247358,0.22137262254039158
21.2166666666667,0.210858122018025,0.270857510773669,0.19352530897839226
21.2333333333333,0.201865322114411,0.261600677877826,0.1794941700253097
21.25,0.205963259255207,0.269577785479073,0.18429703301259942
21.2666666666667,0.0257414317185535,0.0813408560961854,0.18653296662340674
21.2833333333333,0.34683546040073,0.264341058846665,0.1828986693838179
21.3,0.0249663498999439,0.0842646848138919,0.1760553071596202
21.3166666666667,0.167067099045483,0.0805283968966584,0.16503121764294312
21.3333333333333,0.16194465871638,0.0753466009280565,0.15722763700610817
21.35,0.339219166051143,0.248658675334872,0.16419829154624518
21.3666666666667,0.193812713670215,0.248658675334872,0.18754456091054722
21.3833333333333,0.334167016185915,0.251346128401659,0.22036092765885668
21.4,0.157397532184024,0.070623920625669,0.2461541026440168
21.4166666666667,0.152308583706581,0.0693918563352938,0.24575598723740189
21.4333333333333,0.156472081197398,0.0696120957717248,0.22279053375611382
21.45,0.15139389158569,0.068382286218003,0.19318081879913296
21.4666666666667,0.32025494793003,0.24104880276206,0.18054001090102678
21.4833333333333,0.149282984584794,0.0661463608952793,0.18848170903998374
21.5,0.141561216492359,0.058362716475893,0.19760938204408887
21.5166666666667,0.0023908261253339,0.0598105260541644,0.18527182578860524
21.5333333333333,0.140663786453612,0.0573732581671216,0.15198878808441044
21.55,0.140950764292676,0.199889607714965,0.12195095034930659
21.5666666666667,0.139765256462831,0.0525143671253254,0.11156393812462445
21.5833333333333,0.13858094602112,0.193428055025515,0.11956077157301949
21.6,0.135035182608531,0.193548908988114,0.13209480450535782
21.6166666666667,0.130030940013313,0.188375637635569,0.1384302358262235
21.6333333333333,0.135321969738555,0.0479095925041413,0.13856389107463313
21.65,0.132965470066782,0.0455000571208373,0.13688540928172283
21.6666666666667,0.129439610963905,0.0457319326179679,0.13573910014521023
21.6833333333333,0.124462021760754,0.182219662160961,0.1344907385073002
21.7,0.125924381490515,0.0421299172722023,0.1326500709420973
21.7166666666667,0.120958865431102,0.17846705810646,0.13025328938517847
21.7333333333333,-0.0601583578118245,-0.144067127417934,0.1203283188638313
21.75,0.116304383020769,0.173481967208141,0.10373767068998292
21.7666666666667,0.117763272866285,-0.0170488726948314,0.09182317126103817
21.7833333333333,-0.0656745398470406,-0.0048850990035298,0.083758607538086
21.8,0.106744613232694,-0.024327483938567,0.0781298721348366
21.8166666666667,0.105592519310252,0.162196961980666,0.0778551032257797
21.8333333333333,0.105899799554239,0.162341745615119,0.08249348516509282
21.85,-0.0669315812837254,-0.0143273287160618,0.08454624192879515
21.8666666666667,0.105053806142659,0.165084875954861,0.08136801484770267
21.8833333333333,0.100159829426305,0.156197960196829,0.07826720393512218
21.9,0.101611778366556,0.157569560051775,0.07961227411420904
21.9166666666667,0.0967295768225803,-0.0344430688598486,0.0868099894778524
21.9333333333333,0.0996267402900145,0.338212416959096,0.09533205624168972
21.95,-0.0800164691638905,-0.0245379045409365,0.09407854686276804
21.9666666666667,0.2804691053894,0.147803136165091,0.09450205985935906
21.9833333333333,0.27926211747539,0.329195320192855,0.11878260683348946
22.0,0.273071283324501,0.140373410283548,0.16583118748646608
22.0166666666667,-0.0812407713055052,-0.212496152842125,0.2016164840688321
22.0333333333333,0.101535756739152,-0.0311775808509793,0.19728684079685876
22.05,-0.0844773917980291,-0.0334852565586409,0.1555231877904094
22.0666666666667,-0.0855540855538436,-0.0346372643614096,0.097993654090167
22.0833333333333,-0.0850872461548015,0.147609099184243,0.050531356479508294
22.1,-0.0924653281655267,-0.0418484619338599,0.022297142059282102
22.1166666666667,-0.0893810464573228,0.146570886947894,0.008421418743632255
22.1333333333333,0.0852414968476175,0.145355567358972,0.007863249080148387
22.15,0.0841098757138504,-0.041202477855019,0.021470389705800282
22.1666666666667,0.0787404538398761,0.317783890753002,0.043064671886378025
22.1833333333333,0.0870529027506855,-0.0457662182908948,0.06373973632949223
22.2,-0.0942562745101206,0.140687453154002,0.07268302333886587
22.2166666666667,-0.102634298889597,0.135678240528577,0.06392079103473142
22.2333333333333,0.0865867403168046,0.138451633676629,0.049119889678891734
22.25,0.0817434557175851,0.133457241190466,0.04331892720132381
22.2666666666667,0.0857854634381304,0.137423889102642,0.05076953907643598
22.2833333333333,-0.0975810629024522,0.136221230988673,0.06056879389796452
22.3,-0.100756504447984,0.132620694275256,0.05850753422736357
22.3166666666667,0.0790375468841326,0.133996226780967,0.04762333316809145
22.3333333333333,0.129831111258969,0.17725320306793,0.04492726488354447
22.35,0.12500245905163,0.172281408881837,0.05986506797814731
22.3666666666667,-0.0599731256189571,0.172418367611114,0.0783393938337494
22.3833333333333,-0.053406626971146,0.178844753799786,0.07963171370405642
22.4,0.263045996739588,0.173888490747533,0.07642296300538784
22.4166666666667,0.125830925221936,0.16894187647152,0.08750807001619568
22.4333333333333,0.123565645149814,0.174015722402257,0.11019906710408117
22.45,0.117644573188448,0.305272778006815,0.13101458907653413
22.4666666666667,0.121576649404535,0.168007115983436,0.13763690822794203
22.4833333333333,0.253606400208886,0.164282317664986,0.14016194158576528
22.5,-0.0505000531761802,-0.0042789574362679,0.14136695294517956
22.5166666666667,0.117341715719429,0.304104250547112,0.13518842371662643
22.5333333333333,0.110066403548527,0.163354529148691,0.12359608995553775
22.55,0.246753693561166,0.297856849737713,0.11982948891980044
22.5666666666667,-0.0543619732226318,-0.0122562469154154,0.12367441527963295
22.5833333333333,-0.0663081950607101,0.115854141356962,0.11666395468050836
22.6,0.110890836684545,0.156353509298793,0.0974285733058754
22.6166666666667,-0.0607590996062548,-0.0153646584712902,0.07270966273917065
22.6333333333333,0.0796605042578122,-0.0099804142644934,0.054522888226600626
22.65,0.0774338240836499,0.124082094971516,0.051949275069045245
22.6666666666667,0.0752114795348547,0.125441218951283,0.05916272922178326
22.6833333333333,0.0729934591686309,-0.0130964312749853,0.06733120913170348
22.7,0.0794836848716585,-0.0102891490523128,0.07326386216235396
22.7166666666667,0.236997709131001,0.1545030583888,0.086614719927929
22.7333333333333,0.067467251801294,0.124605989796815,0.10621299399500196
22.75,0.0699951489163652,-0.0198512670188741,0.11791666180043911
22.7666666666667,0.0591132295554829,-0.0307875226676884,0.1143325562097945
22.7833333333333,-0.0746768117056249,0.108820064565248,0.09377940159851533
22.8,0.229113176106529,0.142773088780573,0.07789179596685344
22.8166666666667,0.0586809446822691,-0.0313087615155013,0.0809186653703355
22.8333333333333,0.0601014887817506,0.109194061872893,0.09081727187497488
22.85,0.056494994761016,-0.0299057686833819,0.09373009678627078
22.8666666666667,0.0507145374138318,-0.0285062316672096,0.08447320455613513
22.8833333333333,0.0521357691492625,0.0972162413182971,0.0697483023966178
22.9,0.0549676604407956,0.0999147181568837,0.059129662464030314
22.9166666666667,0.0513792299019244,0.0999147181568837,0.05520589037464327
22.9333333333333,0.0456284505445787,0.101258859543023,0.05404710928377429
22.95,0.0420502811300395,0.0866658088937982,0.05237557836531817
22.9666666666667,0.0448816256986497,0.0930042451654487,0.04997260158652397
22.9833333333333,0.0413111232716183,0.0893653398282481,0.0474787058975852
23.0,-0.13530693859843,-0.218456051297228,0.04291006864520066
23.0166666666667,-0.129736533597412,-0.0820225925777585,0.03415788227735329
23.0333333333333,0.0458634987393616,0.0899544888767089,0.025478258801134777
23.05,0.0437093889289059,0.0876703715443767,0.022718509898196466
23.0666666666667,0.0316577222845204,0.0827165308245917,0.026262351247084988
23.0833333333333,0.0270476690119004,0.0779668147138068,0.03171099653478135
23.1,-0.136870637536252,-0.0968345594831931,0.032712358830875435
23.1166666666667,-0.141420861803587,-0.0943121749004511,0.0265581703662699
23.1333333333333,-0.144452923077156,-0.0939499660384435,0.016872397569082122
23.15,-0.145461639224754,-0.0950276407252424,0.008416592717075547
23.1666666666667,-0.141444362801226,-0.0946679481428333,0.003361827646053978
23.1833333333333,-0.156021681479706,-0.109377386913019,0.001398055393467676
23.2,-0.149486683494312,-0.106486592837259,0.0010096676877345868
23.2166666666667,-0.14398076120882,-0.0939580943563449,0.000967183746221717
23.2333333333333,0.0260534140745136,-0.110748052676159,0.002513721770849499
23.25,-0.152995258373467,-0.103244522506497,0.005511738449874485
23.2666666666667,0.189857042924886,0.0601848280865262,0.019172140952764753
23.2833333333333,0.0218006985803072,-0.111434619199954,0.042703130223638155
23.3,0.0171852676865036,-0.108937952761307,0.05943520197493776
23.3166666666667,-0.157982931934809,-0.112121993474819,0.05924455318912769
23.3333333333333,-0.160475100728286,0.059262906383897,0.0432171964800091
23.35,-0.162460410679972,-0.120273215819481,0.02249109771166851
23.3666666666667,-0.163451622472945,0.0559082548765147,0.008076648577479811
23.3833333333333,-0.168904199828415,0.0572784571333997,0.0023326361932932507
23.4,0.0016944511225069,-0.12094428741083,0.0011386066594234003
23.4166666666667,-0.16740687763479,-0.125527511689182,0.001114184874513485
23.4333333333333,-0.16591306534327,-0.120565555937412,0.001215215435947031
23.45,-0.172842030842256,-0.127621791266326,0.0011913367984343036
23.4666666666667,-0.157991779640879,-0.112771540064946,0.0010497966997017952
23.4833333333333,-0.169855158788722,0.0555469760781044,0.0008687861028858609
23.5,-0.171820496978859,0.0604911344611928,0.0007554928477780229
23.5166666666667,-0.175271605097458,0.0533227175140119,0.0006479387768933834
23.5333333333333,-0.172295959960336,-0.120497059299582,0.0006740039085404161
23.55,-0.181646671945393,-0.13348977591701,0.0006122296723628205
23.5666666666667,-0.0068753132618773,-0.12609788292708,0.0006353955651984597
23.5833333333333,-0.189491056380775,-0.134528384722505,0.0005834288485012157
23.6,-0.0114023428611191,-0.130642430923634,0.00057742467497191
23.6166666666667,-0.022280178558367,0.0310629151720136,0.0006343618075435812
23.6333333333333,-0.0228914457575051,0.0283015004726842,0.0006370459444292916
23.65,-0.0130660067562772,-0.135829248380223,0.0006401518265852662
23.6666666666667,-0.019000298752357,-0.141769406726124,0.0006365125255613005
23.6833333333333,-0.0165466055522877,0.0329729069213435,0.0005589422422235333
23.7,-0.0126724585362744,0.0403252197593254,0.0006148964890009631
23.7166666666667,-0.0147272521548665,0.0381330503998896,0.0006502203530240051
23.7333333333333,-0.200086115369034,0.0261625332054393,0.0006940451348516191
23.75,-0.193708935661594,0.0324108756535267,0.0006266624658513908
23.7666666666667,-0.320942710511272,-0.0914197777276357,0.0006058205201158204
23.7833333333333,0.105280829961033,0.0277918267692762,0.00710832991516035
23.8,-0.0340842100273257,0.0182988068647049,0.019509484287761218
23.8166666666667,-0.0243247795671714,0.0245365236100319,0.028015679397562245
23.8333333333333,-0.031230325954121,0.0245365236100319,0.027211477960872543
23.85,-0.0287940908525002,0.0199368765535524,0.018433404616291862
23.8666666666667,-0.332318735373468,-0.107224096402837,0.008103587857635295
23.8833333333333,-0.206237147569874,0.0153458254855444,0.002022895934275877
23.9,-0.0450126074891834,0.0069656410225661,0.00041965035906704995
23.9166666666667,-0.166223171514022,-0.12125573939355,0.0004333637135126507
23.9333333333333,-0.223134672818396,0.0013241873546519,0.0004162216226732074
23.95,-0.215838972463963,0.0086198877090879,0.0004667983903300974
23.9666666666667,-0.219211437339175,0.0051207211879791,0.0004774477686704723
23.9833333333333,0.0866840389122188,0.0124034499897938,0.005811684497668718
24.0,-0.0437401489712869,0.0078372895731412,0.01602400014244521
24.0166666666667,-0.219607367088886,0.13514308421845,0.02301076271274403
24.0333333333333,-0.34296113228302,-0.119008174512037,0.022333777869519345
24.05,-0.170950343505331,-0.116153676709797,0.015125091769263438
24.0666666666667,-0.349024598646593,-0.122093361289125,0.006759942985758496
24.0833333333333,-0.347468997142596,-0.120665734237098,0.0018344434102918541
24.1,-0.0483213086363342,0.006270304206594,0.0004903162154292454
24.1166666666667,-0.0531271425540091,-0.127621875262127,0.00047948666475955474
24.1333333333333,-0.050674617118031,-0.128643716936856,0.0004839715956015387
24.15,-0.354169644135771,-0.138037582925747,0.000475735957652252
24.1666666666667,0.0762490505198308,-0.008677397323639,0.0052268309268559575
24.1833333333333,0.0717646600909767,0.120556032593493,0.01861759320488701
24.2,-0.057115312386847,-0.0048801204753097,0.033137705153960625
24.2166666666667,-0.057115312386847,-0.138629742411238,0.038371025750446416
24.2333333333333,-0.0581100199362872,-0.139642623348761,0.03161546248019754
24.25,-0.178619348798858,-0.134753491148491,0.018296115079766487
24.2666666666667,-0.0663263950724179,-0.0225207624482906,0.006934793692739597
24.2833333333333,-0.352195424291914,-0.140234281792235,0.0017248183304771501
24.3,-0.0610885577416838,-0.146125072991419,0.0006148342730910833
24.3166666666667,0.0621403195331013,-0.0194820553810438,0.0044462038415107805
24.3333333333333,-0.197465382428425,-0.147131503243789,0.011706069290686547
24.35,-0.0811555741548268,-0.16279568525902,0.016672710335125535
24.3666666666667,-0.0963146933807344,-0.0459808141960984,0.016252260302434828
24.3833333333333,-0.218557092836583,-0.164708892800966,0.011089915074331373
24.4,-0.0953493243732197,0.0815667692634733,0.00506630329374747
24.4166666666667,-0.0938985915898442,-0.0435647124052103,0.0014285545827196254
24.4333333333333,0.0515032288377881,-0.0266919280006682,0.0036475120835291483
24.45,0.0446558756945429,-0.0301368822664074,0.012486038675265486
24.4666666666667,-0.0718895909887806,-0.150144817529461,0.021901827830903844
24.4833333333333,-0.222267513041394,-0.175564132280014,0.025061447765746186
24.5,0.016111532519956,-0.0621635679938215,0.021457191279424977
24.5166666666667,0.0326110105360364,-0.0490643559499858,0.01668674592240909
24.5333333333333,0.0195293179607091,-0.0621635679938215,0.01574682089261742
24.55,-0.405725168945085,-0.187826765895829,0.01723753545694777
24.5666666666667,-0.222267513041394,-0.345229691820052,0.016570900201210582
24.5833333333333,-0.0871605309667103,-0.0404571502053322,0.012124713144991448
24.6,-0.0905341209060737,-0.0473251921946996,0.006391802777896017
24.6166666666667,-0.225641102980757,-0.175564132280014,0.0024073572354062476
24.6333333333333,-0.225641102980757,-0.175564132280014,0.0008232647472217084
24.65,0.025773085149941,-0.059370057353204,0.0021194447562463423
24.6666666666667,-0.118030769639399,-0.23762463566738,0.005109425375487907
24.6833333333333,0.016111532519956,0.0676180107627452,0.008147722285195788
24.7,-0.111285911420004,-0.0645825306586239,0.009836575003270731
24.7166666666667,-0.119501724989992,0.0603568244673184,0.009023943072908505
24.7333333333333,0.0132650080981378,0.0579335609548316,0.0071629598537202716
24.75,0.0132650080981378,-0.0718480178017352,0.006718008934983034
24.7666666666667,-0.109373980594282,-0.0659870948753976,0.007382941686656622
24.7833333333333,0.026371954789844,-0.0587259085799708,0.009044096300141394
24.8,-0.122453897203209,0.0541386431896669,0.010697187051261573
24.8166666666667,-0.114221943784331,-0.067394969610951,0.010449075060825479
24.8333333333333,-0.0996952627057965,-0.0528682885324166,0.008186748101525363
24.85,-0.108866948755202,-0.0587259085799708,0.005028934731087388
24.8666666666667,-0.236069454636247,-0.189304328458793,0.0022406100461865156
24.8833333333333,-0.413852145537344,-0.199152261033525,0.0007419599548699017
24.9,-0.114221943784331,-0.067394969610951,0.00033506502329781746
24.9166666666667,-0.115695087419575,-0.0722486825712572,0.0003299374475166778
24.9333333333333,0.0287894863829031,-0.0528682885324166,0.002068196333196074
24.95,-0.231154232659432,-0.180949018027483,0.005431616376634535
24.9666666666667,-0.103073503164368,-0.0563083769869117,0.007780219724383894
24.9833333333333,-0.105950254344611,-0.0490643559499858,0.007510114142973611
25.0,0.016111532519956,-0.0621635679938215,0.006127265854234249
25.0166666666667,0.0209451659039054,-0.0573299346098743,0.006494386622139174
25.0333333333333,-0.11992985654342,-0.0597460364007624,0.008650653496960859
25.05,-0.288473310850345,-0.23037203961863,0.009748680567967336
25.0666666666667,-0.239112270086201,-0.182432174269381,0.008297048168403941
25.0833333333333,-0.290254224473281,-0.059370057353204,0.005024992851159865
25.1,-0.285432009238587,-0.0579782298267503,0.002077136088912963
25.1166666666667,-0.133775768426703,-0.0603886250746541,0.000667083571165409
25.1333333333333,-0.283916499123058,-0.0497313207925025,0.0003058629235056468
25.15,-0.111227937935329,-0.0579782298267503,0.0002585558773886116
25.1666666666667,-0.103047098945793,-0.0531617085007433,0.00019161147277474747
25.1833333333333,-0.271600526445803,-0.0507555799029404,0.0001913439600074207
25.2,0.0217641764335134,-0.0531617085007433,0.0015752621937108525
25.2166666666667,-0.264982597356614,-0.0507555799029404,0.004076495774027126
25.2333333333333,-0.288473310850345,-0.0676283643074825,0.005882747119155862
25.25,-0.101128039109917,-0.0579782298267503,0.005666959399248359
25.2666666666667,-0.216785925220496,-0.177064084870393,0.003908737122883206
25.2833333333333,-0.0910306403975667,-0.0445732188855807,0.0017570275686921823
25.3,-0.274006655043608,-0.0600152301490212,0.0005660417599677973
25.3166666666667,-0.0811594549259617,-0.173171073418955,0.00023045755600925445
25.3333333333333,-0.390468050603034,-0.173171073418955,0.00018981115072333398
25.35,-0.265295748784873,-0.0479987716007947,0.00022193988308062684
25.3666666666667,-0.106411416609322,-0.063438369200108,0.00022184987338845147
25.3833333333333,0.0231689646210256,0.0708797125139647,0.0016760077521867647
25.4,-0.270999486695153,-0.0572430959197625,0.004352107044595041
25.4166666666667,-0.282404405806199,-0.0620482596410589,0.006153946888810637
25.4333333333333,-0.234523953196659,-0.0623562650879514,0.005991241625656915
25.45,-0.104474048003114,-0.0650903811635906,0.004085559458521138
25.4666666666667,-0.10543008891847,0.0666336594278533,0.0019444603921191955
25.4833333333333,0.0129648468859173,-0.0722960022156862,0.0013612086826539636
25.5,-0.101602797258031,-0.190262682981751,0.0025052282316009875
25.5166666666667,-0.285700885288858,-0.0722960022156862,0.0035639336930811667
25.5333333333333,0.0173605463856724,-0.0712872012540807,0.004546542516485593
25.55,-0.114084377953536,-0.0712872012540807,0.005536678468110623
25.5666666666667,-0.282404405806199,-0.0688824923557526,0.005572463357176664
25.5833333333333,-0.107829131565465,-0.0650903811635906,0.004754632560871292
25.6,-0.0972811591141273,-0.0613086011851756,0.0031138659319768303
25.6166666666667,0.0307623934491168,-0.0647173116786242,0.0033307471302182674
25.6333333333333,0.022569510585005,-0.0661024474271706,0.007342809272716496
25.65,-0.114532393304566,-0.0685014900741628,0.012180224924557087
25.6666666666667,-0.114532393304566,-0.0719102005676113,0.01376106732905953
25.6833333333333,-0.238181023786556,-0.192210648136956,0.011062461615737179
25.7,0.0123863876190434,-0.0729174725256136,0.007027658747625034
25.7166666666667,0.0205722794319271,0.0610650232073794,0.005827358340375333
25.7333333333333,-0.275493743454551,-0.0657288201925859,0.007436371557272952
25.75,-0.107339504415579,-0.0681236262836187,0.008722294400608474
25.7666666666667,-0.228129579134809,-0.192210648136956,0.007534232832334717
25.7833333333333,-0.393929596525291,-0.180524713452119,0.004650443325718541
25.8,-0.0952638643505153,-0.183935822362691,0.0019518838757767044
25.8166666666667,-0.10543008891847,-0.0626913385165984,0.0005710521724482595
25.8333333333333,-0.107339504415579,-0.0578974922746035,0.00026265054297791986
25.85,-0.100636242676477,-0.0647173116786242,0.00026616224328766336
25.8666666666667,-0.092832955655097,-0.184913624160719,0.00021611149161742784
25.8833333333333,-0.104944698324546,0.0669115614314727,0.00022612918700588158
25.9,0.0273633568269979,0.0679709153071336,0.001890721783594824
25.9166666666667,0.0273633568269979,-0.0578974922746035,0.006785084561357721
25.9333333333333,-0.100636242676477,-0.0544839824146699,0.012204787809879561
25.95,-0.100636242676477,-0.0578974922746035,0.014211044162166406
25.9666666666667,-0.100636242676477,-0.0647173116786242,0.011742191175711738
25.9833333333333,-0.092832955655097,-0.184913624160719,0.006867149489405526
26.0,-0.104944698324546,-0.0623225055875913,0.0026908653416237013
26.0166666666667,-0.273100347055252,-0.0599291091882925,0.0007127509608561313
26.0333333333333,0.0195750399520691,-0.0657288201925859,0.0014507686201475558
26.05,-0.106405798633998,-0.188319938765714,0.003768354384369309
26.0666666666667,0.018578716338429,-0.063335423793287,0.0064302444429888556
26.0833333333333,-0.405517718528442,-0.196095054731376,0.008464146911617761
26.1,-0.282962681308068,-0.0735400175110023,0.0083187249170735
26.1166666666667,-0.11258896656478,-0.0735400175110023,0.006308329307767733
26.1333333333333,-0.107806397865467,-0.0687574488116915,0.003686510605508579
26.15,-0.230289336060224,-0.181035793288731,0.0015533440672473205
26.1666666666667,-0.233630639590909,-0.0552964506559476,0.0004521272395877501
26.1833333333333,-0.110748793793707,-0.070484512840428,0.0001922937005612362
26.2,-0.111147701396152,-0.0721542050786141,0.00020631177518455179
26.2166666666667,-0.114486716510581,-0.0755485780472632,0.00017207817759231747
26.2333333333333,0.0165888121259798,-0.0755485780472632,0.001186930096171887
26.25,-0.114486716510581,-0.0755485780472632,0.003124846270933525
26.2666666666667,0.0064474847804504,-0.0755485780472632,0.004953026615965221
26.2833333333333,-0.413781329974197,-0.201423508419841,0.00551281627998629
26.3,0.0496522997262467,-0.0391253691702119,0.007724335503081941
26.3166666666667,-0.113610260919673,-0.198998315925207,0.011902418599762316
26.3333333333333,-0.121157890888075,-0.0823301841160102,0.014442183138893406
26.35,-0.0755773047256135,0.0921220204838221,0.013177423329061671
26.3666666666667,-0.0789094686793462,-0.0367495979535491,0.008727444571387863
26.3833333333333,-0.113092558429654,-0.0662492842667689,0.0037750972943071375
26.4,0.0385386477955038,-0.0401368360579916,0.003263449594109482
26.4166666666667,0.0264759960873796,-0.0421568405232378,0.008657963667888046
26.4333333333333,0.0331931119667587,-0.0421568405232378,0.016914819742542865
26.45,0.0466548993472649,0.0934369735730108,0.025557962941434264
26.4666666666667,-0.0808196074510363,-0.035389481689635,0.030270628993369606
26.4833333333333,-0.0774919992298095,0.0934369735730108,0.027854531582726667
26.5,-0.078448021839128,0.0992409604640869,0.019960229268520178
26.5166666666667,-0.114044263339333,-0.196088644376233,0.010826847115634183
26.5333333333333,0.0480277806438984,0.0913211617683331,0.0069546650111324045
26.55,-0.249311087458958,-0.0407951877557018,0.009433975199186916
26.5666666666667,-0.239100694585297,-0.200437927657499,0.01259418837790501
26.5833333333333,-0.111626187786996,-0.203818053370003,0.012244313625773209
26.6,-0.239100694585297,-0.200437927657499,0.008256416133996362
26.6166666666667,-0.114995084970403,-0.200437927657499,0.0036057428940066017
26.6333333333333,-0.112578429046803,-0.204779157339122,0.0008449762334513942
26.65,-0.112578429046803,-0.201401397446403,0.0001049470858220989
26.6666666666667,-0.235180314560699,-0.196572339487648,0.00011176706707389016
26.6833333333333,-0.235180314560699,-0.364840512190517,0.00010369372822926094
26.7,-0.107749371088046,-0.196572339487648,8.37041514491008e-05
26.7166666666667,-0.235180314560699,-0.0678811840189525,6.21768755228363e-05
26.7333333333333,-0.405088239190903,-0.196572339487648,9.223880674142561e-05
26.75,-0.232767910030326,-0.194159934957274,9.352997867669193e-05
26.7666666666667,-0.105336966557674,-0.194159934957274,6.131910342751022e-05
26.7833333333333,0.0574946491870691,0.0939400395648761,0.00361152609294366
26.8,-0.108703561943932,-0.194159934957274,0.01037397423938507
26.8166666666667,-0.106292572051852,-0.191748945065194,0.014987113716495458
26.8333333333333,-0.106292572051852,-0.0664805862877849,0.014549341285309932
26.85,-0.233679981963478,-0.195126704957913,0.009815354834178835
26.8666666666667,-0.233679981963478,-0.191748945065194,0.004241090098280688
26.8833333333333,-0.228862241119836,-0.183551078509051,0.000946324974516415
26.9,0.0564913013187898,0.103151277829483,0.003542944282600276
26.9166666666667,-0.228862241119836,-0.183551078509051,0.01019708995688756
26.9333333333333,0.0612136413536447,0.107873617864337,0.018453730136291206
26.95,-0.108201126019052,-0.183551078509051,0.02530738130610043
26.9666666666667,-0.105794372583956,-0.181144325073952,0.025534843736092074
26.9833333333333,-0.228862241119836,-0.0582400487528588,0.019611013780094784
27.0,-0.109154076715377,-0.181144325073952,0.011228087842494646
27.0166666666667,-0.109154076715377,-0.187902210679175,0.004482804681809647
27.0333333333333,-0.105794372583956,-0.059256092009047,0.0009574446652465249
27.05,0.0558444505569184,-0.0195259235141613,0.003464042177944299
27.0666666666667,-0.23309480454544,-0.0558332953177604,0.010031999825820268
27.0833333333333,-0.106748732951493,-0.185496866915292,0.01451626874570382
27.1,-0.106748732951493,-0.185496866915292,0.014106114491026285
27.1166666666667,-0.110106144699451,-0.0568507482451636,0.009502186952787102
27.1333333333333,-0.402131350877893,-0.0554646866232595,0.004094247092202798
27.15,-0.237319717403875,-0.188872263471188,0.0008945237997271938
27.1666666666667,-0.110106144699451,-0.188872263471188,5.607668041017172e-05
27.1833333333333,-0.237319717403875,-0.0636891595963427,5.2005825946763024e-05
27.2,-0.108654802944135,-0.187438835704533,5.2745653371490426e-05
27.2166666666667,-0.108654802944135,-0.187438835704533,7.020209673723297e-05
27.2333333333333,-0.108654802944135,-0.187438835704533,6.27676124024133e-05
27.25,0.0491319170990643,0.0954884042305999,0.0030734761621885867
27.2666666666667,-0.240631453919247,-0.192245299169745,0.00882621236601113
27.2833333333333,-0.113461266409347,-0.192245299169745,0.012774954053200829
27.3,-0.108654802944135,-0.0588826961311305,0.01244125961358474
27.3166666666667,-0.108654802944135,-0.187438835704533,0.008401781907431714
27.3333333333333,-0.112007636958168,-0.187438835704533,0.003639175593228716
27.35,-0.11681410042338,-0.195615976486982,0.0007892465142303367
27.3666666666667,-0.11681410042338,-0.0671047792778118,6.435827268459057e-05
27.3833333333333,-0.11681410042338,-0.195615976486982,0.00013734900372998267
27.4,-0.243036797683131,-0.198021320250865,0.00010112739919760008
27.4166666666667,-0.246346276084913,-0.198021320250865,7.822171891847291e-05
27.4333333333333,-0.119219444187264,-0.20475560962817,8.996901772184417e-05
27.45,-0.249653498681869,-0.198021320250865,0.00010576073775811674
27.4666666666667,-0.122569992844441,-0.20475560962817,0.00013695767395739038
27.4833333333333,-0.252060252116965,-0.0719168764767936,4.874990344543686e-05
27.5,-0.248753029520009,-0.0719168764767936,7.356077501299437e-05
27.5166666666667,-0.12162619762236,-0.0719168764767936,8.217240862336889e-05
27.5333333333333,0.0410622749394953,0.0907715960850638,0.0026201151208565723
27.55,-0.124976746279538,-0.0787409563791279,0.007388777615033237
27.5666666666667,-0.124976746279538,-0.200428073685963,0.010691126391455126
27.5833333333333,-0.12162619762236,-0.200428073685963,0.010406743017261877
27.6,-0.124976746279538,-0.0787409563791279,0.006977953257993385
27.6166666666667,-0.124976746279538,-0.0719168764767936,0.003028391707352015
27.6333333333333,-0.12162619762236,-0.0787409563791279,0.0006832764520949105
27.65,-0.124976746279538,-0.0787409563791279,5.7253482416394133e-05
27.6666666666667,-0.0893717795551097,-0.0444738905014113,6.78562513539889e-05
27.6833333333333,-0.126443938466002,-0.0835586972227674,7.272267117983057e-05
27.7,-0.129794487123179,-0.0767346173204331,0.00010040581855904686
27.7166666666667,0.0410622749394953,0.0907715960850638,0.0025884820593428267
27.7333333333333,-0.12162619762236,-0.0719168764767936,0.0074216394807655834
27.75,-0.256877992960607,-0.0835586972227674,0.010713705751690217
27.7666666666667,-0.124976746279538,-0.207162363063269,0.0103990196174715
27.7833333333333,-0.12162619762236,-0.0719168764767936,0.007043750503720414
27.8,-0.12162619762236,-0.0787409563791279,0.003027494035796645
27.8166666666667,-0.12162619762236,-0.207162363063269,0.0006683647966298445
27.8333333333333,0.0410622749394953,0.0839475161827295,0.00257071905020425
27.85,-0.129794487123179,-0.205245814529603,0.007410162971839287
27.8666666666667,-0.126443938466002,-0.0767346173204331,0.010707320916360502
27.8833333333333,-0.126443938466002,-0.205245814529603,0.010408824096782295
27.9,-0.126443938466002,-0.211980103906908,0.007000372886945278
27.9166666666667,-0.128854928358081,-0.0791456072125129,0.00301866791463935
27.9333333333333,-0.253570770363651,-0.0767346173204331,0.0006567492210030472
27.95,-0.126443938466002,-0.0767346173204331,4.033484558698325e-05
27.9666666666667,-0.126443938466002,-0.0767346173204331,4.5726156902924046e-05
27.9833333333333,0.0363399349046404,0.0792251761478745,0.0022601944971223685
28.0,-0.126443938466002,-0.0835586972227674,0.006533742902235621
28.0166666666667,-0.129794487123179,-0.205245814529603,0.009459176206753605
28.0333333333333,0.0339766873866615,0.0768619286298936,0.011278559034398089
28.05,-0.126443938466002,-0.205245814529603,0.01226496404671992
28.0666666666667,0.0363399349046404,0.0860492560502088,0.013707163321672
28.0833333333333,-0.128854928358081,-0.207656804421683,0.015640317161095495
28.1,-0.125502094344048,-0.0791456072125129,0.015206769871607103
28.1166666666667,-0.125502094344048,-0.207656804421683,0.011665439341489002
28.1333333333333,-0.126443938466002,-0.0767346173204331,0.006705878306598946
28.15,-0.126443938466002,-0.205245814529603,0.0026774331527412943
28.1666666666667,-0.125502094344048,-0.207656804421683,0.0005884186133712373
28.1833333333333,-0.123091104451969,-0.0767346173204331,4.3051084078270244e-05
28.2,-0.125502094344048,-0.204286127104446,4.7640998496813956e-05
28.2166666666667,-0.0898406661092054,-0.041454511359705,5.596018892822454e-05
28.2333333333333,-0.125502094344048,-0.0757299875310437,6.345401994739594e-05
28.25,0.0373295214006944,0.0871016282136971,0.002406606691477593
28.2666666666667,-0.125502094344048,-0.204286127104446,0.00675242599276959
28.2833333333333,-0.125502094344048,-0.204286127104446,0.009742278142430703
28.3,-0.418978642277806,-0.204286127104446,0.00945287725515498
28.3166666666667,-0.125502094344048,-0.204286127104446,0.006341858913206557
28.3333333333333,-0.125502094344048,-0.0757299875310437,0.002731295595988231
28.35,-0.124559377164525,-0.0781423920614181,0.0005953659363715054
28.3666666666667,-0.252672281853948,-0.0757299875310437,3.8889360456844386e-05
28.3833333333333,-0.122146972634152,-0.204286127104446,4.590013867272023e-05
28.4,-0.124559377164525,-0.20669853163482,3.1568427136066297e-05
28.4166666666667,-0.122146972634152,-0.204286127104446,1.7382417246127003e-05
28.4333333333333,0.0383200089669558,0.0847369940700645,0.0023675934565472387
28.45,-0.124559377164525,-0.0781423920614181,0.006871302846308259
28.4666666666667,-0.122146972634152,-0.0757299875310437,0.009949440819393645
28.4833333333333,-0.124559377164525,-0.0781423920614181,0.009670720463378414
28.5,-0.127914498874421,-0.074724382553547,0.006498488556622629
28.5166666666667,0.0335865759182759,0.0800035610213847,0.0048480959920406946
28.5333333333333,0.0383200089669558,-0.0404461098047811,0.008947940380480073
28.55,0.0373295214006944,-0.0380814756611485,0.0178710006124806
28.5666666666667,0.0383200089669558,0.0847369940700645,0.027446840660545813
28.5833333333333,-0.124559377164525,-0.203325495936264,0.03189770304111089
28.6,-0.124559377164525,-0.20669853163482,0.028287670587141954
28.6166666666667,-0.124559377164525,-0.20669853163482,0.019287618466187626
28.6333333333333,-0.248458952928074,-0.074724382553547,0.009799116569632053
28.65,-0.122146972634152,-0.0723119780231727,0.0033718496897754352
28.6666666666667,-0.124559377164525,-0.074724382553547,0.0006106345767573048
28.6833333333333,-0.124559377164525,-0.074724382553547,3.3820776378531795e-05
28.7,-0.124559377164525,-0.074724382553547,5.4452090535606186e-05
28.7166666666667,-0.248458952928074,-0.074724382553547,4.533006234369878e-05
28.7333333333333,-0.121201965416567,-0.203325495936264,5.697815035703958e-05
28.75,-0.121201965416567,-0.074724382553547,6.994333761135653e-05
28.7666666666667,0.0416774207149139,0.0915754054212435,0.002636669433341248
28.7833333333333,-0.121201965416567,-0.071303980710239,0.007503699458376545
28.8,-0.121201965416567,-0.071303980710239,0.01083421743804773
28.8166666666667,-0.121201965416567,-0.203325495936264,0.010526020399378118
28.8333333333333,-0.126031023375323,-0.0761330386689934,0.0070693345566306435
28.85,-0.126031023375323,-0.0761330386689934,0.0030459410403250804
28.8666666666667,-0.126031023375323,-0.208154553895018,0.0006609546250606335
28.8833333333333,-0.126031023375323,-0.0761330386689934,4.463832651629958e-05
28.9,-0.126031023375323,0.0953951195578412,5.6174074050253594e-05
28.9166666666667,-0.117842261285146,-0.203325495936264,3.4887875501900774e-05
28.9333333333333,-0.248458952928074,-0.199950099380367,2.0917742381081783e-05
28.95,-0.122671319243902,-0.0761330386689934,2.280520858877031e-05
28.9666666666667,-0.126031023375323,-0.0761330386689934,4.0495344761257165e-05
28.9833333333333,-0.122671319243902,-0.0761330386689934,1.984391313977217e-05
29.0,-0.118361680356661,-0.0751268979013069,1.7234806342525747e-05
29.0166666666667,-0.122671319243902,-0.0727102419777069,2.044296071847355e-05
29.0333333333333,-0.122671319243902,-0.0727102419777069,2.0810924709300728e-05
29.05,-0.125087975167502,-0.0751268979013069,2.3967485257889002e-05
29.0666666666667,-0.118361680356661,-0.0785496945925935,2.7881414726178055e-05
29.0833333333333,-0.125087975167502,-0.0751268979013069,4.251974389830036e-05
29.1,-0.115945024433061,-0.0727102419777069,3.946731827163826e-05
29.1166666666667,-0.122671319243902,-0.201401397446403,2.343552352840671e-05
29.1333333333333,-0.125087975167502,-0.0751268979013069,1.9986347123539156e-05
29.15,-0.118361680356661,-0.0751268979013069,3.867392243923403e-05
29.1666666666667,-0.118361680356661,-0.203818053370003,3.375157474332588e-05
29.1833333333333,0.0514881995255038,-0.0751268979013069,0.003168666435701076
29.2,-0.118361680356661,-0.0751268979013069,0.009223109183448768
29.2166666666667,-0.118361680356661,-0.071701703845968,0.013358535734334777
29.2333333333333,-0.118361680356661,-0.071701703845968,0.012987346039483191
29.25,-0.120779755908998,-0.0775449734536437,0.008721009114953387
29.2666666666667,-0.118361680356661,-0.071701703845968,0.003740337178882949
29.2833333333333,-0.118361680356661,-0.071701703845968,0.000787095804635065
29.3,-0.120779755908998,-0.0775449734536437,3.04846711726333e-05
29.3166666666667,-0.120779755908998,-0.0741197793983048,2.212801258267228e-05
29.3333333333333,-0.120779755908998,-0.0741197793983048,3.0042705940835744e-05
29.35,-0.117413160522739,-0.0741197793983048,3.0292731892143134e-05
29.3666666666667,-0.119832656955089,-0.0696816855459367,3.882313345512129e-05
29.3833333333333,0.0524947641074647,-0.0741197793983048,0.0032483568821105695
29.4,-0.117413160522739,-0.0741197793983048,0.009415532576749751
29.4166666666667,-0.117413160522739,-0.196088644376233,0.013642939642566295
29.4333333333333,-0.117413160522739,-0.0741197793983048,0.013258755549826529
29.45,-0.120779755908998,-0.202856003209835,0.008902272130576379
29.4666666666667,-0.119832656955089,-0.0696816855459367,0.003824707485375629
29.4833333333333,-0.119832656955089,-0.0765392758306547,0.0008178232477390418
29.5,-0.117413160522739,-0.0741197793983048,3.1254606619243e-05
29.5166666666667,-0.119832656955089,-0.0765392758306547,4.096515750337326e-05
29.5333333333333,-0.117413160522739,-0.196088644376233,4.495197802365505e-05
29.55,-0.117413160522739,-0.0672621891135868,3.639052304769178e-05
29.5666666666667,-0.119832656955089,-0.0662492842667689,3.63369076679348e-05
29.5833333333333,-0.116463759771683,-0.0662492842667689,2.238446610624759e-05
29.6,-0.116463759771683,-0.0696816855459367,2.171081012115629e-05
29.6166666666667,-0.119832656955089,-0.0696816855459367,1.6890691382270048e-05
29.6333333333333,-0.116463759771683,-0.0696816855459367,3.289602400079685e-05
29.65,-0.116463759771683,-0.0662492842667689,3.357376964108237e-05
29.6666666666667,-0.116463759771683,-0.0662492842667689,3.896134122059454e-05
29.6833333333333,-0.116463759771683,-0.0662492842667689,3.5062332831949126e-05
29.7,-0.117935818946866,-0.0710925447839806,2.5280650269799835e-05
29.7166666666667,-0.121307020288894,-0.0710925447839806,2.253440481674537e-05
29.7333333333333,-0.117935818946866,-0.0710925447839806,2.137527746743119e-05
29.75,-0.117935818946866,-0.196574549330428,1.9840384622113157e-05
29.7666666666667,-0.117935818946866,-0.0676577360411784,2.1837600042807957e-05
29.7833333333333,-0.117935818946866,0.104231348344487,2.175303619735661e-05
29.8,-0.114562311081515,-0.0676577360411784,2.754752220223023e-05
29.8166666666667,-0.116986077676295,-0.0700815026359578,3.125361012727663e-05
29.8333333333333,-0.114562311081515,-0.0642205173009842,3.524188937668247e-05
29.85,-0.24454780054193,-0.195606323747384,3.249790381331744e-05
29.8666666666667,-0.111186494324893,-0.0676577360411784,3.8164318586253464e-05
29.8833333333333,-0.116035453414307,-0.0656298451154981,3.846247734403739e-05
29.9,-0.116035453414307,-0.0690694763903977,4.082334592136765e-05
29.9166666666667,-0.243640829082832,-0.0656298451154981,3.87697066053839e-05
29.9333333333333,-0.113610260919673,-0.192211950778735,2.041866126467372e-05
29.95,-0.116035453414307,-0.0656298451154981,1.7653046576476273e-05
29.9666666666667,-0.109276883739291,-0.0656298451154981,1.3457121585004509e-05
29.9833333333333,-0.109276883739291,-0.0656298451154981,1.8700267322561264e-05
30.0,-0.109276883739291,-0.0656298451154981,1.9353486634646444e-05
