time,input,output,simulated
-2.0,-0.0746396012366148,-0.0775227204281499,0.0
-1.98333333333333,-0.0694808159651345,-0.0723639351566696,0.0
-1.96666666666667,-0.064328512331074,-0.067211631522607,0.0
-1.95,-0.0617547873119115,-0.0646379065034466,0.0
-1.93333333333333,-0.0591826781265432,-0.0620657973180762,0.0
-1.91666666666667,-0.054043301174292,-0.056926420365825,0.0
-1.9,-0.0489103693276142,-0.0517934885191494,0.0
-1.88333333333333,-0.0412230296345292,-0.0441061488260623,0.0
-1.86666666666667,-0.0412230296345292,-0.0441061488260623,0.0
-1.85,-0.0335501234100704,-0.0364332426016034,0.0
-1.83333333333333,-0.0284428511261105,-0.0313259703176435,0.0
-1.81666666666667,-0.023341963668981,-0.0262250828605161,0.0
-1.8,-0.0182474490732282,-0.0211305682647612,0.0
-1.78333333333333,-0.181271387989275,-0.184154507180811,0.0
-1.76666666666667,-0.0080774907533566,-0.0109606099448897,0.0
-1.75,-0.0055389655984633,-0.0084220847899985,0.0
-1.73333333333333,-0.0004666622201455,-0.0033497814116806,0.0
-1.71666666666667,0.0096589981829588,0.0067758789914258,0.0
-1.7,0.012186474724534,0.0093033555329988,0.0006247085365363081
-1.68333333333333,-0.150267308186672,-0.153150427378208,0.003195531175131669
-1.66666666666667,-0.147694070286056,-0.150577189477591,0.006096771161867508
-1.65,-0.0969005059112192,-0.0997836251027543,0.005648684728932356
-1.63333333333333,-0.0994555755460148,-0.102338694737548,0.002788275435265984
-1.61666666666667,0.0398852546376275,0.0370021354460945,0.0010345222922024564
-1.6,-0.079059335673476,-0.0819424548650112,0.003455474179216565
-1.58333333333333,-0.0739760591858612,-0.0768591783773964,0.01066928209696707
-1.56666666666667,-0.0739760591858612,-0.0768591783773964,0.012959447241817117
-1.55,0.0624077243809509,0.0595246051894179,0.007560672762290519
-1.53333333333333,-0.0714367804054326,-0.0743198995969678,0.006410963185579072
-1.51666666666667,0.0723775180178862,0.069494398826351,0.017189131787804433
-1.5,-0.0537057362652043,-0.0565888554567394,0.026259603779544883
-1.48333333333333,-0.0537057362652043,-0.0565888554567394,0.030493681750010722
-1.46666666666667,-0.0461301593103023,-0.0490132785018353,0.02668215925845406
-1.45,0.0922433830924035,0.0893602639008684,0.01612774261291498
-1.43333333333333,-0.0360511748263598,-0.0389342940178949,0.012948289065547559
-1.41666666666667,-0.0234873262426092,-0.0263704454341422,0.02721426819875868
-1.4,-0.0234873262426092,-0.0263704454341422,0.03294919899260791
-1.38333333333333,-0.0234873262426092,-0.0263704454341422,0.01924151341761132
-1.36666666666667,-0.0159675522228909,-0.0188506714144239,0.0060987145317953914
-1.35,-0.0034653641673266,-0.0063484833588596,0.004435030930129542
-1.33333333333333,-0.0084616325961548,-0.0113447517876899,0.00475463884796743
-1.31666666666667,-0.0009695291097486,-0.0038526483012837,0.002396917107978398
-1.3,0.0065087963482881,0.0036256771567529,0.0010152083043242922
-1.28333333333333,0.0114867109507493,0.0086035917592163,0.001437187035505622
-1.26666666666667,0.0164585300808127,0.0135754108892776,0.003138375177436742
-1.25,0.0114867109507493,0.0086035917592163,0.006490898789964818
-1.23333333333333,0.0214242649275143,0.0185411457359791,0.01010168776624246
-1.21666666666667,0.0263839266525238,0.0235008074609908,0.012162934466780986
-1.2,0.0362850752478081,0.033401956056273,0.014749867729591049
-1.18333333333333,0.0362850752478081,0.033401956056273,0.01955285794042517
-1.16666666666667,0.0412265843053269,0.0383434651137918,0.02565800909952129
-1.15,0.0461620646158146,0.0432789454242794,0.030750429732649805
-1.13333333333333,0.0584744619162777,0.0555913427247447,0.034796207706936144
-1.11666666666667,0.0584744619162777,0.0555913427247447,0.03952279287789029
-1.1,0.0584744619162777,0.0555913427247447,0.04591930056279524
-1.08333333333333,0.0633889282663546,0.0605058090748216,0.05165998815659213
-1.06666666666667,0.0633889282663546,0.0605058090748216,0.05506244709667234
-1.05,0.0780964948686453,0.0752133756771101,0.05755203952211435
-1.03333333333333,0.0780964948686453,0.0752133756771101,0.06100828984649136
-1.01666666666667,-0.0855793530176236,-0.0884624722091566,0.0663939205771176
-1.0,-0.0805923776474145,-0.0834754968389475,0.06668493310167092
-0.983333333333333,0.0903119042662794,0.0874287850747464,0.050356309629678714
-0.966666666666667,-0.0756114514386056,-0.0784945706301407,0.032689297392478334
-0.95,-0.0681513802484559,-0.0710344994399911,0.03569720707736382
-0.933333333333334,0.102490315556573,0.0996071963650401,0.03826171955716953
-0.916666666666667,-0.0582256882858481,-0.0611088074773832,0.030491124540705513
-0.9,0.112206518771413,0.109323399579878,0.034469062604354464
-0.883333333333334,-0.0458523124528639,-0.048735431644397,0.04561774613209538
-0.866666666666667,0.114631896575496,0.111748777383961,0.05291176290350426
-0.850000000000001,0.124318755733734,0.121435636542198,0.05195053440620733
-0.833333333333334,0.129153412654968,0.126270293463433,0.06286625668571796
-0.816666666666667,0.131568552584142,0.128685433392609,0.08770649235572067
-0.8,-0.0335162661936778,-0.0363993853852129,0.10873491075446065
-0.783333333333334,-0.0335162661936778,-0.0363993853852129,0.10929151832079632
-0.766666666666667,-0.0285922621529615,-0.0314753813444966,0.08054708580929218
-0.75,0.141214552875694,0.138331433684161,0.04299330021741632
-0.733333333333333,-0.0163081941481863,-0.0191913133397193,0.030690039233927977
-0.716666666666667,-0.02613248642188,-0.0290156056134151,0.050535596208616564
-0.7,0.158039201920919,0.155156082729386,0.05584543637299346
-0.683333333333334,-0.0065075347853145,-0.0093906539768475,0.042598078829414424
-0.666666666666667,0.0008275018914382,-0.0020556173000969,0.05110073859995219
-0.65,0.0057101853543407,0.0028270661628077,0.05872757410104537
-0.633333333333334,0.0008275018914382,-0.0020556173000969,0.03830335361166897
-0.616666666666667,-0.165966512004837,-0.168849631196372,0.014953607202975835
-0.600000000000001,0.0081493287554742,0.0052662095639412,0.010162719668411233
-0.583333333333334,0.0081493287554742,0.0052662095639412,0.010594019404215067
-0.566666666666667,-0.148552710148341,-0.151435829339876,0.007774052421530216
-0.550000000000001,0.0178912775799631,0.0150081583884301,0.007033475748410438
-0.533333333333333,0.0178912775799631,0.0150081583884301,0.007709379704261564
-0.516666666666667,0.0251824199752562,0.0222993007837211,0.009358749792209006
-0.5,0.0324604709023859,0.0295773517108508,0.0135943015922434
-0.483333333333333,0.0251824199752562,0.0222993007837211,0.018838951661213958
-0.466666666666667,0.0421442351681527,0.0392611159766176,0.023016703809323844
-0.45,-0.123802255994241,-0.126685375185777,0.026144469113647796
-0.433333333333334,0.0421442351681527,0.0392611159766176,0.027770975912032758
-0.416666666666667,0.0445615592521001,0.041678440060565,0.0249167067534017
-0.4,0.0445615592521001,0.041678440060565,0.025607088216147898
-0.383333333333334,0.0445615592521001,0.041678440060565,0.03306570454916346
-0.366666666666667,0.0614424625898778,0.0585593433983426,0.0398626969333092
-0.350000000000001,0.0614424625898778,0.0585593433983426,0.042860252607317476
-0.333333333333334,-0.121335345775239,-0.124218464966774,0.04744828300473874
-0.316666666666667,0.0614424625898778,0.0585593433983426,0.05003512650765739
-0.300000000000001,-0.109022875663796,-0.111905994855329,0.04263792756266675
-0.283333333333333,-0.109022875663796,-0.111905994855329,0.03556165194249417
-0.266666666666667,0.0686555820726326,0.0657724628810996,0.02915006916156142
-0.25,0.0758558195697333,0.0729727003782003,0.023034407184697864
-0.233333333333333,0.0686555820726326,0.0657724628810996,0.030752610642603588
-0.216666666666667,-0.0918470049536161,-0.0947301241451491,0.050342749207859985
-0.2,0.0758558195697333,0.0729727003782003,0.058367530972956744
-0.183333333333334,0.241110791052096,0.238227671860561,0.047318744965309224
-0.166666666666667,-0.0893991519126274,-0.0922822711041626,0.0555263467153687
-0.15,0.0758558195697333,0.0729727003782003,0.09499284288405663
-0.133333333333334,0.0854361571626271,0.082553037971094,0.10354907992048268
-0.116666666666667,0.0854361571626271,0.082553037971094,0.07888830995086468
-0.100000000000001,0.0973795843162215,0.0944964651246863,0.07000460843616133
-0.0833333333333339,-0.069868662720269,-0.0727517819118042,0.08300872110047783
-0.0666666666666673,-0.0723048978218898,-0.075188017013425,0.08497436599520138
-0.0499999999999998,0.0973795843162215,0.0944964651246863,0.06107549061664394
-0.0333333333333341,0.102147033712762,0.0992639145212273,0.03877919216643646
-0.0166666666666666,0.0878276823526072,0.0849445631610742,0.04795948186781385
0.0,-0.069868662720269,-0.0727517819118042,0.07412151075606166
0.0166666666666666,-0.0132211125480779,-0.184277619880564,0.08113232189954209
0.0333333333333332,-0.0133711574169638,-0.185394419624899,0.0572333657124028
0.0499999999999998,-0.0086673971554446,-0.181656417389753,0.028653725825926048
0.0666666666666664,22.3058277470162,-0.182773916683458,0.015435208497747065
0.083333333333333,35.2522835348696,0.29429428238409,1.4542737829839267
0.0999999999999996,36.3979564627775,6.94772105755296,7.847162328383408
0.116666666666666,39.1601080713991,18.5141720105254,18.209818007188716
0.133333333333333,39.4982240973989,26.9747762710158,26.90387201255365
0.149999999999999,39.8167912188638,31.1032822253666,31.601551645276302
0.166666666666666,39.7640967378067,34.7166555980788,34.34560041557168
0.183333333333333,40.0441889487368,36.7714852657528,36.552957122547994
0.2,40.4984748926411,38.0087611694027,37.94278411469359
0.216666666666666,40.0273161945238,38.7864112075915,38.68976920050661
0.233333333333333,39.7351899868447,39.2833078662996,39.318051671190624
0.25,39.6720157457546,39.9404282960412,39.74610291023252
0.266666666666667,39.3173711350923,39.7785688030164,39.86406423977341
0.283333333333333,39.479230628117,39.9226948782333,39.859201512165725
0.3,39.1223970660579,39.7584178536155,39.82828492438146
0.316666666666666,38.9300687025217,39.7761512714234,39.77931078228451
0.333333333333333,39.0920783002057,39.7615396208925,39.68466229439135
0.35,38.8025700195415,39.4367252154981,39.55402982734407
0.366666666666666,38.9324862341148,39.3972656281803,39.45713623794494
0.383333333333333,38.7934300518154,39.5117443324271,39.400761400773675
0.399999999999999,38.3065084564711,39.5341700803698,39.349261303138306
0.416666666666666,37.4116769563692,39.3280102824074,39.260896730995256
0.433333333333333,37.352912409719,38.8540537248784,39.0380599406227
0.449999999999999,37.2436954609577,38.5519726799288,38.63178591428525
0.466666666666667,36.8795852739131,38.1457651687815,38.22376773271795
0.483333333333333,36.6003889585622,37.8682260819143,37.95469273848023
0.5,36.446334541537,37.7053467314502,37.72985911722985
0.516666666666667,36.1551061458909,37.1759210157352,37.454182462768046
0.533333333333333,35.8014831473916,37.0800890316339,37.18217696753835
0.55,35.510418328324,36.8529417059234,36.937339712503324
0.566666666666666,34.4616047551113,36.5659177908431,36.66377598984572
0.583333333333333,34.7665870167283,36.3756033159702,36.30840094368519
0.6,34.6075998015943,35.5975686574625,35.857652114121564
0.616666666666666,33.9967800488222,35.2395534915969,35.484512658060844
0.633333333333333,32.9239873802848,35.2419525342439,35.25212534144192
0.649999999999999,35.0467906831256,34.7661981203675,34.937614072918095
0.666666666666666,36.1117908985165,34.2795525720238,34.533027675362014
0.683333333333333,36.2391925723827,34.7575343972378,34.61990500492382
0.699999999999999,36.1165847447585,35.5748590881894,35.30919235808932
0.716666666666667,34.8672118167577,36.0341402704179,35.965561412951814
0.733333333333333,35.9219971766952,36.15595726492,36.12542582568362
0.75,36.5419373512915,36.0093582684156,35.936549166189664
0.766666666666667,36.2353151695352,35.7322445987549,35.926503662111884
0.783333333333333,36.3628085059935,36.160751111162,36.234032510478386
0.8,36.1814590333704,36.4076791541364,36.511409906916086
0.816666666666666,36.0181747884971,36.5795044603785,36.57237673155315
0.833333333333333,35.8742508707929,36.5842983066205,36.535177972840366
0.85,35.7134576907835,36.3984605776519,36.488855214367675
0.866666666666666,35.7158510871828,36.4172612028687,36.40138492182872
0.883333333333333,35.7206336558821,36.4056365427505,36.28194656947998
0.899999999999999,35.5526631010823,36.1002658347096,36.195797424060274
0.916666666666666,35.4278787151077,36.0978724383103,36.14460029289218
0.933333333333333,35.467651819744,35.9626353733305,36.0750515903609
0.95,35.4220712335815,36.0887588258388,35.980535866554256
0.966666666666666,35.4090954364045,35.7721046699183,35.90847914389106
0.983333333333333,34.3489984715097,35.6165727194943,35.8710334618026
1.0,31.6627907250586,35.6460417870289,35.77532669808558
1.01666666666667,26.6149660843706,35.2769149312362,35.31175840361401
1.03333333333333,25.6056073563003,33.892701366437,33.96494533422488
1.05,31.1404931702717,31.0181445365562,31.58911324868639
1.06666666666667,32.0373810254037,28.9517592998719,29.536191389083022
1.08333333333333,32.0753638433686,29.7820892570075,29.52732947466937
1.1,32.2383116783351,30.9114107221235,30.892660444105097
1.11666666666667,32.2383116783351,31.3395191928575,31.836236504031877
1.13333333333333,32.0705203978353,32.0190001499659,32.0385589267609
1.15,32.0681488122234,32.1155738250757,32.16513279288352
1.16666666666667,31.7878157840198,32.2917172208557,32.33815157986872
1.18333333333333,31.4619336910279,32.2649593547509,32.354366686574224
1.2,31.1674520654207,32.2673351259676,32.23645140533409
1.21666666666667,30.8662871294624,31.9746068595172,32.05953404757303
1.23333333333333,30.3593052221817,31.6248053979019,31.828495432777096
1.25,30.1968927569784,31.6040993121253,31.56085994416562
1.26666666666667,29.6499954992158,31.1365041905779,31.258382527468996
1.28333333333333,29.4577124466891,30.8441321919402,30.9328834667957
1.3,29.430811777956,30.6547958940865,30.59249084835403
1.31666666666667,28.7412321312918,30.1924216751615,30.279040630933366
1.33333333333333,28.4024794997876,29.8904153005453,30.01188432959566
1.35,28.8522977641037,29.5931493116653,29.702708171054976
1.36666666666667,30.0636258833735,29.4104296782225,29.369782303729206
1.38333333333333,30.0588868891545,29.4056906840035,29.278784896543343
1.4,30.0565153035426,29.6888865456722,29.589682419155576
1.41666666666667,29.6091986948802,30.0451707714336,29.993130622559526
1.43333333333333,29.1468308483121,30.1665228387495,30.156557650225565
1.45,28.695037939391,30.0475423570455,30.058051699151264
1.46666666666667,27.9275928991245,29.8670973848654,29.817610667252595
1.48333333333333,27.4852724174711,29.3874568406846,29.47488356833776
1.5,26.5840623536673,29.0947774163841,29.018919616816692
1.51666666666667,25.9666715791503,28.5859162792389,28.486495087888215
1.53333333333333,25.364329623536,27.9787405269582,27.887112588073023
1.55,24.9052176575093,27.3087500669123,27.245726679314075
1.56666666666667,24.9150423060008,26.697641410566,26.622855335638285
1.58333333333333,24.9174069401445,26.2428649965766,26.091432073121943
1.6,25.0728262123672,25.7531783354572,25.724905875963195
1.61666666666667,25.04795999521,25.5870518335858,25.53465767373794
1.63333333333333,25.04795999521,25.4037619428191,25.463914222175532
1.65,25.3368429822594,25.4209197803274,25.430914839132328
1.66666666666667,25.322176807089,25.4037619428191,25.41682270622466
1.68333333333333,25.3245414412326,25.3937053444394,25.46066537183519
1.7,25.322176807089,25.5745619020776,25.532216419540553
1.71666666666667,25.04795999521,25.3913407102958,25.570517560832442
1.73333333333333,25.2004317540808,25.5620807359836,25.5567853329462
1.75,24.8707045405807,25.5668086176453,25.50120954133728
1.76666666666667,24.8707045405807,25.3712522601745,25.438921066257876
1.78333333333333,24.8805061610541,25.3836560735776,25.3576625517802
1.8,24.8707045405807,25.2006319755327,25.267372308684863
1.81666666666667,24.8777859755668,25.262727407941,25.207250030044207
1.83333333333333,24.1283716074507,25.2077134105187,25.18499795943871
1.85,25.0203840415634,25.0797481970374,25.125655719268273
1.86666666666667,26.7964122552357,24.7286945017314,24.984762539058977
1.88333333333333,31.4578389828432,24.6007741439228,25.07746468463192
1.9,43.4102954464565,25.641803834914,25.962562602274815
1.91666666666667,39.6721483975333,28.6515854745282,28.580741802422896
1.93333333333333,42.6455340102353,33.5841146598974,33.1413928773413
1.95,41.3020123883156,36.4299335582481,37.14868817704923
1.96666666666667,40.8491444501869,39.3750512876908,39.17720873283527
1.98333333333333,40.5680910006035,40.0161111086029,39.98521613385414
2.0,40.6871975788824,40.4821421135925,40.46150011139328
2.01666666666667,40.3894765125259,40.6170449040993,40.65844772065195
2.03333333333333,39.946606426921,40.747050362062,40.67600018913817
2.05,39.9324309137746,40.747050362062,40.67596163824496
2.06666666666667,42.1602506204061,40.4515481672365,40.58737573588836
2.08333333333333,44.0717152444849,40.4339168223112,40.5847224592609
2.1,44.0787635899571,41.1708478476138,41.20711824229657
2.11666666666667,46.4867035584013,42.2736563569268,42.39359388507238
2.13333333333333,49.4806932291454,43.1925625789495,43.55360253091602
2.15,51.1208001750749,44.9347007484659,44.80779385127248
2.16666666666667,51.4060573665903,47.1040973693549,46.60787109994432
2.18333333333333,51.3757636276334,48.9578191187932,48.59533977982056
2.2,51.3710743336686,49.7393336575518,50.00012227662226
2.21666666666667,51.1967657789974,50.6781761883152,50.70117619330776
2.23333333333333,50.9164454999498,51.1475954003697,51.069819702572445
2.25,50.593402216861,51.2749799326604,51.2919090727125
2.26666666666667,50.3107393441582,51.4448259757147,51.32980208123291
2.28333333333333,50.1344462408301,51.1073095425208,51.216233260689776
2.3,49.8495245841657,51.1049683161524,51.042820478289556
2.31666666666667,49.5283674938448,50.6058306530258,50.86420003024391
2.33333333333333,49.4950743160672,50.6194302822359,50.66951115964408
2.35,49.084861785445,50.2800935447329,50.44750487192602
2.36666666666667,48.7735408982895,50.2847719003947,50.23379983726263
2.38333333333333,48.6144976358744,49.9484199889828,50.007967462645325
2.4,48.1376742865845,49.6093197378084,49.743013266302356
2.41666666666667,45.4513005267427,49.3617193146211,49.46456480907409
2.43333333333333,36.3228522636636,48.981174834369,49.01657035869246
2.45,39.0249945908916,47.8936643251009,47.53073609460628
2.46666666666667,42.8682666943173,43.0470466304001,44.4453698908012
2.48333333333333,45.4064053274901,40.7249531588367,41.91767853808216
2.5,46.4891592090872,42.0993839170147,42.01883349309249
2.51666666666667,46.4547986623058,43.8094908424277,43.80376498284811
2.53333333333333,46.3362387341631,45.3598155055664,45.25765440822589
2.55,46.1567948983244,45.973166316997,45.90785467805004
2.56666666666667,46.3202748360378,46.4411145905978,46.23779082386902
2.58333333333333,46.3202748360378,46.5681001903461,46.44075523596163
2.6,46.4457987199499,46.5727649268658,46.54645281262796
2.61666666666667,45.2319003282987,46.57562661228,46.635910548612486
2.63333333333333,47.8108709872112,46.9265163987666,46.646317590962
2.65,50.0259798415318,46.5559113317721,46.57893382330292
2.66666666666667,51.0781847592205,47.1953774458766,47.03422816758473
2.68333333333333,51.1491918719877,48.5533091024069,48.28264123582686
2.7,51.063725147009,49.814349698943,49.68248185936258
2.71666666666667,48.495580807693,50.7891487839597,50.54710634711052
2.73333333333333,52.5177338548641,50.8577630898188,50.74888783066267
2.75,51.4741721821888,50.1544416434762,50.581855459651266
2.76666666666667,50.571466089508,50.2608838768797,50.87643374867419
2.78333333333333,50.287460387369,51.4843761765956,51.45866544715168
2.8,50.1288312317447,51.4867051510671,51.54218987294351
2.81666666666667,49.7899682440583,51.1695856555272,51.145560998988024
2.83333333333333,49.3467740380611,50.6488467056256,50.84241361610836
2.85,49.1858626898218,50.5642512205103,50.682530239505624
2.86666666666667,48.9216452560266,50.493781461015,50.41193430987002
2.88333333333333,47.2556145092892,50.3458022755794,50.08745660003092
2.9,47.1149729778035,49.8932684275312,49.74031172610184
2.91666666666667,47.4327825526409,49.1413448817128,49.15761250473905
2.93333333333333,47.2718244225451,48.5075196398957,48.51613713219395
2.95,46.9948015788562,48.2163884110264,48.18266427917076
2.96666666666667,46.6562568568894,48.0346933210327,48.07523316520111
2.98333333333333,46.3752559779516,47.9206032981785,47.89599036585235
3.0,46.0480913991552,47.5452871866247,47.60119182136671
3.01666666666667,45.9350746821649,47.5449626061556,47.30424472500013
3.03333333333333,45.6377468761533,47.2493828410846,47.033069067126895
3.05,44.9023458876115,46.9487379273924,46.78112178040036
3.06666666666667,45.3287382339151,46.4718006178408,46.50494116893239
3.08333333333333,45.7664965397364,46.1713703126974,46.175561979197134
3.1,45.3239903320783,46.1713703126974,45.97556964722803
3.11666666666667,44.7098098161092,46.1565876245556,46.005837552768746
3.13333333333333,46.5195364937594,46.1761182145342,46.001126268866365
3.15,51.0008632593508,45.6727492776676,45.87572836143596
3.16666666666667,51.7472615984846,46.1613300049839,46.33289982081105
3.18333333333333,52.3159510692961,48.349574099953,47.94338658905843
3.2,52.1953026241195,50.0386013289299,49.884529579592005
3.21666666666667,52.1953026241195,51.2419147000864,51.14269367138617
3.23333333333333,51.8730266103536,51.7136687043184,51.7085704082452
3.25,51.8378743714561,52.0091459023852,52.02785649644971
3.26666666666667,51.2397193687588,52.1827268842118,52.20608629596725
3.28333333333333,51.2397193687588,52.1611295450789,52.20317725902062
3.3,51.2402658238852,52.3224471658967,52.06214211998343
3.31666666666667,50.614879866226,51.9876071323076,51.909427790698004
3.33333333333333,50.4819075775865,51.887249686145,51.7903392049068
3.35,50.3383488731066,51.696969298733,51.61252488882553
3.36666666666667,50.1782175090503,51.5202890316559,51.365961487121275
3.38333333333333,49.8753623593358,51.3469774345593,51.14705307685299
3.4,49.4549572930834,51.0564505801229,50.97547792692616
3.41666666666667,49.1161458842563,50.7264644314749,50.76247717757924
3.43333333333333,48.8516473180637,50.2417164495111,50.46613447953388
3.45,48.6909228256266,50.0731063690057,50.13997276751325
3.46666666666667,48.3890922812999,49.9554620799604,49.84264875771143
3.48333333333333,48.0882059789876,49.4829710872367,49.58424857382464
3.5,47.6462136247856,49.1457509262259,49.33135109293606
3.51666666666667,47.480752263703,49.0350422845278,49.04443798761524
3.53333333333333,47.8069381172227,48.682073204836,48.72291579696764
3.55,47.480752263703,48.4431107056664,48.456704008903785
3.56666666666667,46.7622289163817,48.2790620301861,48.33193298210978
3.58333333333333,47.2042212705836,48.3870055639515,48.214194365914366
3.6,47.0842710296366,48.104751343095,47.96598034615655
3.61666666666667,46.1595120697427,47.774765194447,47.75712140976273
3.63333333333333,50.172887512024,47.7700283258015,47.64227668548621
3.65,53.3117519831925,47.4596501211718,47.662713071166266
3.66666666666667,53.9144688298315,48.5134631243306,48.53010661438026
3.68333333333333,53.9144688298315,50.4312945077721,50.41743111097345
3.7,53.7356339646381,51.9493112582436,52.24826239874283
3.71666666666667,53.5882829763119,53.0409198204942,53.18926360124009
3.73333333333333,53.307015114547,53.6513337111002,53.52166195074665
3.75,53.0304841214276,53.846832196333,53.711259603015606
3.76666666666667,52.865022760345,53.8420953276875,53.776533201676266
3.78333333333333,52.7049851956678,53.6661696922241,53.68100482198082
3.8,52.1015814212689,53.5047582720272,53.538485639723554
3.81666666666667,51.9986455371476,53.3782568761546,53.38387783125067
3.83333333333333,51.8203135595041,53.0409198204942,53.15191177665666
3.85,51.6818400744102,53.0456566891397,52.88878573517487
3.86666666666667,51.0742113344218,52.789338466905,52.67564774278958
3.88333333333333,50.9583698287988,52.5818182376068,52.47997058733671
3.9,50.4943364968982,52.3251782205592,52.20566500490162
3.91666666666667,50.189969923119,51.9876071323076,51.88282769395518
3.93333333333333,50.3490577832824,51.851320290251,51.56254634285234
3.95,49.7461659119395,51.6825347461252,51.27419208466695
3.96666666666667,49.3063687663216,51.3894836039386,51.04660609043226
3.98333333333333,48.8588654257364,50.7169851824012,50.79498406573591
4.0,48.8952548959235,50.6696629797628,50.43590091098675
4.01666666666667,48.5805749606767,50.3109485175572,50.04115690213784
4.03333333333333,48.4552008236425,50.0386013289299,49.74729945785951
4.05,46.8016902676564,49.6556436843527,49.531890344106756
4.06666666666667,24.4930905167123,49.2208475342577,49.22579049017149
4.08333333333333,14.507482373548,47.9943558339071,47.218180638882075
4.1,5.61971357886616,40.8783775340029,40.411362522050176
4.11666666666667,2.32198941070367,29.0838151576296,29.93702346398352
4.13333333333333,1.15857314222413,20.4305543571008,20.09250088318295
4.15,0.716066934566022,13.0014133771346,13.218268412887767
4.16666666666667,0.713343475014656,9.29356835213561,8.735309662790213
4.18333333333333,0.394244238087399,5.62538861820407,5.773839154095019
4.2,0.268812825071129,4.22173876336824,3.9630700505169996
4.21666666666667,0.269721460114684,2.69198190649835,2.82998052929488
4.23333333333333,0.430679590210433,2.05859669563202,2.0133803588568475
4.25,0.266436800610342,1.43246781109564,1.462720961821589
4.26666666666667,0.433277493383744,1.13347332222808,1.1238171396770222
4.28333333333333,0.269033193642683,0.806651132581067,0.8847500148020703
4.3,0.430679590210433,0.837790918921509,0.7171530867847313
4.31666666666667,0.266655785209919,0.504805740602953,0.6059662285948608
4.33333333333333,0.26925368838323,0.381723562936968,0.5419930718214804
4.35,0.433277493383744,0.545747367937481,0.4890157952394327
4.36666666666667,0.43094716234569,0.374396972414888,0.4406494614517622
4.38333333333333,0.26925368838323,0.381723562936968,0.42916134304828424
4.4,0.108596417786296,0.21152717409281,0.4455886672848527
4.41666666666667,0.274454030425889,0.216286147713846,0.41011860656191423
4.43333333333333,0.113950226351228,0.377979621676303,0.32530193430709065
4.45,0.269695056804855,0.21152717409281,0.270798492935753
4.46666666666667,0.108596417786296,0.0424483776531716,0.255193151049438
4.48333333333333,0.269695056804855,0.0424483776531716,0.24686319668552537
4.5,0.108596417786296,0.0424483776531716,0.2278148722828658
4.51666666666667,0.272297498314607,0.0459747448283338,0.2202594400208402
4.53333333333333,0.111327439635059,0.0435931772167422,0.21536771939365718
4.55,0.109459741808418,0.205428048035294,0.21349587838519463
4.56666666666667,0.108770400846443,0.0506532713998055,0.19846742485014923
4.58333333333333,0.272519887634542,0.0541870035296895,0.16798137689360731
4.6,0.272519887634542,0.0506532713998055,0.1529576567777485
4.61666666666667,0.270136931204335,0.0518040470994848,0.18513468670356767
4.63333333333333,0.106560136740833,0.045885968505582,0.2340101862097588
4.65,0.111678683870994,0.0494197006354661,0.24829132894919453
4.66666666666667,-0.0472233359604388,0.0518040470994848,0.21284040567308976
4.68333333333333,0.119187545554703,0.0553402393422012,0.15935919721288955
4.7,0.111678683870994,0.0529558928781825,0.11563948277747119
4.71666666666667,0.10690581597365,0.0481830249808361,0.1027473188598494
4.73333333333333,0.109467326920122,0.0446468327381197,0.11183653746415179
4.75,0.270800693416425,0.0481830249808361,0.11804500915254568
4.76666666666667,0.107078803049305,0.0457945011100215,0.12610230187696894
4.78333333333333,0.271022201420169,-0.0777408793024477,0.15416877752526584
4.8,0.271491112011773,0.217286585179665,0.17604389131007736
4.81666666666667,0.109641807322523,0.0493331560354868,0.19479281330114367
4.83333333333333,-0.0490921493015325,0.0504843574375897,0.21352011747112942
4.85,0.107251888542914,0.0504843574375897,0.19314679505588872
4.86666666666667,0.26863228264056,-0.0731346487377614,0.13133611823950864
4.88333333333333,0.10759835511992,0.0492439182763761,0.10621091530389255
4.9,0.112382382296175,0.0540279454526313,0.1457197400432504
4.91666666666667,0.10759835511992,-0.0814179690788706,0.1684653880131255
4.93333333333333,-0.0490921493015325,0.061122535309012,0.14387657275052132
4.95,0.110165847217065,-0.070912768430842,0.11317439700659399
4.96666666666667,0.110165847217065,0.0563385081327567,0.09225675902596639
4.98333333333333,0.112734837875172,0.0598895151462528,0.08632652528470047
5.0,0.110340727029623,0.0539443972872085,0.0968982752360735
5.01666666666667,0.107945216377477,-0.0721957705027108,0.10936929705132445
5.03333333333333,0.110340727029623,0.0574954043007047,0.11137172199674883
5.05,-0.0485754378325936,0.0550998936485563,0.10962556351152228
5.06666666666667,0.113087698627597,-0.0651751874870733,0.10419836826695816
5.08333333333333,0.113087698627597,0.0550998936485563,0.0855786936361411
5.1,0.115661192848961,0.0586533788397091,0.07870721975780508
5.11666666666667,0.272576323748945,0.0574141191659706,0.09428185108083245
5.13333333333333,-0.0508443893263483,0.060972568501402,0.12007256031957186
5.15,0.110865967211299,0.060972568501402,0.14429429440617356
5.16666666666667,0.108466249765406,0.0585728510555093,0.1333857348911845
5.18333333333333,0.116195760623096,-0.0688561618518889,0.10636968709399833
5.2,0.111041247806434,-0.0688561618518889,0.10090537773314384
5.21666666666667,0.273491706846755,0.0971107208063742,0.11307448012390033
5.23333333333333,0.275646820874783,0.0632960880807481,0.12712509458094473
5.25,0.116374155867141,0.05973266419156,0.16339879886960673
5.26666666666667,0.111567692401929,-0.069028442781844,0.20482723531921831
5.28333333333333,0.111567692401929,0.058489624615536,0.1974472577032463
5.3,0.111567692401929,0.058489624615536,0.15485529638731743
5.31666666666667,0.111743375158348,0.0667895101132601,0.1294772519262981
5.33333333333333,0.111743375158348,0.063218604811923,0.12693618634520742
5.35,0.114325912106353,0.0667895101132601,0.12383148500131771
5.36666666666667,0.111919158671255,-0.0562091821161687,0.11797712045189583
5.38333333333333,0.111919158671255,-0.0597403892975187,0.11642923715646397
5.4,0.111919158671255,-0.0597403892975187,0.11650433625062584
5.41666666666667,0.107101417827615,0.0702927364817775,0.11549974850906133
5.43333333333333,0.112271028313281,0.0667143261826908,0.11431468050304006
5.45,0.112271028313281,-0.0574932427894616,0.11285822566173945
5.46666666666667,0.109860038421201,-0.0599042326815415,0.11224120348417091
5.48333333333333,0.112447114616028,-0.0599042326815415,0.1126095845141114
5.5,0.110034710085654,-0.0587804814538195,0.11277081061983682
5.51666666666667,0.112623302022514,-0.0623166372119137,0.11252412590085484
5.53333333333333,0.112623302022514,0.0690502592827144,0.11247739944029667
5.55,0.112623302022514,0.0690502592827144,0.11280580865545564
5.56666666666667,0.10779424406376,-0.0565297907199216,0.11317270722306944
5.58333333333333,0.10779424406376,-0.0565297907199216,0.11319618035852475
5.6,0.112975980495052,-0.0565297907199216,0.11214916518030763
5.61666666666667,0.112975980495052,-0.0529861925696252,0.11098022705235148
5.63333333333333,0.113152471735529,-0.0518567643236921,0.11141446872456426
5.65,0.110734396183192,0.0737352607467379,0.11286236999284341
5.66666666666667,0.110734396183192,-0.050726267070231,0.11353363763915941
5.68333333333333,0.110909567996242,-0.0531457635025809,0.11305153668340698
5.7,0.110909567996242,-0.0531457635025809,0.11244671658803454
5.71666666666667,0.110909567996242,-0.0531457635025809,0.11224784179490883
5.73333333333333,0.11126021257035,-0.0544379599570298,0.11224615551866375
5.75,0.113859452098461,-0.0544379599570298,0.11221816675118243
5.76666666666667,0.113859452098461,-0.0508844020129224,0.1124087552042954
5.78333333333333,0.119242568144109,-0.0533081686077018,0.11313447263946597
5.8,0.119242568144109,-0.0497521141541782,0.11438220678636714
5.81666666666667,0.23930031384423,0.0703056315459449,0.1162233198709812
5.83333333333333,0.116817375649475,-0.0450576976827612,0.12584673422613984
5.85,0.119422729037053,-0.0450576976827612,0.14895845378843586
5.86666666666667,0.122029614260012,-0.0414941378955987,0.15703367937835455
5.88333333333333,0.11717494653508,-0.0427827387746667,0.14154266468564755
5.9,0.114745468783029,-0.0487782833725809,0.1268766864697342
5.91666666666667,0.114745468783029,-0.041643639975554,0.12473725777040875
5.93333333333333,0.237336587356155,0.0738128352005468,0.1238503186897723
5.95,0.114922978497324,-0.0476431252221374,0.12764763494601444
5.96666666666667,0.114922978497324,-0.0440745486709723,0.14812856466068414
5.98333333333333,0.110056863216508,-0.048940663951791,0.1565078196471321
6.0,0.114922978497324,-0.0440745486709723,0.13970072157122043
6.01666666666667,0.115456121984766,-0.219085730991421,0.12237133532058132
6.03333333333333,0.118070686687113,-0.0478047841640503,0.1197992716053245
6.05,0.118070686687113,-0.0442311802475537,0.12118506949698249
6.06666666666667,0.115634041557357,0.0927099464681817,0.11977081585244477
6.08333333333333,0.115634041557357,-0.0359318969728669,0.11890730980218554
6.1,0.115634041557357,-0.0323482064020489,0.1189338211722375
6.11666666666667,0.118609377539657,-0.0372258097774328,0.11821487766110045
6.13333333333333,0.118609377539657,-0.0408095003482508,0.11783241180721891
6.15,0.113726014855141,-0.0385229535548852,0.11837624340542216
6.16666666666667,0.116168416748389,-0.0324918017417275,0.11875868784285096
6.18333333333333,0.116346747599776,0.093843825368068,0.1180698240237392
6.2,0.116703718519103,-0.0434120857551527,0.11727490614612339
6.21666666666667,0.116703718519103,-0.0398233358352435,0.11728138271860926
6.23333333333333,0.116703718519103,-0.0326382322315837,0.11772130720250751
6.25,0.116882358765739,-0.0386787850868195,0.11792591156317919
6.26666666666667,0.122319601676094,-0.0303378843094961,0.1178330388066478
6.28333333333333,0.122319601676094,-0.0303378843094961,0.11826632940017784
6.3,0.245381718592271,0.0927242326066811,0.11974685229572257
6.31666666666667,0.117418899727855,0.0937214726626863,0.12947168916029728
6.33333333333333,0.120050479190969,-0.0280331485743517,0.15287355192900282
6.35,0.117597953754991,-0.0376911116937109,0.1604384996185034
6.36666666666667,0.114966374291877,-0.0304856740103297,0.1434181232233879
6.38333333333333,0.117597953754991,-0.0268791317373619,0.12677194681001633
6.4,0.117777111451784,-0.0329396508032858,0.12371028661914862
6.41666666666667,0.117777111451784,-0.029333108530318,0.12377147070626077
6.43333333333333,0.11532168201314,-0.0281794431337175,0.12123635953678992
6.45,0.117777111451784,-0.0257240136950756,0.11974865319992746
6.46666666666667,0.118315207460807,-0.0330946651105322,0.11951655930195901
6.48333333333333,0.246474664674826,0.102290650308066,0.11912474589282662
6.5,0.120954575860687,-0.0294830150021554,0.1275699755776747
6.51666666666667,0.121135711073945,-0.0283286020291797,0.15179449522245264
6.53333333333333,0.118674458134912,-0.023553753934285,0.16102885997606808
6.55,0.118674458134912,-0.0199318555479081,0.1447875205302918
6.56666666666667,0.113747573622441,-0.024858740060381,0.1280992737250446
6.58333333333333,0.113747573622441,-0.024858740060381,0.12497121131560057
6.6,0.119034125654483,-0.0212342727888483,0.12409990758208289
6.61666666666667,0.119034125654483,-0.190224973869332,0.12007051949314347
6.63333333333333,0.116568491483705,-0.0200728680689387,0.1186361703661897
6.65,0.114101394302441,-0.195157705221374,0.12000517207509585
6.66666666666667,0.0867262426842405,0.104626396391699,0.11980949534841578
6.68333333333333,0.11445562213947,-0.020216750261612,0.11636962465085035
6.7,0.23806571590899,0.103393343507907,0.11006036218383364
6.71666666666667,0.119754714134104,-0.020216750261612,0.11566517382246469
6.73333333333333,-0.044088762348596,-0.0251612065596454,0.1422557505608932
6.75,-0.044088762348596,-0.014249145451118,0.14757063179519392
6.76666666666667,0.115165302096397,-0.0228394180376597,0.10345669430284003
6.78333333333333,0.238922348203818,0.104557566202285,0.057677263045851655
6.8,0.0024953855559324,-0.015556953667722,0.07098588931605576
6.81666666666667,0.24179344271518,0.109404627426363,0.11759318595611179
6.83333333333333,0.115520755626212,-0.0168680596626046,0.12756831309515357
6.85,0.115520755626212,-0.182740685153983,0.12669692309394076
6.86666666666667,0.234462981635928,-0.0637984591442681,0.13619353824901292
6.88333333333333,0.126989704745841,0.113025090527296,0.14380816125680052
6.9,0.0006020798749322,-0.0170154406530479,0.1538029890890435
6.91666666666667,0.132440961958843,0.110578694268158,0.15088352438704433
6.93333333333333,0.125093027282315,0.110544380843974,0.11769343759957306
6.95,0.125093027282315,0.110544380843974,0.09595190919800656
6.96666666666667,0.125093027282315,0.114205101352911,0.1092110161236522
6.98333333333333,0.122822788390328,0.112962507765147,0.12572843322102295
7.0,-0.00130317176535,-0.0074975084770393,0.12470055578740616
7.01666666666667,0.11961754914096,-0.0074975084770393,0.11354992499347207
7.03333333333333,0.117125380225796,-0.0063211175830296,0.09293326483503432
7.05,0.117125380225796,-0.0063211175830296,0.08452988608156468
7.06666666666667,0.114809043498958,-0.181303833348234,0.09824799017070054
7.08333333333333,0.114986464434033,0.000893904452166,0.11283598183431548
7.1,0.244831308416615,0.1227070239662,0.11383605964545546
7.11666666666667,0.123200499021448,-0.0016042192315922,0.12043566708740541
7.13333333333333,0.247511742219243,0.126388705347748,0.14733103534185815
7.15,0.247950950268411,0.128833512624547,0.16760923266312133
7.16666666666667,0.126250672585241,-0.165962472888125,0.18374670111873875
7.18333333333333,0.248170747578417,0.126368076230048,0.20011317482560598
7.2,0.240765590158462,0.118962918810095,0.19924009182167574
7.21666666666667,0.240765590158462,-0.0478176420294169,0.1985652589920686
7.23333333333333,0.0030996350162581,0.0066942199172011,0.21518675695939873
7.25,0.12519838694963,0.132493142029136,0.21725145625048245
7.26666666666667,0.12519838694963,0.132493142029136,0.16954402099773092
7.28333333333333,0.117592107765781,0.131245884644164,0.12441278253304652
7.3,0.117592107765781,0.131245884644164,0.12185543417853302
7.31666666666667,-0.0044351669205575,-0.164206740031309,0.13162208142385332
7.33333333333333,0.120609457166329,0.133703486895097,0.11943877204892484
7.35,0.11830846830122,-0.0421475144028093,0.09136964142160439
7.36666666666667,0.13163721358455,-0.0421475144028093,0.08438463723028929
7.38333333333333,0.131824544953782,-0.033670493504178,0.10176827391227516
7.4,0.129339845273709,0.138632808633194,0.11895751774343305
7.41666666666667,0.134685731479552,-0.0324965315460858,0.12424144213159463
7.43333333333333,0.134685731479552,-0.0324965315460858,0.1255799063539316
7.45,0.0047289904425888,-0.28997723023117,0.12929440169747008
7.46666666666667,0.0022022880475695,-0.285267829905924,0.12417697668126232
7.48333333333333,0.127222680262656,0.146071707474535,0.09278284728509448
7.5,0.124732007983732,-0.0314584763274581,0.05974141759062944
7.51666666666667,0.119926354491943,-0.0352702773389929,0.06639995019069542
7.53333333333333,0.0054730920730673,-0.153094667467136,0.0978170624856251
7.55,0.138890375001575,-0.023063696143123,0.10680941926009759
7.56666666666667,0.0136820178612648,-0.148272053283436,0.08636295420040825
7.58333333333333,0.136392206641949,-0.15344302882332,0.07622036595292309
7.6,0.136392206641949,0.157287066793419,0.07810788045225125
7.61666666666667,0.13139135873543,-0.0231951806989294,0.08861336820101307
7.63333333333333,0.2430314100114,-0.0208238849864664,0.10667063641241295
7.65,0.128888676472286,-0.0183196953698427,0.12903020892979694
7.66666666666667,0.139849911245494,0.166061761477452,0.1536609138155482
7.68333333333333,0.132328284644347,-0.149107069256668,0.1618096660515741
7.7,0.132328284644347,-0.0172582674853921,0.15118965674693136
7.71666666666667,0.0042699297984562,-0.141615531345443,0.1397279503562986
7.73333333333333,0.129818051975192,-0.144307785171689,0.12907607468275084
7.75,0.124793042723386,-0.0136822046288827,0.10530791931657263
7.76666666666667,0.124793042723386,-0.0025467607691638,0.09365592635843407
7.78333333333333,0.122278263398175,-0.137196780689302,0.10729456219579958
7.8,0.119761965775632,-0.139713078311847,0.12208376220477896
7.81666666666667,0.122459916780165,0.172383490000492,0.12231498582585677
7.83333333333333,-0.041217459106905,-0.0039761924411045,0.11971058655085662
7.85,-0.0437398436896469,-0.0027732943936648,0.11363808566793177
7.86666666666667,0.131310768177552,-0.138777504249979,0.08474241892361856
7.88333333333333,0.12626142205503,-0.0078226405161849,0.05422716511112202
7.9,0.128972418002819,0.176199937722472,0.0640744107525624
7.91666666666667,0.131872358875788,-0.135313855537358,0.09806524068863176
7.93333333333333,0.0086223680335383,-0.12885683188963,0.11713378304854544
7.95,0.134777331349848,0.0057889124676364,0.111986768202222
7.96666666666667,0.132247306957318,0.003258888075107,0.0929647681030375
7.98333333333333,0.135345187424577,-0.134372998501043,0.09049590728822524
8.0,0.135345187424577,-0.130679630462991,0.10893697699723823
8.01666666666667,0.132810562473958,0.0068924076747279,0.12567986243992266
8.03333333333333,0.13553469820523,-0.125819460555953,0.12904892367238752
8.05,0.135724321864875,-0.124654189131692,0.1290693915097062
8.06666666666667,0.130647384832181,-0.122320175599198,0.1322915426122196
8.08333333333333,0.130647384832181,-0.11861065182797,0.13451583521385208
8.1,0.304465900650801,0.0497513405981515,0.13373650310479873
8.11666666666667,0.13375155064622,-0.119981524185225,0.14382647017929115
8.13333333333333,0.304948112583679,0.0521975736639973,0.17560880445926574
8.15,0.29996113721347,0.0472105982937883,0.1990807507480847
8.16666666666667,0.136864439937779,-0.11763822249001,0.21967068703946904
8.18333333333333,0.302935142574536,0.185251924134106,0.24004990546759059
8.2,0.126667330557873,-0.120391910651767,0.237339387467533
8.21666666666667,0.126667330557873,-0.120391910651767,0.2252572690834193
8.23333333333333,0.126667330557873,-0.112937618448295,0.2061624905380195
8.25,0.129590581094169,-0.115490771687882,0.17693970863448238
8.26666666666667,-0.0392321677937534,-0.14728873977062,0.15121296788271488
8.28333333333333,0.132518929386713,-0.110580291093223,0.13396233262176355
8.3,0.130148876549436,-0.115694369181455,0.10928888900590258
8.31666666666667,0.130335194582856,0.0226621309052867,0.097398749585996
8.33333333333333,0.130335194582856,-0.107035483061616,0.11147153960251535
8.35,0.130335194582856,-0.103290589506527,0.12773117939030643
8.36666666666667,-0.0269233509910286,-0.105851522877111,0.12906794195077845
8.38333333333333,-0.0266393355615467,-0.10348005675388,0.11898465407221519
8.4,-0.0266393355615467,-0.10348005675388,0.08905371658123193
8.41666666666667,-0.0292049540927184,-0.102292547641394,0.04919526310350186
8.43333333333333,-0.031772137201499,-0.101103852374685,0.024517174019255163
8.45,-0.0316331324580435,-0.103672601492691,0.017567851936295113
8.46666666666667,0.14041393848397,0.0694236979637829,0.01295013785233079
8.48333333333333,-0.0286421682984336,-0.101294782439883,0.01641869659687239
8.5,0.143513221814002,0.0681462457282741,0.03985884462026242
8.51666666666667,0.138468225655802,0.074401987410662,0.057715368693399466
8.53333333333333,0.13773438991325,-0.0913700814069685,0.07352805112921093
8.55,0.30222774273587,0.0693508249644445,0.0984661760692904
8.56666666666667,0.132767368696219,0.038747715313643,0.13088915069854684
8.58333333333333,0.302467351853495,0.0781485862644821,0.16791437583351865
8.6,0.132767368696219,-0.0915513968927939,0.19043117622729255
8.61666666666667,0.130186039756096,-0.0903519542028647,0.20248632723405352
8.63333333333333,-0.0247849103428297,-0.0955193504503882,0.19432366889250127
8.65,0.142536737187668,0.209810898889761,0.16040507901734946
8.66666666666667,0.145266056051021,0.0793721869635789,0.11578928479658501
8.68333333333333,0.14273041565415,0.0882122940673057,0.10375032602595397
8.7,0.145852454421942,0.0869338579471922,0.1240612946298706
8.71666666666667,0.145852454421942,0.0831363530706426,0.14045918934151075
8.73333333333333,-0.0268038105635497,-0.0857224070382976,0.14134768269024298
8.75,0.143506296392577,0.224026628616113,0.13210688990208758
8.76666666666667,-0.0236365036505632,-0.0859057726805112,0.10862089841977624
8.78333333333333,0.138417897691985,0.222793785450418,0.09044893170962122
8.8,0.144089435117016,0.085626079276021,0.08163184225219094
8.81666666666667,0.141541331262422,0.090698231842368,0.08975865241574695
8.83333333333333,0.142121971293523,0.0983297490831518,0.11101163191052278
8.85,0.136440428939795,0.228048948209956,0.12920490958850664
8.86666666666667,0.133887627587767,0.090676045408496,0.13486202732435107
8.88333333333333,-0.319656344494106,0.235791439985328,0.13435528052318696
8.9,0.136820375196592,0.0995901198981585,0.12623860873663267
8.91666666666667,0.147814823354005,0.0995901198981585,0.10208772109382562
8.93333333333333,0.147814823354005,0.103418592269836,0.09387355907072413
8.95,0.145649641661392,0.0957460552656755,0.1151019808835716
8.96666666666667,0.143088982230094,0.100850845707352,0.13678856113065974
8.98333333333333,0.143088982230094,0.104687829509161,0.1406710227196611
9.0,0.140911668370491,0.100836216829098,0.13945000449716405
9.01666666666667,0.14604087290333,0.105965421361937,0.14174000245117063
9.03333333333333,0.140911668370491,0.100836216829098,0.14327655395253863
9.05,-0.0243781143232528,-0.0650492799789397,0.14329951420547077
9.06666666666667,0.146628607950998,0.109805818894232,0.13430415611603982
9.08333333333333,0.146628607950998,0.117511143655673,0.10817455333172157
9.1,0.144060054101186,0.114942589805859,0.09953372328114402
9.11666666666667,0.141682897956634,0.117517505591065,0.11978458159957353
9.13333333333333,0.141875994814864,0.107227422812457,0.1385083674344524
9.15,0.147413917146986,0.118806886645854,0.13976262646010257
9.16666666666667,0.14761054203464,0.12009755211678,0.13832844275367961
9.18333333333333,0.14245598176673,0.111077430678316,0.14259213163952045
9.2,0.145229210738356,0.114942991848868,0.14585508980877887
9.21666666666667,0.14820113264361,0.116231760789334,0.14550629563897377
9.23333333333333,0.145619871577766,0.125273092900082,0.14524808466895633
9.25,0.148398235190674,0.125273092900082,0.1463075340721836
9.26666666666667,0.146011004820516,0.127868615031215,0.14737652859382927
9.28333333333333,0.143424954227362,0.121399703334169,0.14796848451558042
9.3,0.140837304162482,0.122694914373179,0.14782244309393378
9.31666666666667,0.149187843337133,0.12658067008751,0.14679927444684432
9.33333333333333,0.151974796430359,0.130469323650323,0.14572823388732342
9.35,0.152373767756646,0.125289219166064,0.1466173582931412
9.36666666666667,0.149781310363016,0.122696761772432,0.14931009604323922
9.38333333333333,0.149781310363016,0.126588316426586,0.15148464433330452
9.4,0.147187247549146,0.135686356624566,0.1517175328780922
9.41666666666667,0.149979373463898,0.139589548169704,0.151098168674226
9.43333333333333,0.150177557127379,0.136993878443862,0.15056688429669024
9.45,0.144981390963592,0.131797712280076,0.15058322284129774
9.46666666666667,0.147973787151929,0.137012351347119,0.1506986125731433
9.48333333333333,0.320344133558241,0.310495605812014,0.14998241407344043
9.5,0.323144912902377,0.314410486522866,0.16033793363483545
9.51666666666667,0.315489212322104,0.306754785942591,0.20350410973895852
9.53333333333333,0.320845211109639,0.309308269873206,0.258660025538072
9.55,0.14595798507963,0.146183282123705,0.28993141702919145
9.56666666666667,0.148959648841821,0.143574703177186,0.2874294526485366
9.58333333333333,0.151767379926862,0.147501325642054,0.25098600894587525
9.6,0.27591613659794,0.271650082313129,0.2046709118469289
9.61666666666667,0.326964104402328,0.319888577053172,0.18568309184071358
9.63333333333333,0.146741387581645,0.151463403032281,0.21293486274459894
9.65,0.282016421198015,0.274364085871822,0.24905708111956928
9.66666666666667,0.155180274877064,0.151463403032281,0.24610280223912262
9.68333333333333,0.276861939631943,0.27708348491027,0.22815227515897696
9.7,0.155784808445358,0.147551730114228,0.22090507708956195
9.71666666666667,0.153164854767795,0.15676478294514,0.224499743751688
9.73333333333333,0.153164854767795,0.152817484918562,0.2136015941034992
9.75,0.15054327005712,0.154143198234463,0.1888390790853483
9.76666666666667,0.274988334805661,0.282538527986888,0.17036464863003947
9.78333333333333,0.148116913878899,0.15679862994916,0.17236742661807192
9.8,0.278047435224612,0.287861892850086,0.19252789372093948
9.81666666666667,0.275459743805358,0.289233387465404,0.20501256589954303
9.83333333333333,0.1489055533175,0.162125564807507,0.21757335636344965
9.85,0.1489055533175,0.162125564807507,0.2325170670142008
9.86666666666667,0.278998435418525,0.293356080345389,0.2212230661078772
9.88333333333333,0.151935279592872,0.163460657418447,0.19612231266719032
9.9,0.279236548197689,0.294733053851177,0.1984402272913895
9.91666666666667,0.282310604819616,0.296111401738413,0.21277445181346133
9.93333333333333,0.155171655919217,0.170112005179609,0.226360732403153
9.95,0.285148171473549,0.304068640398867,0.23790638017973909
9.96666666666667,0.152733386196225,0.164834398979399,0.23519035907472446
9.98333333333333,0.150092109705849,0.166173242153945,0.22695162850754286
10.0,0.147449182227226,0.167513438406856,0.212848976050328
10.0166666666667,0.286116832113538,0.297652443348407,0.19035908280235173
10.0333333333333,0.150687013054219,0.174190053932472,0.17834919259711496
10.05,0.281146694513516,0.305798477110515,0.1953679694730619
10.0666666666667,0.156583756417866,0.179535533466095,0.21193782182609833
10.0833333333333,0.284236110589878,0.311189107398731,0.2158509570073278
10.1,0.281865411746085,0.30596663682217,0.2140153674655536
10.1166666666667,0.284718966610647,0.30596663682217,0.22762214954976853
10.1333333333333,0.290431432429003,0.309970884574089,0.2519730615957399
10.15,0.287817743457179,0.315374788839286,0.27018879965457065
10.1666666666667,0.157596125370177,0.18229425644634,0.27769812201494565
10.1833333333333,0.285686461793094,0.315553635259473,0.27297721103804623
10.2,0.152478259402689,0.178329038714585,0.2524886074807334
10.2166666666667,0.288792996737018,0.312933385683519,0.23691579298895665
10.2333333333333,0.286171103150409,0.129868639223166,0.2297350778086081
10.25,0.155542183248665,0.191750039939178,0.23859737049902863
10.2666666666667,0.280922377752363,0.313104694180816,0.2508704748964147
10.2833333333333,0.283788461499158,0.329225203031591,0.24298925258147425
10.3,0.284029506907319,0.318531995438114,0.23817796409310826
10.3166666666667,0.281401021781367,0.139157277738293,0.2556239725582835
10.3333333333333,0.292890542632978,0.332048520091702,0.2753525400627628
10.35,0.156753352294467,0.195911329753193,0.2800219541581796
10.3666666666667,0.28762861551734,0.141833489684937,0.27268600143379845
10.3833333333333,0.282360068857105,0.329608975824839,0.2535169977915654
10.4,0.282360068857105,0.144515160716163,0.24712275661526242
10.4166666666667,0.279723309293048,0.326972216260781,0.26266300871337056
10.4333333333333,0.291241710894257,0.335075466257482,0.2783237798554369
10.45,0.28596321147163,0.0135047719094452,0.28049464936498436
10.4666666666667,0.288847337254154,0.15652847122165,0.2813152282803505
10.4833333333333,0.291979288238025,0.335270822487137,0.28624076550197064
10.5,0.294868859858914,0.0148018283619194,0.2892963199556743
10.5166666666667,0.292225452580215,0.340755390755515,0.29043175382608494
10.5333333333333,0.292225452580215,0.159236031658613,0.29282844332627084
10.55,0.289825029205572,0.0147532201612528,0.2944125601886619
10.5666666666667,0.287176619628881,0.159300722534414,0.29427835289753324
10.5833333333333,0.292964863280426,0.159300722534414,0.29363523500773436
10.6,0.290314783115343,0.168680956269227,0.2929230133154299
10.6166666666667,0.293211639880233,0.156650642369329,0.2930615294152843
10.6333333333333,0.290805143813866,0.349318380712625,0.29382777683578243
10.65,0.290805143813866,0.163375777847163,0.2944465130294046
10.6666666666667,0.288150042388529,0.164736913132744,0.2943989360066718
10.6833333333333,0.28549326403808,0.026535824714891,0.29398115113359147
10.7,0.288393773710861,0.026535824714891,0.29297524377214246
10.7166666666667,0.163652294813307,0.168828696598213,0.29160595222599145
10.7333333333333,0.163652294813307,0.35915580845909,0.28290571227283856
10.75,0.160990476144372,0.0304714986473364,0.25207931086824087
10.7666666666667,0.164065390735665,0.167531921459979,0.21266539038219606
10.7833333333333,0.166937318117247,0.353830487827305,0.18903605520090563
10.8,0.289370205707611,0.0357672738526475,0.18223087366923638
10.8166666666667,0.295687867714824,0.356707547578097,0.18669932885455442
10.8333333333333,0.293019306278693,0.171635466723654,0.21357861213728974
10.85,0.293019306278693,0.175676377671779,0.25172841432428283
10.8666666666667,0.290349055147544,0.181097252784332,0.27498323119292223
10.8833333333333,0.162426744605585,0.17575167501357,0.2809420850182509
10.9,0.162426744605585,0.17575167501357,0.2757260588474388
10.9166666666667,0.162426744605585,0.179801897453092,0.2478739731106355
10.9333333333333,0.162426744605585,0.179801897453092,0.20918215833363335
10.95,0.165722920720784,0.186618889179899,0.18605919373357777
10.9666666666667,0.165722920720784,0.0463579408544312,0.18012099195319276
10.9833333333333,0.291330331015048,0.186618889179899,0.17685971037384082
11.0,0.297430432833419,0.183940165452764,0.18098767279886263
11.0166666666667,0.297430432833419,0.188002853362802,0.21100498195490724
11.0333333333333,0.292067885688566,0.373864584532287,0.25169970088227545
11.05,0.289384059033595,0.192163309886904,0.2756030497136619
11.0666666666667,0.169448608757092,0.0557075098009399,0.28141598476527824
11.0833333333333,0.163869256095472,0.0490008636336427,0.2758792496366689
11.1,0.163869256095472,0.0490008636336427,0.24902718499902765
11.1166666666667,0.163869256095472,0.20171283516938,0.2116123590834002
11.1333333333333,-0.0113285078612268,0.188176809142296,0.18825196271119643
11.15,-0.0113285078612268,0.0476457980391601,0.1707600669300528
11.1666666666667,-0.0084867337330848,0.0556973266476902,0.12580597884224914
11.1833333333333,0.161591901338984,0.0570370938575422,0.06900684020546934
11.2,0.164489396528461,0.201818434509191,0.046686578072496494
11.2166666666667,0.161797032532041,0.20321701700777,0.0773160201649978
11.2333333333333,-0.0024845977796111,0.20321701700777,0.121854431954547
11.25,0.165110694354419,0.197827150312403,0.13361633077612461
11.2666666666667,0.165110694354419,0.201921254838163,0.1085512765214054
11.2833333333333,0.162413188385154,0.058367286487087,0.1025889867820518
11.3,0.165318051388105,0.199223748868896,0.1300608055557334
11.3166666666667,0.16843409495406,0.0556680632530856,0.1533451629955993
11.3333333333333,0.171133318188062,0.207421446651162,0.15669273143564022
11.35,0.16843409495406,0.204722223417161,0.15807533944215554
11.3666666666667,0.171344502275058,0.0718583286516775,0.16452392520353096
11.3833333333333,0.16594089744928,0.207528992468676,0.16831701585402606
11.4,0.16594089744928,0.211638942134497,0.16868331439346668
11.4166666666667,0.163236512570488,0.0678057317589605,0.16861925319528076
11.4333333333333,-0.0040914900058002,0.210341578268958,0.16794801602130893
11.45,0.166148771525237,0.071864262422541,0.15610782317811606
11.4666666666667,0.163442662807682,0.0691581537049856,0.12541968477560783
11.4833333333333,0.169272742691097,0.0732198258635726,0.11458002049719299
11.5,0.163855347142588,0.0718672476175548,0.13648848394134622
11.5166666666667,0.341178654212495,0.246272730216821,0.15838717631222282
11.5333333333333,0.164061881478464,0.0732239235837646,0.17273093063879325
11.55,0.164061881478464,0.0732239235837646,0.2037777513938309
11.5666666666667,0.341178654212495,0.399943144378723,0.21880900318152427
11.5833333333333,-0.0060284936151173,0.218814399790342,0.20908680594497142
11.6,-0.0060284936151173,0.214682111931198,0.20782398250390793
11.6166666666667,0.17721989053186,0.251927344156535,0.17596887327843316
11.6333333333333,-0.0028431428616023,0.0800286738274913,0.1135321407437895
11.65,0.17721989053186,0.401713449897268,0.08904484578155669
11.6666666666667,3.50392738983629e-05,0.0800286738274913,0.09819409373435599
11.6833333333333,-0.0026866584393427,0.0813939120698947,0.10283299814249222
11.7,-0.0026866584393427,0.0813939120698947,0.08046129691281641
11.7166666666667,0.159855167016642,0.0718583577539256,0.047742845774431386
11.7333333333333,0.159855167016642,0.0800354042048582,0.03493253892202011
11.75,-0.0052552559285889,0.0841286929399722,0.06565728596748775
11.7666666666667,0.169644586162348,0.259028535030909,0.10271006853282127
11.7833333333333,0.163197807648412,0.0868692265435115,0.09888178062144196
11.8,0.343817912876713,0.264552839903256,0.0952434294829336
11.8166666666667,0.166134299516966,0.0909720722568103,0.13476831201285266
11.8333333333333,0.160671717643639,0.0855094903834818,0.19521414045156465
11.85,0.163816417133408,0.0827755745776059,0.21219438016950154
11.8666666666667,0.166758544161694,0.0909908490279072,0.18803316953473345
11.8833333333333,0.164022876199985,0.234485732390574,0.1691684732922919
11.9,-0.0014312359497633,0.0882551810661965,0.16959579123824714
11.9166666666667,-0.0069078350826988,0.0868910181341981,0.16091636057075753
11.9333333333333,0.179807576562713,0.26903212126384,0.11666808206345525
11.95,0.0017821139368468,0.233180141122451,0.07412838112067918
11.9666666666667,0.177123744818147,0.278714474342092,0.0776183722317674
11.9833333333333,0.174438190808837,0.418368764048063,0.09259975438780041
12.0,0.177338554599534,0.276028920332783,0.10652157013729242
12.0166666666667,0.174864496978012,0.274781134123277,0.13125343631453662
12.0333333333333,0.174864496978012,0.274781134123277,0.1568302091075171
12.05,0.180674531901862,0.278912852456124,0.16601003148948978
12.0666666666667,0.17798380113973,0.276222121693992,0.1671097206890374
12.0833333333333,0.17798380113973,0.280357066896689,0.17198428155968476
12.1,0.17529134146668,0.27766460722364,0.17627616483689246
12.1166666666667,0.178199156150326,0.285944193371508,0.17676150897943566
12.1333333333333,0.17280904340179,0.280554080622971,0.17671015392906986
12.15,0.175718725294842,0.288846619708191,0.17723472266567622
12.1666666666667,0.170111386986096,0.286148963292496,0.17702108564709185
12.1833333333333,0.170321676872119,0.275157032200247,0.17643853526397174
12.2,0.170321676872119,0.426179109404435,0.17526007701640464
12.2166666666667,0.167829230281513,0.28635109623588,0.1737752930144744
12.2333333333333,0.167829230281513,0.28635109623588,0.17279027136027653
12.25,0.173870506219962,0.283646487393332,0.17193717056858207
12.2666666666667,0.173870506219962,0.434918203873578,0.1713072130452038
12.2833333333333,0.174083200043754,0.285097775757153,0.17222488757053936
12.3,0.179926925917747,0.289258672559779,0.17391554751748856
12.3166666666667,0.177218830778643,0.299052849892572,0.1753222936785808
12.3333333333333,0.180143515308433,0.290714735342717,0.17683924859086025
12.35,0.177218830778643,0.299052849892572,0.17840233599937408
12.3666666666667,0.171797401782024,0.293631420895953,0.17942228565635499
12.3833333333333,0.172008749075168,0.299269288789628,0.17916892021100417
12.4,0.351067697608793,0.478328237323252,0.1775485771293365
12.4166666666667,0.169293661089909,0.300734721974646,0.18729325277747946
12.4333333333333,0.169293661089909,0.300734721974646,0.2192164855911588
12.45,0.178079022869633,0.300734721974646,0.23039983177648637
12.4666666666667,0.172643587871008,0.303670185854705,0.20634779415314203
12.4833333333333,0.175575817268924,0.299483092368456,0.1841341796246267
12.5,0.172855466858944,0.300949835444722,0.18241034360880845
12.5166666666667,0.175789587035686,0.300949835444722,0.183722094890289
12.5333333333333,0.178941399093884,0.302418112950701,0.17949803826879548
12.55,0.181881202593106,0.315009060022421,0.17759489252778438
12.5666666666667,0.176431707246528,0.309559564675841,0.17958391994085693
12.5833333333333,0.173704316437564,0.306832173866879,0.18108787868185464
12.6,0.173704316437564,0.306832173866879,0.18067629885910677
12.6166666666667,0.170975161258335,0.304103018687648,0.17890031303244514
12.6333333333333,0.176646018047494,0.315242669806113,0.17691654437088983
12.65,0.173916862868265,0.316723733689024,0.1759341544850543
12.6666666666667,0.173916862868265,0.316723733689024,0.17613967289541
12.6833333333333,0.171396854105791,0.31126012336702,0.17644533091162548
12.7,0.0041721886464319,0.315473661716378,0.17614891138241007
12.7166666666667,0.0014377300717374,0.312739203141684,0.16442175704639772
12.7333333333333,0.174555305866415,0.312739203141684,0.12159569829156398
12.75,0.0894711742018096,0.329626628041892,0.07870945444125754
12.7666666666667,0.174768388523076,0.31000297333288,0.08435410948276723
12.7833333333333,0.0812571641847406,0.317185763195782,0.11363782647902516
12.8,-0.0009839574145235,0.321412618024825,0.12737949334845028
12.8166666666667,-0.0037255112637215,0.318671064175625,0.11222668798273608
12.8333333333333,-0.0008265378364647,0.322901257988367,0.07634986295715279
12.85,-0.0035698698192646,0.320157926005567,0.04094748248664798
12.8666666666667,-0.0006690191894588,0.332868580957141,0.022389759854685328
12.8833333333333,-0.0003536843146122,0.323136341129813,0.016290895404410706
12.9,-0.0031023610900312,0.316150780694041,0.01112204618664109
12.9166666666667,-0.0001958678994867,0.320387664354396,0.006161442506570077
12.9333333333333,-0.0001958678994867,0.333118436507577,0.004371877754410608
12.95,-3.79520408369416e-05,0.330367974663184,0.0036451397327719776
12.9666666666667,0.179444443166684,0.330367974663184,0.0025075015076817674
12.9833333333333,0.0030322155859433,0.331866037062422,0.013321623132393353
13.0,0.0030322155859433,0.331866037062422,0.0460823214358302
13.0166666666667,0.000436393136233,0.330609850235694,0.058467612627801716
13.0333333333333,0.000436393136233,0.334866898932721,0.03547223176320548
13.05,0.180310150769892,0.327852230698009,0.012003692395578525
13.0666666666667,0.180310150769892,0.340633505299532,0.019734514469038934
13.0833333333333,-0.0021647056171389,0.333610289597269,0.0651379339028606
13.1,0.0036728455604169,0.333610289597269,0.1063818059193433
13.1166666666667,0.178839291676188,0.50877673571304,0.09244120153384734
13.1333333333333,0.0012289660927109,0.342396792189002,0.057653948715009576
13.15,0.181178062991925,0.342396792189002,0.06403874535911765
13.1666666666667,0.175429466571805,0.339630186175312,0.08491120905775591
13.1833333333333,0.0013877811845318,0.339630186175312,0.10253711172154197
13.2,0.182196131926696,0.524715894954814,0.11694402514178734
13.2166666666667,0.175856765018463,0.342649679778837,0.11138333604495576
13.2333333333333,-0.0010663063724482,0.344161820901324,0.11065280045996413
13.25,-0.0010663063724482,0.344161820901324,0.12437857323544582
13.2666666666667,-0.0009089976899424,0.341387994041251,0.10688300248067123
13.2833333333333,0.0020240463862116,0.341387994041251,0.05679978200744979
13.3,0.0023427832224459,0.344413455362585,0.023638350594941397
13.3166666666667,0.17992297855608,0.34163419429962,0.019245374872838995
13.3333333333333,0.183505124426861,0.534168003343216,0.02809557570597164
13.35,-0.0004364778405172,0.354527637569504,0.06550445021261304
13.3666666666667,0.005442999915154,0.354527637569504,0.10802880758265684
13.3833333333333,0.0026619239021254,0.351746561556477,0.09620810819954642
13.4,0.0085490731847933,0.360359321215151,0.048373630333896175
13.4166666666667,0.54284290933745,0.533463579493075,0.02184439489457213
13.4333333333333,0.184380575100559,0.536190823130916,0.05521889283712572
13.45,0.187327031258136,0.540502354499598,0.16319366443102362
13.4666666666667,0.193450704746235,0.537775110861756,0.23769060339027573
13.4833333333333,0.0060897734836995,0.356316717048592,0.22234034164012534
13.5,0.0033014198630045,0.357843334636161,0.1757586730523722
13.5166666666667,0.0036217766846487,0.356579569174509,0.13118853665052616
13.5333333333333,0.185258266971185,0.546863238172364,0.08145662011017801
13.55,0.0037821076437083,0.362432917296308,0.053368457944138956
13.5666666666667,0.0037821076437083,0.362432917296308,0.07241193241973272
13.5833333333333,0.18274186342617,0.545721444893392,0.07992577764780047
13.6,0.366646897531703,0.545721444893392,0.0602772763749921
13.6166666666667,0.185697956045313,0.355563940962816,0.08888444169288046
13.6333333333333,0.185918011839484,0.35282597117321,0.1755757665518611
13.65,0.186358546618829,0.546170081503237,0.22095564323681477
13.6666666666667,0.191839869489582,0.357083897783173,0.20192453090814227
13.6833333333333,0.0044244507289487,0.372917790112931,0.18258328389615902
13.7,0.0016214559313215,0.370114795315306,0.17632935905856434
13.7166666666667,0.0017804587487205,0.376005675337737,0.13550748915170385
13.7333333333333,0.0536109537600392,0.370200032020981,0.07338289817218725
13.75,0.232110929406554,0.558059086713728,0.040187982177116784
13.7666666666667,0.238077998508303,0.56676874180782,0.05531915398633748
13.7833333333333,0.223864649598294,0.359208596462179,0.11000624880879767
13.8,0.232818186326643,0.562882528287354,0.16868852510009996
13.8166666666667,0.235568750129431,0.37051944668402,0.1995883528301437
13.8333333333333,0.505560178497232,0.50444339162749,0.20883343017592526
13.85,0.369773626207088,0.696849542593459,0.23488454657534666
13.8666666666667,0.233054241862378,0.373590540675364,0.3026773966183885
13.8833333333333,0.233526808655144,0.563350623423519,0.3494835156326758
13.9,0.233526808655144,0.567721196646298,0.32365741088281286
13.9166666666667,0.0512910693688447,0.382491146375742,0.2720980808005816
13.9333333333333,0.233763320205419,0.564963397212319,0.23936270123566403
13.95,0.233763320205419,0.369614752625866,0.2057341782619097
13.9666666666667,0.231003707402537,0.3797523750023,0.18889102371057848
13.9833333333333,0.233999984054102,0.570955467344931,0.20634924183735479
14.0,0.243000627387655,0.579721227179881,0.22826959531994814
14.0166666666667,0.231708705581388,0.371462638477076,0.23185212195197782
14.0333333333333,0.237475954516272,0.574196554308499,0.23195537844574576
14.05,0.0519984367795921,0.393107205944481,0.23625411630499327
14.0666666666667,0.231944006668991,0.377311205469077,0.22586914060514154
14.0833333333333,0.231944006668991,0.573052775833882,0.19072887363802654
14.1,0.234948165377543,0.577444477186557,0.17780831640743208
14.1166666666667,0.229408928175197,0.229219635749531,0.2013905267997664
14.1333333333333,0.240962410865446,0.581839714785226,0.2249531516143869
14.15,0.0496975264886267,0.390574830408407,0.22868977746363156
14.1666666666667,0.235660907729822,0.57792689908722,0.21697038886004832
14.1833333333333,0.375887947559299,0.715141867008189,0.1879666582424262
14.2,0.235898795277005,0.392155162194719,0.1872576509126997
14.2166666666667,0.235898795277005,0.387824829646508,0.236911454250761
14.2333333333333,0.236136836453272,0.389379148277169,0.27080154549176005
14.25,0.236136836453272,0.590007304165367,0.25644324792355777
14.2666666666667,0.230579312705234,0.388155450941746,0.23747067992257379
14.2833333333333,0.236613380288467,0.388155450941746,0.2390992454078135
14.3,0.236851883245588,0.586084812004862,0.24166455090054936
14.3166666666667,0.236851883245588,0.586084812004862,0.23810128554892096
14.3333333333333,0.239873890699225,0.246712462936841,0.23749658695047804
14.35,0.191261605908746,0.345439804038606,0.23933794246735257
14.3666666666667,0.191709099753936,0.344181635395829,0.2370330860940298
14.3833333333333,0.185659103851805,0.540713818474338,0.22592540708918907
14.4,0.0090889109398769,0.344181635395829,0.21103073793276883
14.4166666666667,0.375430564501757,0.730265383953668,0.18928542139312096
14.4333333333333,0.189127180921292,0.351625806403985,0.16449109197728037
14.45,0.191933063600098,0.354431689082791,0.18505924406552154
14.4666666666667,0.00941642654481,0.355984208695604,0.21973105385694758
14.4833333333333,0.0097443626454165,0.354728803778166,0.20661200254773585
14.5,0.0097443626454165,0.207031386815623,0.14055831283953582
14.5166666666667,0.192830368415978,0.553292433791885,0.07865416660880323
14.5333333333333,0.195868375298389,0.356282810035938,0.061632991372316405
14.55,0.0128860376685274,0.208525592218981,0.09571853670325893
14.5666666666667,0.190017050798758,0.362211030888059,0.13289671941835732
14.5833333333333,0.376856298939964,0.398135307227577,0.12628406688341023
14.6,0.0104014995741629,0.352206264123997,0.13156976179924706
14.6166666666667,0.193504872872352,0.356578803745792,0.1820590550416205
14.6333333333333,0.0075825863429543,0.559844817675778,0.19096946763287062
14.65,0.196776053367105,0.218841847179894,0.1484558997749721
14.6666666666667,0.194550016501894,0.550882765739401,0.11396388188685225
14.6833333333333,0.19395527122098,0.372855069048661,0.12768890119042123
14.7,0.0137181150287056,0.22034771847436,0.1602920920053204
14.7166666666667,0.192237996211038,0.551374950230993,0.1678576960925513
14.7333333333333,0.0140517005446199,0.219030707013552,0.13977943156215702
14.75,0.194631964646066,0.368775365456064,0.1180299160677005
14.7666666666667,0.194631964646066,0.373172811459936,0.11225869660116768
14.7833333333333,0.381914269364473,0.409103369858451,0.12655849152054988
14.8,0.0113903789926386,0.379150157665033,0.1661569585955406
14.8166666666667,0.190139938219435,0.409481479311568,0.21169272365862724
14.8333333333333,0.008723529076995,0.225069730660356,0.19816482338055275
14.85,0.376663539742331,0.413829278566599,0.15021064452550975
14.8666666666667,0.190362634856472,0.559535259375891,0.13104904776017737
14.8833333333333,0.196359275519523,0.568362400054093,0.17608971099635087
14.9,0.0148875581034524,0.379474010732492,0.21731445605269042
14.9166666666667,0.195762718918755,0.381053576921867,0.20125806048431813
14.9333333333333,0.192925032576238,0.233974777505205,0.15074193157641402
14.95,0.196813061276045,0.567230547191196,0.13812332942153666
14.9666666666667,0.197267437730141,0.41301226583651,0.1665394257913206
14.9833333333333,0.196442936911952,0.22829374007999,0.18866456430443523
15.0,0.197494847829156,0.414592371629934,0.1903235194095648
15.0166666666667,0.196669971342498,0.382959200097328,0.19046349177586464
15.0333333333333,0.200506135288716,0.427699677396647,0.19505207336850583
15.05,0.0189094677107452,0.393414148464656,0.1976416355445561
15.0666666666667,0.197722406035398,0.573818654320961,0.1867820137695526
15.0833333333333,0.203750990288567,0.578255671042478,0.15448574175073884
15.1,0.0132132840426298,0.247517675760372,0.14304432253154298
15.1166666666667,0.0133796455079075,0.240283348068376,0.1555117621828235
15.1333333333333,0.198405970745085,0.429693061670473,0.1335407202099526
15.15,0.194726748218756,0.246200867536027,0.0896627585039368
15.1666666666667,0.20142527998489,0.583226161431801,0.09978315526551634
15.1833333333333,0.0135461145605419,0.246200867536027,0.15158080428158754
15.2,0.193046221790426,0.574847103237339,0.16975177031721891
15.2166666666667,0.0138793758452191,0.244880035581587,0.13774915384744124
15.2333333333333,0.196294126028237,0.427294785764605,0.11582129302973776
15.25,0.0140461682862789,0.400142596316822,0.11244831294450156
15.2666666666667,0.199319472657275,0.589878377516693,0.11473476932623572
15.2833333333333,0.0111857056160492,0.252354262526091,0.10920492386645696
15.3,0.00848641029534,0.246627604088712,0.10917233871699164
15.3166666666667,0.193945382149746,0.585943055761187,0.09487496366055335
15.3333333333333,0.196974763770801,0.436491527923199,0.07297522505835685
15.35,0.381543154434409,0.585943055761187,0.0913349022032171
15.3666666666667,0.200235362891097,0.587608619446677,0.15394414153754066
15.3833333333333,0.200235362891097,0.4380958615895,0.22084649421566124
15.4,0.200464709722264,0.439701934380503,0.23980366459859542
15.4166666666667,0.197429260460639,0.444117727887105,0.2201297481923033
15.4333333333333,0.0121772409167495,0.402428151755593,0.20397132287234432
15.45,0.197884349051306,0.592616056915747,0.19159189932705423
15.4666666666667,0.0182582805553373,0.252792783221638,0.15810133183371683
15.4833333333333,0.0093033651940995,0.254338323743413,0.13072241323295264
15.5,0.0184279726799591,0.413007704365817,0.1081907735161323
15.5166666666667,0.201383598546282,0.600455173579994,0.07472583230502448
15.5333333333333,0.0097947946840715,0.263419127413381,0.05607506248730712
15.55,0.390079380848951,0.44937503670942,0.07939572377174516
15.5666666666667,0.0097947946840715,0.263419127413381,0.11264006461492922
15.5833333333333,0.204893624102788,0.453812633689634,0.150831629299234
15.6,0.0191078511293433,0.264975141668815,0.15937852442086686
15.6166666666667,0.205126064916725,0.455434602044379,0.1414973532554905
15.6333333333333,0.202304896852855,0.448172187392329,0.1193203777871387
15.65,0.202304896852855,0.457058334680826,0.13058890640926024
15.6666666666667,0.20253559902159,0.454235274885682,0.16412532700438845
15.6833333333333,0.022506311805218,0.272540886104997,0.1860774092866771
15.7,0.0167296076945053,0.266764181994284,0.17977233700236717
15.7166666666667,0.20299745750972,0.46194014441219,0.1375034961930507
15.7333333333333,0.200168711090214,0.463570960331725,0.09563128577707522
15.75,0.206290568305255,0.463570960331725,0.10935820133538576
15.7666666666667,0.203228614127071,0.613946236871858,0.15761476656996715
15.7833333333333,0.0170670032695156,0.278810634379519,0.1858486824479299
15.8,0.203459922525592,0.469670474012512,0.17743377405500876
15.8166666666667,0.200856932611307,0.464003476715619,0.14653248609320332
15.8333333333333,0.200856932611307,0.468474082942308,0.1405302728263283
15.85,0.206991115256039,0.468474082942308,0.16681639678623747
15.8666666666667,0.204154759903833,0.465637727590101,0.19091260313808056
15.8833333333333,0.207224939306017,0.616199125875889,0.1957633357815598
15.9,0.201316497521504,0.6269814259971,0.19678335096863933
15.9166666666667,0.204386676923689,0.476233444663318,0.201896908532393
15.9333333333333,0.207927338794892,0.461591508294766,0.20447011150274264
15.95,0.0159070169640618,0.621299172443723,0.20409512959860027
15.9666666666667,0.207927338794892,0.47952569053559,0.19312361950738402
15.9833333333333,0.205083343768191,0.677845198387739,0.15978060363033164
16.0,0.0213297935164874,0.0886862045648641,0.1474614603535669
16.0166666666667,0.205315871813522,0.27708189997099,0.16063746296347026
16.0333333333333,0.202237434000053,0.482825138560583,0.1512999440246191
16.05,0.202698807935765,0.477127567060101,0.14180984831007842
16.0666666666667,0.202698807935765,0.275797594684587,0.16423436983883707
16.0833333333333,0.206014375355695,0.268532662861694,0.1915261819501286
16.1,0.206014375355695,0.474275901451287,0.1970374036584349
16.1166666666667,0.206014375355695,0.272945929075772,0.19651142219029558
16.1333333333333,0.209101104946506,0.483280144570884,0.20189265563137587
16.15,0.206247516843311,0.278929838849216,0.20564706606288308
16.1666666666667,0.0199400303098496,0.28778198762157,0.20623181984342243
16.1833333333333,0.209807231618185,0.488247970020078,0.1951849551081002
16.2,0.209807231618185,0.282069036150306,0.16152973673987592
16.2166666666667,0.0204521003319979,0.288076505015699,0.14970797391579352
16.2333333333333,0.210042919266894,0.489907543104043,0.16346867954794134
16.25,0.206947864352691,0.489907543104043,0.15369490809775124
16.2666666666667,0.20718162171216,0.491568936335015,0.1441205773137441
16.2833333333333,0.210278763219989,0.289654144713604,0.1676156393652442
16.3,0.0179288755216788,0.288368373733309,0.19590194190820404
16.3166666666667,0.0240035272466084,0.292814686714138,0.1895977742376826
16.3333333333333,0.210750920661506,0.288368373733309,0.14166909594805385
16.35,0.0211364270817928,0.289947586549322,0.09939239053981622
16.3666666666667,0.0182673887906798,0.287078548258207,0.10316819023452337
16.3833333333333,0.0213077892740039,0.295982263106305,0.1053298870959388
16.4,0.208118196170421,0.295982263106305,0.07320893650067306
16.4166666666667,0.0243502422720546,0.300439674195782,0.05299449690757173
16.4333333333333,0.208352726805855,0.499903299919538,0.08111395928357362
16.45,0.0187759865606175,0.291820910892442,0.10687232698600752
16.4666666666667,0.0306189587765338,0.302029815506514,0.11119119764650748
16.4833333333333,0.0248711738564964,0.300746863515374,0.0952364959805029
16.5,0.211934060501842,0.300746863515374,0.06846965243877885
16.5166666666667,0.209057250020011,0.297870053033545,0.05814368681444599
16.5333333333333,0.0221662887867236,0.299459845371107,0.096480637993176
16.55,0.0221662887867236,0.303932118691533,0.14056862562546604
16.5666666666667,0.0221662887867236,0.303932118691533,0.12343286155854956
16.5833333333333,0.0194556668062273,0.311607951543169,0.07110847414071822
16.6,0.394742995159757,0.490742696124157,0.04286602663346026
16.6166666666667,0.20755361254154,0.490742696124157,0.0634441798656474
16.6333333333333,0.0226827433292826,0.511648620190272,0.13994980434627136
16.65,0.0197961731163033,0.305836767032649,0.1926233218235094
16.6666666666667,0.0197961731163033,0.310323977040264,0.1537014907299601
16.6833333333333,0.0170761051821344,0.304544960905324,0.08001444202873725
16.7,0.0228551213170768,0.314814932911753,0.047516917272136236
16.7166666666667,0.0201371247112444,0.309035916776813,0.044881269745018645
16.7333333333333,0.0172446748011968,0.306143466866765,0.03728226884707472
16.75,0.023372936265573,0.306143466866765,0.02796084518713191
16.7666666666667,0.023372936265573,0.310638173294584,0.025383753458460223
16.7833333333333,0.0204785224639032,0.312242221177358,0.025237109894870498
16.8,0.0235457686168814,0.312242221177358,0.02496454173696884
16.8166666666667,0.0235457686168814,0.312242221177358,0.02466319221920013
16.8333333333333,0.0208203672494196,0.509711858611221,0.023860321368973474
16.85,0.0266150945336204,0.325760184891367,0.02334788840699872
16.8666666666667,0.0179200497570893,0.520584560752028,0.023437794532678972
16.8833333333333,0.0240649493487755,0.317065140114833,0.023488102220765927
16.9,0.0211626599452114,0.318676380582573,0.022941348653236434
16.9166666666667,0.0240649493487755,0.326095978733735,0.02264618937940367
16.9333333333333,0.0242382378607964,0.318676380582573,0.022594490546714415
16.95,0.0242382378607964,0.323193689330173,0.02303626687089251
16.9666666666667,0.0215054014309981,0.321904279111314,0.0236788936113094
16.9833333333333,0.0245851579642196,0.321904279111314,0.023940329249780058
17.0,0.0215054014309981,0.321904279111314,0.023618217095243112
17.0166666666667,-0.116426688205957,0.326429159862523,0.023384583117351677
17.0333333333333,0.030750950672978,0.321904279111314,0.02178035742783791
17.05,0.0216769407456741,0.323520942643977,0.01789609186290021
17.0666666666667,0.0187667435525636,0.325139419345324,0.01765541202722224
17.0833333333333,0.0758572922562244,0.518666263752694,0.020807515281047687
17.1,-0.122001493649769,0.319313076941854,0.02538650110646883
17.1166666666667,0.0221922343029114,0.323845548751164,0.0329020122654268
17.1333333333333,0.0221922343029114,0.323845548751164,0.032654587853899096
17.15,-0.118963422745306,0.33292190524082,0.025089287021170623
17.1666666666667,0.0252803736596178,0.337465799504479,0.019746266683369724
17.1833333333333,0.223680538180707,0.522045036787021,0.01762249655748209
17.2,0.0252803736596178,0.337465799504479,0.030535329804731254
17.2166666666667,0.21155180122939,0.519193332810592,0.06983596189803118
17.2333333333333,0.0314629576790072,0.342013510849653,0.09849749423429374
17.25,0.0735809755692912,0.520883578951413,0.10815302844161682
17.2666666666667,0.214880737125944,0.525431290296588,0.0990503368869956
17.2833333333333,0.0256286710690222,0.340730757478168,0.09319075756827865
17.3,-0.112624741774966,0.336179224239668,0.10789118445757231
17.3166666666667,0.217975186081441,0.525431290296588,0.10424819492063987
17.3333333333333,-0.112496445785668,0.33325909677804,0.07908681378881804
17.35,0.0288995490156729,0.33325909677804,0.08208476970427231
17.3666666666667,0.0258029925628925,0.342365989968265,0.08792032463939403
17.3833333333333,0.0258029925628925,0.342365989968265,0.06453011337681538
17.4,0.0288995490156729,0.342365989968265,0.03829599099893534
17.4166666666667,0.0230533155965098,0.341078948042057,0.03457234064488294
17.4333333333333,0.0292527596117434,0.341078948042057,0.036509068838224704
17.45,-0.112239599604342,0.336519756549102,0.031547612450205
17.4666666666667,0.407355036355616,0.525965554338195,0.027006583858793145
17.4833333333333,0.218698557400836,0.53052474583115,0.047465072377882625
17.5,0.215837112777127,0.523104109714485,0.12777880506695088
17.5166666666667,0.0772061981847511,0.53052474583115,0.2036724020909128
17.5333333333333,0.215837112777127,0.527663301207441,0.20802504080110223
17.55,0.0772061981847511,0.53052474583115,0.16765582232228768
17.5666666666667,0.215837112777127,0.532226329077764,0.15246206056247297
17.5833333333333,0.218940004655841,0.541363913335767,0.15486505248433105
17.6,0.215837112777127,0.541363913335767,0.16368720894360295
17.6166666666667,0.218940004655841,0.532226329077764,0.1835337733018255
17.6333333333333,0.222045012664363,0.532226329077764,0.20328660399964216
17.65,0.0773994139597754,0.532226329077764,0.21040593622506154
17.6666666666667,0.225397986994438,0.529362930336426,0.20384225670633827
17.6833333333333,0.0773994139597754,0.541363913335767,0.18225076602980322
17.7,-0.115039157561957,0.348925341814035,0.1667134699683196
17.7166666666667,0.0296064411426315,0.35349990791476,0.14523588416343766
17.7333333333333,0.0294295414515215,0.35185345013145,0.10109764579858946
17.75,0.216076605914502,0.538500514594428,0.06011960278676291
17.7666666666667,0.222045012664363,0.541363913335767,0.05874594544265337
17.7833333333333,0.0775927588537701,0.543075080695153,0.10508685519503437
17.8,0.219181613923025,0.529362930336426,0.1508772915844811
17.8166666666667,0.0745360152184368,0.538500514594428,0.15497663972124232
17.8333333333333,0.0804561575951087,0.545938479436492,0.14542554228674598
17.85,0.0804561575951087,0.541363913335767,0.13452008278145003
17.8666666666667,0.222045012664363,0.545938479436492,0.1152912104044705
17.8833333333333,0.0775927588537701,0.538500514594428,0.10540814072855356
17.9,-0.115039157561957,0.348925341814035,0.12462060264443324
17.9166666666667,0.216076605914502,0.538500514594428,0.12770583730721954
17.9333333333333,0.216076605914502,0.543075080695153,0.09999577931202447
17.95,-0.111982413926623,0.35349990791476,0.10807457013033342
17.9666666666667,0.0804561575951087,0.545938479436492,0.14540356052810854
17.9833333333333,0.219181613923025,0.538500514594428,0.13266920796424783
18.0,0.0265014331341089,0.339787757556032,0.09817088535460783
18.0166666666667,0.216076605914502,0.538500514594428,0.1082439594076582
18.0333333333333,0.0745360152184368,0.543075080695153,0.12706186384598755
18.05,0.219181613923025,0.538500514594428,0.12966180993459425
18.0666666666667,0.216076605914502,0.538500514594428,0.12993252090846702
18.0833333333333,0.216076605914502,0.538500514594428,0.1507429218428606
18.1,-0.105862668415907,0.348925341814035,0.17975530675037987
18.1166666666667,0.218940004655841,0.541363913335767,0.1847759093922214
18.1333333333333,-0.111982413926623,0.348925341814035,0.15195099894196343
18.15,-0.112111049244544,0.35185345013145,0.12678667353434062
18.1666666666667,0.0745360152184368,0.538500514594428,0.1050892966293803
18.1833333333333,0.216076605914502,0.538500514594428,0.07205670389412568
18.2,0.218940004655841,0.541363913335767,0.06384062580161615
18.2166666666667,0.0804561575951087,0.541363913335767,0.11033917530868842
18.2333333333333,0.0714813548197032,0.538500514594428,0.15836269825928978
18.25,0.218940004655841,0.532226329077764,0.14844821129736602
18.2666666666667,0.218940004655841,0.541363913335767,0.11827034292654627
18.2833333333333,-0.112111049244544,0.35185345013145,0.13429379338048614
18.3,0.218940004655841,0.532226329077764,0.16417762237599748
18.3166666666667,0.218940004655841,0.532226329077764,0.14758951266284212
18.3333333333333,0.0294295414515215,0.338152838003123,0.13583242565205167
18.35,0.0743447535610418,0.532226329077764,0.1559281890820282
18.3666666666667,0.0743447535610418,0.532226329077764,0.14636358381110748
18.3833333333333,0.212499113385603,0.535087773701473,0.10391561469031821
18.4,0.0772061981847511,0.535087773701473,0.0913014419525239
18.4166666666667,0.0292527596117434,0.336519756549102,0.1205512509244402
18.4333333333333,0.0829232330753133,0.531682589228757,0.12657552727369478
18.45,0.0711031185842618,0.53052474583115,0.09439520910808344
18.4666666666667,0.0711031185842618,0.53052474583115,0.07310707529713842
18.4833333333333,0.212499113385603,0.53052474583115,0.07647696981907806
18.5,0.0772061981847511,0.53052474583115,0.08906088074164087
18.5166666666667,0.218216148276165,0.531682589228757,0.11101158234470597
18.5333333333333,-0.112496445785668,0.34692518146122,0.12830246953339414
18.55,0.0707253813112352,0.527127229277032,0.13341576043878178
18.5666666666667,0.022708543607396,0.33781063001654,0.11104222995988874
18.5833333333333,0.214880737125944,0.534538183486813,0.07970710095848502
18.6,0.0256286710690222,0.336179224239668,0.07069289454877964
18.6166666666667,0.022708543607396,0.33781063001654,0.09458992906751726
18.6333333333333,0.0794809724047909,0.528284938419425,0.09900609034630495
18.65,0.214880737125944,0.525431290296588,0.07133535806303448
18.6666666666667,0.217734385248779,0.528284938419425,0.06634540974390613
18.6833333333333,0.217734385248779,0.528284938419425,0.11327963285761314
18.7,0.0223642243955837,0.339097361585619,0.16693030155666366
18.7166666666667,0.214403505205821,0.531136642395855,0.17813379045642333
18.7333333333333,0.0758572922562244,0.532286514506009,0.1487459914157811
18.75,0.400438497395314,0.720259773942056,0.13323259725465245
18.7666666666667,0.217012949304441,0.52774262024235,0.1508572510659612
18.7833333333333,0.217012949304441,0.52774262024235,0.20350484989409065
18.8,0.219858832747429,0.521512147195679,0.23943043199360972
18.8166666666667,0.0216769407456741,0.332582088347744,0.2340197113886991
18.8333333333333,0.0245851579642196,0.33095783375698,0.20584168966665928
18.85,-0.116426688205957,0.33549030556629,0.15698507594717837
18.8666666666667,0.21605328397857,0.525505716304553,0.09826784832249086
18.8833333333333,0.0273159040214399,0.332239662452967,0.06893922014597581
18.9,-0.116677897075797,0.332239662452967,0.09054262491600756
18.9166666666667,-0.116677897075797,0.327714781701758,0.09918640540022172
18.9333333333333,0.212738190313561,0.51476921969852,0.06333778032276376
18.95,0.0269652668411059,0.328996296226067,0.040368073264184665
18.9666666666667,0.212738190313561,0.51476921969852,0.07183335336985985
18.9833333333333,0.0266150945336204,0.330273714762668,0.10330011049714843
19.0,-0.117179333105868,0.325760184891367,0.11175111294025378
19.0166666666667,0.0235457686168814,0.316744442826582,0.0951366871911998
19.0333333333333,0.217926628668514,0.508055976961473,0.062435685341717194
19.05,0.0739411606424621,0.506382283677324,0.04958609840481908
19.0666666666667,-0.114412038145787,0.318029084889075,0.08366900642785927
19.0833333333333,0.0259161408461868,0.323808101024015,0.10556985859309714
19.1,0.0735594601994961,0.507535125064066,0.07540855777309385
19.1166666666667,0.025741691530056,0.317701503124734,0.04232888014935543
19.1333333333333,0.025741691530056,0.317701503124734,0.045192369939054663
19.15,0.0226827433292826,0.516220494537653,0.05187548606215721
19.1666666666667,0.0194556668062273,0.316095161550785,0.04093795625767073
19.1833333333333,0.0255673576268215,0.302644750388846,0.029650051881646884
19.2,0.210136867255841,0.496378697653211,0.027276235606022853
19.2166666666667,-0.115299537689688,0.306810877155758,0.039272360232933255
19.2333333333333,0.0219943633746652,0.306810877155758,0.0711534731746806
19.25,0.212714557431779,0.49753107121287,0.07860021915333681
19.2666666666667,0.0245237714806549,0.310963199237201,0.0637683826407725
19.2833333333333,0.0273947498639572,0.511868645126203,0.0770841665511217
19.3,0.21200315594008,0.497018540486741,0.09018097984516686
19.3166666666667,0.0213077892740039,0.300439674195782,0.07974948443291585
19.3333333333333,0.0211364270817928,0.29885130139742,0.08550184476280433
19.35,0.0270439277299324,0.301718401562236,0.09171434698817069
19.3666666666667,0.0179288755216788,0.292814686714138,0.06765320513431941
19.3833333333333,0.0179288755216788,0.292814686714138,0.03886446021427013
19.4,-0.116308851100256,0.298543080515165,0.03199839661617652
19.4166666666667,0.206947864352691,0.292515442268337,0.030104178013563326
19.4333333333333,0.0204521003319979,0.292515442268337,0.03266301974420325
19.45,0.0172531696992159,0.290935872281195,0.06291074638463054
19.4666666666667,0.014227078838584,0.28650061601228,0.07847568619048892
19.4833333333333,0.064379243801838,0.47936044471956,0.054758039393209064
19.5,0.2031607872525,0.48944572691499,0.03150934303489501
19.5166666666667,0.0107095942670536,0.281783426952414,0.048022165541837705
19.5333333333333,0.0107095942670536,0.277362848926339,0.08629801361833457
19.55,-0.125981520452011,0.280214514535154,0.08719261173316824
19.5666666666667,0.0162428999144247,0.281495166185068,0.051210707935679146
19.5833333333333,-0.126339213532377,0.279927809739128,0.023466330553364004
19.6,0.0100531615762456,0.279927809739128,0.01949162710333848
19.6166666666667,0.012897156602947,0.278362187656737,0.018554968473844406
19.6333333333333,0.015571569422206,0.279638468681986,0.013216369649151443
19.65,0.0065601446746097,0.275236136218275,0.01179887309922489
19.6666666666667,0.0035603621548659,0.266442373455232,0.013919474000038491
19.6833333333333,0.009398407056938,0.264889196542382,0.012781611003426976
19.7,0.0034008515112379,0.264889196542382,0.009436067244072014
19.7166666666667,0.182503645161442,0.263337734672098,0.007931257423938935
19.7333333333333,0.0029229218736475,0.460740314552063,0.01891603662094042
19.75,0.181852251650821,0.263070591611547,0.05046744158919616
19.7666666666667,0.157343654423251,0.26589933803105,0.07273305393477088
19.7833333333333,-0.024195354619302,0.252779212625275,0.09162906908745094
19.8,0.172510788001592,0.252779212625275,0.10857191678107352
19.8166666666667,0.165818516618603,0.252525308500442,0.10256317928384676
19.8333333333333,-0.0188330895092228,0.455434602044379,0.10131050387205057
19.85,0.162791153501931,0.452613433980508,0.11577917480741229
19.8666666666667,0.170151018092975,0.437005689070707,0.1104228670562169
19.8833333333333,-0.030676929049811,0.242280214375747,0.10423730205289354
19.9,-0.0278576508163766,0.240751224162856,0.11571832772764234
19.9166666666667,0.161975186647813,0.437293949609736,0.10144652309637098
19.9333333333333,0.164788806769508,0.440107569731431,0.06521535798843366
19.95,0.164788806769508,0.23617432877506,0.07364266288830246
19.9666666666667,0.146521504486321,0.43408409784959,0.12079045481834993
19.9833333333333,0.158554659593173,0.234652047091474,0.147327281191788
20.0,0.170201080377253,0.231612493993347,0.14572938817833872
20.0166666666667,0.169782826269954,0.237222824139214,0.1470578118540296
20.0333333333333,0.178828711315478,0.23289944534395,0.1570091395693975
20.05,0.175811410523123,0.568100440592514,0.1645793499037023
20.0666666666667,0.0002316072129517,0.420105612326261,0.1690802718665778
20.0833333333333,0.0030302220416622,0.224042722526403,0.1609782697942858
20.1,0.184212864147324,0.219736991445573,0.1192709004556353
20.1166666666667,-0.0087821347780401,0.414133867500147,0.07721166392764177
20.1333333333333,0.174960453035928,0.218231524550202,0.0796344564284592
20.15,0.171532475830999,0.219520723350443,0.09376442409567635
20.1666666666667,0.165325687213286,0.407811861451443,0.10619439789989282
20.1833333333333,0.162126290173303,0.410601158847125,0.12893987435298243
20.2,0.150172676889855,0.207941405750847,0.1516992582467157
20.2166666666667,0.15852942908333,0.410230388925917,0.15692135406244243
20.2333333333333,0.146413706650347,0.408653835494316,0.15320492244580694
20.25,0.149389288754078,0.20624687458991,0.1534436891680601
20.2666666666667,0.337869372719122,0.207534320493646,0.15364009428561215
20.2833333333333,0.157723823899804,0.395249352781771,0.16353313041419953
20.3,0.157522727793784,0.398023838779482,0.19802856398064422
20.3166666666667,0.151380406465353,0.392125589761476,0.21329224996944524
20.3333333333333,0.154350099458065,0.387795422745907,0.19075723345224746
20.35,0.159889863165194,0.191599266424063,0.1663507454370092
20.3666666666667,0.171367547576302,0.19288859371219,0.16264900861588244
20.3833333333333,0.167977660696266,0.387107101951642,0.16581712189673398
20.4,0.159484849535719,0.377269382812757,0.1665900967062351
20.4166666666667,0.164598084899945,0.186993442846501,0.16741700360740147
20.4333333333333,0.170527682873674,0.379697405084462,0.1671184436179195
20.45,0.176038132131785,0.376606978470876,0.16611572177618703
20.4666666666667,0.172861023286253,0.379359467599073,0.16803262368221758
20.4833333333333,-0.0042939490624558,0.383310791886139,0.1718772368609438
20.5,0.180890917316595,0.520530774333937,0.1625135026549484
20.5166666666667,0.180674401635123,0.37165318588937,0.1311790012432212
20.5333333333333,0.362501252533897,0.377134552766699,0.12160215373019692
20.55,0.22478374415282,0.238153190376464,0.1589267129604627
20.5666666666667,0.179809710055034,0.369785304067736,0.21950250270893107
20.5833333333333,0.182326433625022,0.366720511521496,0.24338633477929109
20.6,0.176218252979912,0.512114952176568,0.22166537577298698
20.6166666666667,0.0415621544663594,0.224965790493129,0.1963808864760391
20.6333333333333,0.0294872606126436,0.226254603549756,0.18048100852877857
20.65,0.0293251903874513,0.371462638477076,0.14466394952332925
20.6666666666667,0.169079512043846,0.351808241514314,0.09453189447095386
20.6833333333333,0.0374475042805315,0.369614752625866,0.07156358981148753
20.7,0.0403745397155575,0.218869888844679,0.08795172781557209
20.7166666666667,0.160991501177107,0.222907870300653,0.09370029758208628
20.7333333333333,0.173453358832541,0.35388495435244,0.07963199902939225
20.75,0.175732158641187,0.357776964945362,0.09111940416158103
20.7666666666667,0.178432556417538,0.356260923873797,0.1295701672958377
20.7833333333333,0.152080087676685,0.350536798375106,0.15626507210995577
20.8,0.171973882920858,0.493445100305951,0.16102663234076786
20.8166666666667,0.171763057917254,0.487625978565502,0.15994632754229343
20.8333333333333,0.176407349845247,0.210970960918944,0.16264415126791493
20.85,0.0434782128117799,0.203865738052789,0.16722413756679108
20.8666666666667,0.184983812828528,0.341188478536485,0.16274954168350977
20.8833333333333,0.16674212684819,0.346477937884936,0.14142791897289003
20.9,0.174913175363974,0.346183971534956,0.13469421077238972
20.9166666666667,0.0366755713091379,0.344676649070247,0.1519333735147746
20.9333333333333,0.171347504309535,0.200600919540135,0.1589548245522731
20.95,0.173849932344164,0.193549988374264,0.13553298086754728
20.9666666666667,0.0412591665482573,0.19752552896807,0.12580127070263475
20.9833333333333,0.0355091786383632,0.189229465693905,0.13818567522595315
21.0,0.178408419034656,0.193199032601823,0.12443220675335048
21.0166666666667,0.178836154342368,0.669345449776768,0.09280907012325249
21.0333333333333,0.307497481310264,0.317400967651847,0.10177722769896767
21.05,0.177333621584141,0.330614582901682,0.15047601570220764
21.0666666666667,0.312285142920648,0.46429190834959,0.19744703931335522
21.0833333333333,0.176476227383002,0.188532513433598,0.21653891687990784
21.1,0.170259764818739,0.334207918732918,0.2267063297540951
21.1166666666667,0.172729513702648,0.178709999228965,0.22368898608142737
21.1333333333333,0.166744278900213,0.329744745083684,0.20392822197151805
21.15,0.166536536319028,0.319948223169298,0.1854117693296523
21.1666666666667,0.174554987660662,0.315523385852869,0.17896413125227995
21.1833333333333,-0.0193593780568332,0.323666427217614,0.17720969361644356
21.2,0.171040403705231,0.311112414292361,0.1642464513016455
21.2166666666667,0.170829859762751,0.313776605053721,0.13209501014647626
21.2333333333333,0.16774841492062,0.308179440642216,0.12061347985139399
21.25,0.17285633819398,0.495070042830012,0.14219300536001248
21.2666666666667,-0.0120857538910215,0.318724431533034,0.1633585135856968
21.2833333333333,0.174872019600191,0.493120920687762,0.15523857097439908
21.3,-0.0126860842472713,-0.0213935125416604,0.12330235357491624
21.3166666666667,-0.0216767977448566,0.125846501288139,0.10523859435282243
21.3333333333333,-0.0388436662476337,0.315275294522154,0.08752632058742747
21.35,0.153678545686818,0.483953991525565,0.05475416501027289
21.3666666666667,0.153678545686818,0.47979309472294,0.035793990412738286
21.3833333333333,0.158548378773897,0.482025153131489,0.0642195629079533
21.4,-0.0086551827407202,0.304996204340267,0.11064566751463349
21.4166666666667,-0.0229706173907225,0.299389219264356,0.1252234117854979
21.4333333333333,-0.0149242823284894,0.303294144033021,0.09197712789754307
21.45,-0.0094166391528872,0.297699697855197,0.047504471770816695
21.4666666666667,0.159752704345086,0.469913860658863,0.024046131420143016
21.4833333333333,0.160805641125059,0.298681880899105,0.027962842690922307
21.5,0.155062119869172,0.286325331487326,0.06267101690266794
21.5166666666667,0.151795663768342,0.287548000764209,0.10743025591626065
21.5333333333333,-0.0220216400082826,0.284661015139531,0.13324551989767391
21.55,0.139397295378442,0.280341722973655,0.1292557399585474
21.5666666666667,0.150606229696497,0.278904933557589,0.10345495518318634
21.5833333333333,-0.0311255594611787,0.277469627985924,0.09588469551488418
21.6,0.149815673075025,0.277253191513685,0.10745850908110172
21.6166666666667,0.155310907742119,0.275820637086864,0.10087416726723399
21.6333333333333,0.157754746327414,0.26482087298669,0.09581938655277872
21.65,-0.0322293148415952,0.266040353029062,0.11720198936815679
21.6666666666667,0.159582186707849,0.269892531756183,0.13268494018287896
21.6833333333333,0.153707665310799,0.264413206276575,0.11080124831873306
21.7,0.158971842432441,0.257529995724771,0.10019116904675962
21.7166666666667,0.158768644676351,0.252076942305889,0.12430164608930075
21.7333333333333,-0.0232524256854191,0.078543456831715,0.14749938993381914
21.75,0.155133273618283,0.254508429015944,0.14079305331113473
21.7666666666667,0.154731818658139,0.247667328353297,0.11167346413288923
21.7833333333333,-0.0267857226667683,0.0717849631693291,0.10436995211746408
21.8,0.156945474983653,0.247477024797004,0.11637575585367126
21.8166666666667,0.153930379000223,0.238054460752493,0.10801240310651977
21.8333333333333,0.161759366949817,0.245883448702086,0.10093272477953016
21.85,-0.0166929759884134,0.0570478018830165,0.12117175021412915
21.8666666666667,0.160940112322248,0.240294765432548,0.1359072241654685
21.8833333333333,0.157933097362948,0.242894552244859,0.11312751550382202
21.9,0.163127751234553,0.236118213666123,0.1021454928639958
21.9166666666667,0.157325652273197,0.22676959171136,0.12692268252835875
21.9333333333333,0.162099614046553,0.233157660740492,0.15062571558891807
21.95,-0.0156708424811772,0.0530283366313355,0.1535246774667431
21.9666666666667,0.158697565765492,0.229005925939079,0.14287729313346625
21.9833333333333,0.152929810439696,0.223664932994286,0.11764497372500086
22.0,0.158088595711176,0.216962160960892,0.10855817492242895
22.0166666666667,-0.0196296949244697,0.0503522222386515,0.1279745517815719
22.0333333333333,0.153689579120834,0.0450864270889241,0.1381360410092828
22.05,-0.0172978723852967,0.0424545501087167,0.11242339503031652
22.0666666666667,-0.0202127752065291,0.0332780319619545,0.09070955922192915
22.0833333333333,0.158125295574924,0.0332832016606268,0.07563658517455639
22.1,-0.0234097731367232,0.172050775995719,0.059175510963777475
22.1166666666667,-0.0157171739450234,0.174558087421579,0.06233974108738947
22.1333333333333,0.157111846239192,0.0345898567321441,0.06389946514030055
22.15,-0.0215195613502619,0.0293761353269929,0.05122478144291738
22.1666666666667,0.329767786627817,0.1950460952649,0.05515847076093715
22.1833333333333,-0.0220980804469963,0.024182277373945,0.08122209157717425
22.2,0.152901018085536,0.0138197471606468,0.1215665910021018
22.2166666666667,0.147115577265935,0.0164155209916395,0.12880122682903286
22.2333333333333,0.154692232891669,0.0190206135198338,0.11732274976801284
22.25,0.154491401085938,0.0177317939382462,0.12260579887107972
22.2666666666667,-0.0154975370166465,0.0177409647318385,0.14103138256982511
22.2833333333333,0.156470895579808,0.0125896698010877,0.13975762334450303
22.3,-0.0188141936173924,0.0126029142502432,0.1108904579846386
22.3166666666667,0.11249993915895,0.330904525876519,0.09243810787004209
22.3333333333333,0.157775944477251,0.194445864203105,0.0847297144375116
22.35,0.0315220062379595,0.193100221898063,0.0872503506221835
22.3666666666667,0.162469663855542,0.0518173693341431,0.09997468357199661
22.3833333333333,0.172648823066703,0.195363147190773,0.10334847121421509
22.4,0.164188716324669,0.0492114552860727,0.10903634024802114
22.4166666666667,0.163982012134975,0.177180091085133,0.13137528504077653
22.4333333333333,0.158088904942122,0.18225393701587,0.15301274665174228
22.45,0.157683167066966,0.183454489842663,0.15777108772212498
22.4666666666667,0.333539253354156,0.0427719135809205,0.15553423677894718
22.4833333333333,0.159806240545541,0.357788111790138,0.16829606892785906
22.5,-0.0067735792751982,0.0067827399767651,0.20227661535427083
22.5166666666667,0.166547929641341,0.0452264857368377,0.20413920060822538
22.5333333333333,0.32896001528602,0.35586825324093,0.15285662835649505
22.55,0.160692129577967,0.353089134549244,0.13219467728143486
22.5666666666667,0.159855892239139,0.175572169632868,0.18209981293942876
22.5833333333333,0.156887019932764,0.174242850379419,0.2147973217743374
22.6,0.334943595658278,0.34340515802261,0.1907359065253732
22.6166666666667,-0.0114746191814035,0.175373146505297,0.17595528034699365
22.6333333333333,0.168624897169422,0.172618932034455,0.19864768768408844
22.65,-0.0044437760481209,0.173838894281307,0.18464891459539667
22.6666666666667,0.162293656523987,-0.0095690288888747,0.13785178233948736
22.6833333333333,-0.0050650785869681,-0.0120756578556644,0.10523352273451107
22.7,0.16653534153347,0.17097990791553,0.10157627422074897
22.7166666666667,0.331327548974583,0.328078215110382,0.0960753770041758
22.7333333333333,0.166327102723467,0.161972776733451,0.11295942677509521
22.75,0.163384661761174,0.145329940548581,0.17010434226827714
22.7666666666667,0.155191695117163,0.141504299027531,0.20413328966826305
22.7833333333333,0.154588170880747,0.141435926592856,0.18709483591653214
22.8,0.157077517717612,0.314516995288167,0.16380317335638173
22.8166666666667,-0.0150769713311011,0.143882094475692,0.16149679374188913
22.8333333333333,0.158814826430931,-0.0494143212369394,0.1534833537293489
22.85,0.147960684201568,0.129882142746926,0.12145681733812115
22.8666666666667,-0.0156722152480736,0.131108140705607,0.10878230802073607
22.8833333333333,0.155292170530081,0.124749780316345,0.1183795784784072
22.9,0.157190323861062,0.127196362102036,0.10890176743385269
22.9166666666667,-0.306050304026515,0.127196362102036,0.1015883895496747
22.9333333333333,0.154085919520391,0.128414697271128,0.11213361787468198
22.95,0.148691784988641,0.11708903885602,0.10707566193799195
22.9666666666667,0.158671795916901,0.127069049784281,0.10024121887064641
22.9833333333333,0.153284212414916,0.112006923024516,0.11835546731772464
23.0,-0.0207067505300248,-0.0576735538987499,0.14241142548499006
23.0166666666667,-0.0107046921533477,-0.048740930458699,0.1385795782841751
23.0333333333333,0.156845776946195,0.115607959063949,0.09923422509183366
23.05,0.159119680682892,0.113074751348814,0.06395454074120609
23.0666666666667,0.14881083328489,0.104381491421324,0.07734393019557809
23.0833333333333,0.145939976170992,0.103122474550275,0.1185204075340568
23.1,-0.0144382507915182,-0.0609897092675205,0.14027068470413775
23.1166666666667,-0.0199265322652924,-0.0733759150498976,0.12976079980336558
23.1333333333333,-0.0177008942395585,-0.0695382518584559,0.0935052201314588
23.15,-0.0205105361211473,-0.0707395956542157,0.05233283613592189
23.1666666666667,-0.01297074754413,-0.0669147396549896,0.0269224726461152
23.1833333333333,-0.0258300483964192,-0.0818762787000964,0.018373426136981875
23.2,-0.0210931238240047,-0.0792372080191115,0.0133860398012381
23.2166666666667,-0.0112187714552807,-0.0741088837568704,0.007606816749453165
23.2333333333333,-0.0163740002777921,-0.0766115660200157,0.004800883653060696
23.25,-0.0088704701081297,-0.0764974572104421,0.0041372835850266325
23.2666666666667,0.150176163710369,0.0794332117736758,0.002988856027061621
23.2833333333333,-0.0248954613921494,-0.0887459666061872,0.011663138623308865
23.3,-0.0223987949535019,-0.0862493001675418,0.038725935215677826
23.3166666666667,-0.0175575956617418,-0.0861256018762411,0.04832574165515367
23.3333333333333,-0.0226879798804923,-0.0922924233919325,0.028340227999075637
23.35,-0.022976815560769,-0.0946509046561133,0.008725684582439441
23.3666666666667,-0.0231211026310319,-0.0994924249931948,0.006031921183502164
23.3833333333333,-0.0181472285260604,-0.101838646498621,0.006763576115595621
23.4,0.147881458715698,-0.103010026118847,0.003375646528997049
23.4166666666667,-0.0210702318216086,-0.104180253685556,0.010811025013740991
23.4333333333333,-0.0187354252008436,-0.0992182979337834,0.03832039668461233
23.45,-0.0213609991183137,-0.110162787820092,0.048058837947948414
23.4666666666667,-0.0143780325426338,-0.0989554352696381,0.028175216620981828
23.4833333333333,-0.0219414781350782,-0.107539864728042,0.008758557721242564
23.5,-0.0222311911315895,-0.106233352686492,0.005916943862204132
23.5166666666667,-0.0222311911315895,-0.109868377131984,0.00658616138073333
23.5333333333333,-0.0175882073550767,-0.114511718750745,0.003268001984250758
23.55,0.137547702752671,-0.109725414245374,0.0011816566686490286
23.5666666666667,0.144939595742601,-0.11320721954371,0.010315471258891809
23.5833333333333,-0.0280246882953804,-0.125369778859406,0.0448769815471835
23.6,0.144744419581009,-0.121596450373361,0.0804126044176697
23.6166666666667,-0.0306299127048497,-0.125369778859406,0.08131164727197152
23.6333333333333,0.309710228133565,0.0477168877580844,0.07080423538099795
23.65,-0.0161651047107675,-0.123744004557831,0.07921337083818096
23.6666666666667,-0.023818370484204,-0.1261976977579,0.1155417366856339
23.6833333333333,0.143770305082545,-0.127345200737846,0.1153066640884497
23.7,-0.0192057371067534,-0.123591501486054,0.07624389237628673
23.7166666666667,-0.0169058526339416,-0.169474141343706,0.06153842738985472
23.7333333333333,0.140545273628863,-0.1779436605632,0.06257947199281627
23.75,-0.0197912503215033,-0.16816098389163,0.05184010735328039
23.7666666666667,0.150200942843702,-0.299134498875123,0.05191462968813606
23.7833333333333,-0.0225240559252121,-0.176429408963738,0.06377710419830059
23.8,-0.0301347732035065,-0.182436487756596,0.07351250009808437
23.8166666666667,0.267751465981264,-0.0058861209119193,0.061367569161508526
23.8333333333333,0.141637562577442,-0.183356907351779,0.053343276719453575
23.85,-0.0205211444555267,-0.184475536300913,0.09288138067169992
23.8666666666667,0.0151697181513729,-0.308122335427372,0.13062013300246259
23.8833333333333,0.141251305954967,-0.192690119979333,0.10407049377490937
23.9,0.131129246298747,-0.201105870324757,0.05913896517079431
23.9166666666667,0.0099186822739064,-0.329398307399244,0.0690412356181777
23.9333333333333,-0.0309735448729068,-0.199777045517268,0.10006224889435525
23.95,-0.0159501259572593,-0.0226035024939236,0.08470476784892247
23.9666666666667,-0.0236778445184729,-0.196021019241216,0.041792057623365464
23.9833333333333,0.104258431547038,-0.192275442323563,0.019246285137164244
24.0,-0.0165432644170185,-0.196917490607129,0.02244600243037312
24.0166666666667,0.1066831312246,-0.200447092062235,0.037638732298400326
24.0333333333333,-0.0270928809572826,0.0225404294678938,0.04610905270344039
24.05,-0.140342723794031,-0.317497500734867,0.04966347795554437
24.0666666666667,-0.0197178638572399,-0.326999586608355,0.042547958656111724
24.0833333333333,0.143999502880306,-0.322090180376757,0.02591183260449316
24.1,0.107806406087204,-0.0222699359767425,0.021181549829993675
24.1166666666667,-0.0303955701964764,-0.329126823164586,0.050106036657278426
24.1333333333333,-0.0279430447604984,-0.333700948199091,0.07856696030693272
24.15,-0.0329880430955956,-0.163413171577923,0.06442491937166678
24.1666666666667,0.097248181569687,0.138522104419884,0.029702463650369104
24.1833333333333,0.099658576817593,-0.211437200720439,0.019280508393324663
24.2,0.135303434286962,-0.16431682966433,0.04236948411325863
24.2166666666667,-0.0283669839557437,-0.336873353789242,0.07294321880938798
24.2333333333333,-0.0259202510910374,-0.337928743309263,0.087163592897397
24.25,-0.0262053439790748,-0.343531095780936,0.06911506117954751
24.2666666666667,-0.033195729039457,-0.0555291087176833,0.03645885210140747
24.2833333333333,-0.0239068013899978,-0.169888847592533,0.017025812139367796
24.3,-0.148991804201839,-0.1723298083838,0.012612531167720705
24.3166666666667,0.103742646472746,-0.217980232612785,0.009406699184997596
24.3333333333333,-0.0264900949914036,-0.0012494026863443,0.011600765820195152
24.35,-0.0438713358673382,-0.0206842675440463,0.028710132912086947
24.3666666666667,0.238137697555345,-0.0758370343754883,0.03544600166382423
24.3833333333333,-0.048381412398729,-0.377076362782911,0.03655206702706416
24.4,0.0825854012483777,-0.25038379187014,0.06639425108764177
24.4166666666667,0.0874190346323271,-0.0698727507423541,0.08557747164594709
24.4333333333333,0.262691297703636,-0.0529999663378121,0.07528002715235974
24.45,0.262691297703636,-0.225190105232407,0.08052329947732106
24.4666666666667,0.13904275765969,0.0060648458187976,0.13542242809177157
24.4833333333333,-0.17139754981607,-0.36726915860574,0.1898209745984868
24.5,0.0389999999999997,-0.0818002383297355,0.1803508286318128
24.5166666666667,0.0390000000000008,0.0999296702900622,0.11887978745163036
24.5333333333333,0.0389999999999997,-0.253868594319548,0.07042083505084716
24.55,0.0389999999999997,-0.20746343623174,0.05791570601881754
24.5666666666667,0.0390000000000008,-0.195200802615928,0.056510106975011326
24.5833333333333,0.0389999999999997,-0.056548148180056,0.049751179714304844
24.6,0.0389999999999997,-0.225190105232407,0.0441525103871655
24.6166666666667,0.0390000000000008,-0.188106948412496,0.043375552445576976
24.6333333333333,0.0390000000000008,-0.0195259043531472,0.043045988591351
24.65,0.0390000000000008,-0.240722239240155,0.04174582681208068
24.6666666666667,0.0390000000000008,-0.0806735286333499,0.04088465455952849
24.6833333333333,0.0389999999999997,-0.25038379187014,0.04038390271548241
24.7,0.0390000000000008,-0.0735746528027036,0.03987338698722177
24.7166666666667,0.0390000000000008,-0.250667971447893,0.03974743226867673
24.7333333333333,0.0389999999999997,-0.0808401399458148,0.039687661967337876
24.75,0.0389999999999997,-0.0772869311423726,0.03970512270300203
24.7666666666667,0.0390000000000008,-0.0677496948834516,0.039630432539288475
24.7833333333333,0.0389999999999997,-0.0604885085880248,0.03952379596748021
24.8,0.0389999999999997,-0.0774513710338063,0.03948680964510895
24.8166666666667,0.0389999999999997,-0.0690368887738117,0.03949858886927806
24.8333333333333,0.0390000000000008,-0.227005559376789,0.03949431906625136
24.85,0.0389999999999997,-0.0604885085880248,0.03947261633873275
24.8666666666667,0.0389999999999997,-0.363501151061665,0.03945532340209225
24.8833333333333,0.0390000000000008,-0.373349083636399,0.039451880343896024
24.9,0.0389999999999997,-0.241532240455323,0.03944555578891969
24.9166666666667,0.0389999999999997,-0.246385953415629,0.039432973640193984
24.9333333333333,0.0390000000000008,-0.0509469128671476,0.03943834156149917
24.95,0.0389999999999997,-0.348079559288952,0.039431048101122995
24.9666666666667,0.0390000000000008,-0.227005559376789,0.039420463971210504
24.9833333333333,0.0390000000000008,-0.22326117855286,0.0394219699136996
25.0,0.0389999999999997,-0.229423090969848,0.03941783251530581
25.0166666666667,0.0389999999999997,-0.224589457585898,0.03942064621773404
25.0333333333333,0.0390000000000008,-0.0580709769949657,0.03941532391950075
25.05,0.0389999999999997,-0.235080942257839,0.039421985357416436
25.0666666666667,0.0390000000000008,-0.012305159409528,0.039426715061943625
25.0833333333333,0.0390000000000008,-0.237234970390914,0.03942659490675236
25.1,0.0390000000000008,-0.232412755156219,0.03942767943515006
25.1166666666667,0.0389999999999997,-0.0590823175211256,0.03941499521174012
25.1333333333333,0.0390000000000008,-0.227596233830212,0.039414709766140775
25.15,0.0390000000000008,-0.060222616261624,0.0394154686127936
25.1666666666667,0.0390000000000008,-0.234568305128862,0.039421888269027684
25.1833333333333,0.0389999999999997,-0.232162176531057,0.03942294700346377
25.2,0.0390000000000008,-0.234568305128862,0.03941558544392825
25.2166666666667,0.0389999999999997,-0.232162176531057,0.0394112450657759
25.2333333333333,0.0389999999999997,0.0914977586263106,0.03941233259599948
25.25,0.0390000000000008,-0.24286716512009,0.039411600463041166
25.2666666666667,0.0390000000000008,-0.182974356575635,0.03941353478744744
25.2833333333333,0.0390000000000008,-0.0540266561322902,0.03941214720633142
25.3,0.0390000000000008,-0.0660431146805166,0.03941160108339969
25.3166666666667,0.0390000000000008,-0.0107928741025518,0.039411336110738326
25.3333333333333,0.0390000000000008,-0.354686364557,0.03941240404120523
25.35,0.0390000000000008,-0.0646411383953506,0.039411883823613506
25.3666666666667,0.0390000000000008,-0.248482903185674,0.03941095653077484
25.3833333333333,0.0389999999999997,-0.071846759447444,0.03941182395503892
25.4,0.0389999999999997,-0.245809470429168,0.03941179001460998
25.4166666666667,0.0389999999999997,-0.250614634150462,0.03941188329195846
25.4333333333333,0.0390000000000008,-0.376926528974018,0.03941188420551919
25.45,0.0390000000000008,-0.246876623780474,0.039415165508525335
25.4666666666667,0.0389999999999997,0.0988093569701697,0.039411215313638295
25.4833333333333,0.0389999999999997,-0.25754740993686,0.03941227553138402
25.5,0.0390000000000008,-0.372048925598634,0.039413306561269144
25.5166666666667,0.0389999999999997,-0.25754740993686,0.03941231930292188
25.5333333333333,0.0389999999999997,-0.259952118835188,0.03941291784950398
25.55,0.0389999999999997,-0.0848434846790717,0.0394119104646024
25.5666666666667,0.0389999999999997,-0.25754740993686,0.039413027805438844
25.5833333333333,0.0390000000000008,-0.246876623780474,0.039412355637234026
25.6,0.0390000000000008,-0.239683734891486,0.039412123775982494
25.6166666666667,0.0390000000000008,-0.239683734891486,0.03941344461214158
25.6333333333333,0.0389999999999997,-0.0763598040873319,0.03941075670289418
25.65,0.0390000000000008,-0.0787588467343262,0.039413168629737205
25.6666666666667,0.0390000000000008,-0.250341788884766,0.03941300329714097
25.6833333333333,0.0390000000000008,-0.370642236454111,0.039413928376021395
25.7,0.0389999999999997,-0.247942746237772,0.03941440222146387
25.7166666666667,0.0390000000000008,-0.0750891641871142,0.03941434790991466
25.7333333333333,0.0389999999999997,-0.244216816017479,0.03941394874487577
25.75,0.0390000000000008,-0.246611622108512,0.039413529478133424
25.7666666666667,0.0390000000000008,-0.381023084144408,0.03941192241084647
25.7833333333333,0.0389999999999997,-0.204755351563635,0.03941139285388273
25.8,0.0389999999999997,-0.376156968863589,0.039411612929260945
25.8166666666667,0.0389999999999997,-0.258323593928069,0.03941161292926081
25.8333333333333,0.0390000000000008,-0.0856438954876886,0.039411612929260514
25.85,0.0390000000000008,-0.253529747686076,0.03941161292926039
25.8666666666667,0.0390000000000008,-0.373726060168171,0.039411612929260625
25.8833333333333,0.0389999999999997,-0.258043326150371,0.03941161292926095
25.9,0.0390000000000008,-0.260438132241403,0.039411612929261035
25.9166666666667,0.0390000000000008,-0.0891571854140309,0.039411612929260875
25.9333333333333,0.0390000000000008,-0.260438132241403,0.03941161292926084
25.95,0.0390000000000008,-0.260438132241403,0.03941161292926103
25.9666666666667,0.0390000000000008,0.0821237614133395,0.03941161292926118
25.9833333333333,0.0390000000000008,-0.0380725510687554,0.03941161292926121
26.0,0.0389999999999997,-0.0902731966870661,0.03941161292926121
26.0166666666667,0.0389999999999997,-0.262548593843366,0.03941161292926117
26.0333333333333,0.0389999999999997,-0.0972874241617802,0.03941161292926092
26.05,0.0390000000000008,-0.216372662671256,0.03941161292926057
26.0666666666667,0.0389999999999997,-0.0948940277624814,0.039411612929260445
26.0833333333333,0.0389999999999997,-0.391992595194384,0.039411612929260584
26.1,0.0389999999999997,-0.26943755797401,0.039411612929260625
26.1166666666667,0.0389999999999997,-0.0948940277624814,0.03941161292926043
26.1333333333333,0.0389999999999997,-0.0936148743813483,0.039411612929260265
26.15,0.0390000000000008,-0.212594397257926,0.03941161292926024
26.1666666666667,0.0390000000000008,-0.383694656620255,0.039411612929260306
26.1833333333333,0.0389999999999997,-0.388549324345185,0.03941161292926054
26.2,0.0389999999999997,-0.261211718425498,0.039411612929260806
26.2166666666667,0.0389999999999997,-0.0901114590631685,0.03941161292926073
26.2333333333333,0.0389999999999997,-0.271534273887464,0.039411612929260445
26.25,0.0389999999999997,-0.264654989274697,0.03941161292926028
26.2666666666667,0.0389999999999997,-0.0936148743813483,0.039411612929260265
26.2833333333333,0.0390000000000008,-0.216097812576105,0.03941161292926024
26.3,0.0389999999999997,-0.0504100594355521,0.039411612929260265
26.3166666666667,0.0390000000000008,-0.22067206687088,0.03941161292926046
26.3333333333333,0.0389999999999997,-0.100614321170757,0.039411612929260605
26.35,0.0389999999999997,-0.22938970658516,0.03941161292926065
26.3666666666667,0.0389999999999997,-0.0585297716651375,0.039411612929260584
26.3833333333333,0.0389999999999997,-0.216901076415731,0.03941161292926042
26.4,0.0389999999999997,-0.225953687725003,0.03941161292926028
26.4166666666667,0.0389999999999997,-0.224642352216805,0.03941161292926024
26.4333333333333,0.0389999999999997,-0.224642352216805,0.03941161292926022
26.45,0.0389999999999997,-0.228075958837905,0.0394116129292602
26.4666666666667,0.0389999999999997,-0.0537824172967831,0.03941161292926018
26.4833333333333,0.0389999999999997,-0.228075958837905,0.03941161292926018
26.5,0.0390000000000008,-0.0549044139674784,0.03941161292926018
26.5166666666667,0.0390000000000008,-0.217975162265984,0.03941161292926025
26.5333333333333,0.0390000000000008,-0.0490406388167429,0.039411612929260514
26.55,0.0390000000000008,-0.0525342210993465,0.03941161292926086
26.5666666666667,0.0390000000000008,-0.21904821720573,0.03941161292926106
26.5833333333333,0.0390000000000008,-0.0483081915178943,0.039411612929261125
26.6,0.0390000000000008,-0.393217032651069,0.03941161292926117
26.6166666666667,0.0390000000000008,-0.22253689848738,0.03941161292926121
26.6333333333333,0.0390000000000008,-0.394226761853305,0.039411612929261236
26.65,0.0390000000000008,-0.223606477211465,0.03941161292926124
26.6666666666667,0.0389999999999997,-0.389397703894549,0.03941161292926125
26.6833333333333,0.0389999999999997,-0.0481571346108687,0.03941161292926119
26.7,0.0389999999999997,-0.389397703894549,0.039411612929260924
26.7166666666667,0.0389999999999997,-0.39282168691741,0.039411612929260584
26.7333333333333,0.0389999999999997,-0.39282168691741,0.039411612929260376
26.75,0.0390000000000008,-0.397250052220868,0.03941161292926032
26.7666666666667,0.0390000000000008,-0.390409282387038,0.03941161292926035
26.7833333333333,0.0389999999999997,-0.0639774488274135,0.03941161292926057
26.8,0.0390000000000008,-0.226809064572156,0.03941161292926083
26.8166666666667,0.0390000000000008,-0.224398074680077,0.03941161292926082
26.8333333333333,0.0390000000000008,-0.217437815416834,0.03941161292926079
26.85,0.0390000000000008,-0.0539570870313675,0.039411612929260965
26.8666666666667,0.0390000000000008,-0.0574932427894616,0.03941161292926115
26.8833333333333,0.0389999999999997,-0.0562091821161687,0.039411612929261194
26.9,0.0390000000000008,0.101756950410832,0.039411612929261125
26.9166666666667,0.0389999999999997,-0.05267550194582,0.03941161292926096
26.9333333333333,0.0390000000000008,-0.0638423750776475,0.039411612929260834
26.95,0.0389999999999997,-0.226530847639503,0.03941161292926078
26.9666666666667,0.0390000000000008,-0.224124094204407,0.039411612929260785
26.9833333333333,0.0389999999999997,-0.0597403892975187,0.03941161292926075
27.0,0.0390000000000008,-0.397857770042214,0.039411612929260736
27.0166666666667,0.0390000000000008,-0.224124094204407,0.03941161292926072
27.0333333333333,0.0390000000000008,-0.401267393351623,0.039411612929260806
27.05,0.0389999999999997,-0.0625971756800219,0.03941161292926099
27.0666666666667,0.0390000000000008,-0.231064883000754,0.03941161292926107
27.0833333333333,0.0390000000000008,-0.228659539236871,0.039411612929260924
27.1,0.0390000000000008,-0.228659539236871,0.03941161292926086
27.1166666666667,0.0390000000000008,-0.0584570288860071,0.03941161292926103
27.1333333333333,0.0390000000000008,-0.0571768344058654,0.039411612929261194
27.15,0.0390000000000008,-0.232126293133585,0.039411612929261215
27.1666666666667,0.0390000000000008,-0.239052532645014,0.03941161292926121
27.1833333333333,0.0390000000000008,-0.239052532645014,0.03941161292926124
27.2,0.0390000000000008,-0.0642219793166319,0.039411612929261264
27.2166666666667,0.0390000000000008,-0.0642219793166319,0.039411612929261264
27.2333333333333,0.0390000000000008,-0.234246069179802,0.039411612929261264
27.25,0.0389999999999997,-0.0764593491366021,0.039411612929261264
27.2666666666667,0.0390000000000008,-0.069028442781844,0.039411612929261194
27.2833333333333,0.0390000000000008,-0.242512023337435,0.039411612929261
27.3,0.0390000000000008,-0.234246069179802,0.03941161292926093
27.3166666666667,0.0390000000000008,-0.237705559872223,0.03941161292926107
27.3333333333333,0.0390000000000008,-0.0642219793166319,0.03941161292926121
27.35,0.0390000000000008,-0.069028442781844,0.039411612929261236
27.3666666666667,0.0390000000000008,-0.069028442781844,0.03941161292926122
27.3833333333333,0.0390000000000008,-0.0619832978710775,0.03941161292926125
27.4,0.0390000000000008,-0.0714337865457274,0.039411612929261264
27.4166666666667,0.0390000000000008,-0.0749526676363011,0.039411612929261264
27.4333333333333,0.0390000000000008,-0.241457876408897,0.039411612929261264
27.45,0.0390000000000008,-0.0749526676363011,0.03941161292926127
27.4666666666667,0.0390000000000008,-0.241457876408897,0.03941161292926127
27.4833333333333,0.0389999999999997,-0.243864629843993,0.03941161292926127
27.5,0.0389999999999997,-0.243864629843993,0.03941161292926121
27.5166666666667,0.0389999999999997,-0.413888719707168,0.03941161292926093
27.5333333333333,0.0390000000000008,0.0888479325810316,0.039411612929260584
27.55,0.0389999999999997,-0.236938390332565,0.03941161292926045
27.5666666666667,0.0389999999999997,-0.236938390332565,0.03941161292926059
27.5833333333333,0.0389999999999997,-0.0632691260849867,0.039411612929260625
27.6,0.0389999999999997,-0.233471636435851,0.03941161292926043
27.6166666666667,0.0389999999999997,-0.0667953950700571,0.039411612929260265
27.6333333333333,0.0389999999999997,-0.0632691260849867,0.03941161292926024
27.65,0.0389999999999997,-0.0632691260849867,0.03941161292926024
27.6666666666667,0.0390000000000008,0.0994193464768685,0.0394116129292602
27.6833333333333,0.0390000000000008,-0.238289377279492,0.03941161292926025
27.7,0.0390000000000008,-0.0645581301411603,0.03941161292926052
27.7166666666667,0.0390000000000008,0.0994193464768685,0.03941161292926087
27.7333333333333,0.0389999999999997,-0.0632691260849867,0.03941161292926107
27.75,0.0390000000000008,-0.0680868669286284,0.039411612929261056
27.7666666666667,0.0389999999999997,-0.0632691260849867,0.03941161292926089
27.7833333333333,0.0389999999999997,-0.0632691260849867,0.03941161292926079
27.8,0.0389999999999997,-0.236938390332565,0.039411612929260695
27.8166666666667,0.0389999999999997,-0.0632691260849867,0.039411612929260494
27.8333333333333,0.0390000000000008,0.0958930774917981,0.03941161292926032
27.85,0.0390000000000008,-0.238289377279492,0.039411612929260334
27.8666666666667,0.0390000000000008,-0.0680868669286284,0.03941161292926059
27.8833333333333,0.0390000000000008,-0.405082264320951,0.03941161292926091
27.9,0.0390000000000008,-0.0680868669286284,0.03941161292926108
27.9166666666667,0.0390000000000008,-0.237231187123135,0.03941161292926114
27.9333333333333,0.0390000000000008,-0.238289377279492,0.03941161292926118
27.95,0.0390000000000008,-0.0680868669286284,0.03941161292926122
27.9666666666667,0.0390000000000008,-0.238289377279492,0.039411612929261236
27.9833333333333,0.0390000000000008,-0.0755055039088504,0.03941161292926125
28.0,0.0390000000000008,-0.0610269229598103,0.03941161292926125
28.0166666666667,0.0390000000000008,-0.234820197231055,0.039411612929261264
28.0333333333333,0.0389999999999997,0.0993937028928528,0.039411612929261264
28.05,0.0390000000000008,-0.0645581301411603,0.0394116129292612
28.0666666666667,0.0390000000000008,-0.0720363238604129,0.039411612929261
28.0833333333333,0.0390000000000008,-0.0669691200332402,0.039411612929260924
28.1,0.0390000000000008,-0.237231187123135,0.03941161292926107
28.1166666666667,0.0390000000000008,-0.233759578375224,0.039411612929261215
28.1333333333333,0.0390000000000008,-0.231348588483144,0.039411612929261236
28.15,0.0390000000000008,-0.0610269229598103,0.03941161292926122
28.1666666666667,0.0390000000000008,-0.233759578375224,0.03941161292926125
28.1833333333333,0.0390000000000008,-0.0645581301411603,0.039411612929261264
28.2,0.0390000000000008,-0.0669691200332402,0.039411612929261264
28.2166666666667,0.0389999999999997,0.0958624957115028,0.039411612929261264
28.2333333333333,0.0390000000000008,-0.40408124389856,0.039411612929261194
28.25,0.0389999999999997,-0.0709279626304813,0.03941161292926099
28.2666666666667,0.0390000000000008,-0.0669691200332402,0.03941161292926085
28.2833333333333,0.0390000000000008,-0.233759578375224,0.0394116129292608
28.3,0.0390000000000008,-0.233759578375224,0.03941161292926086
28.3166666666667,0.0390000000000008,-0.233759578375224,0.03941161292926103
28.3333333333333,0.0390000000000008,-0.0669691200332402,0.03941161292926117
28.35,0.0389999999999997,-0.0623166372119137,0.03941161292926121
28.3666666666667,0.0390000000000008,-0.0599042326815415,0.039411612929261146
28.3833333333333,0.0390000000000008,-0.0669691200332402,0.03941161292926097
28.4,0.0389999999999997,-0.232697942906901,0.03941161292926091
28.4166666666667,0.0390000000000008,-0.233759578375224,0.039411612929260986
28.4333333333333,0.0390000000000008,-0.073292596774116,0.03941161292926093
28.45,0.0389999999999997,-0.406493648428933,0.039411612929260875
28.4666666666667,0.0390000000000008,-0.0669691200332402,0.039411612929260945
28.4833333333333,0.0389999999999997,-0.0658503173822623,0.03941161292926092
28.5,0.0389999999999997,-0.236171982905596,0.039411612929260806
28.5166666666667,0.0389999999999997,-0.0745519898241007,0.03941161292926067
28.5333333333333,0.0390000000000008,0.100562748919567,0.039411612929260494
28.55,0.0389999999999997,0.106463538821296,0.039411612929260396
28.5666666666667,0.0390000000000008,0.0970290687492181,0.039411612929260535
28.5833333333333,0.0389999999999997,-0.0658503173822623,0.03941161292926066
28.6,0.0389999999999997,-0.232697942906901,0.039411612929260695
28.6166666666667,0.0389999999999997,-0.232697942906901,0.0394116129292606
28.6333333333333,0.0389999999999997,-0.0623166372119137,0.03941161292926043
28.65,0.0390000000000008,-0.0599042326815415,0.03941161292926029
28.6666666666667,0.0389999999999997,-0.0658503173822623,0.039411612929260306
28.6833333333333,0.0389999999999997,-0.0623166372119137,0.0394116129292605
28.7,0.0389999999999997,-0.0623166372119137,0.03941161292926055
28.7166666666667,0.0389999999999997,-0.232697942906901,0.03941161292926039
28.7333333333333,0.0389999999999997,-0.236171982905596,0.039411612929260244
28.75,0.0389999999999997,-0.232697942906901,0.03941161292926022
28.7666666666667,0.0390000000000008,0.100562748919567,0.03941161292926022
28.7833333333333,0.0389999999999997,-0.232697942906901,0.039411612929260265
28.8,0.0389999999999997,-0.0623166372119137,0.03941161292926045
28.8166666666667,0.0389999999999997,-0.0623166372119137,0.03941161292926052
28.8333333333333,0.0390000000000008,-0.0671456951706702,0.039411612929260376
28.85,0.0390000000000008,-0.411322706387689,0.039411612929260306
28.8666666666667,0.0390000000000008,-0.237527000865658,0.039411612929260556
28.8833333333333,0.0390000000000008,-0.237527000865658,0.0394116129292609
28.9,0.0390000000000008,-0.234050527061285,0.03941161292926108
28.9166666666667,0.0389999999999997,-0.0587804814538195,0.03941161292926113
28.9333333333333,0.0389999999999997,-0.0623166372119137,0.039411612929261104
28.95,0.0390000000000008,-0.0671456951706702,0.039411612929260875
28.9666666666667,0.0390000000000008,-0.0671456951706702,0.03941161292926062
28.9833333333333,0.0390000000000008,-0.0671456951706702,0.039411612929260695
29.0,0.0390000000000008,-0.0660261953361761,0.039411612929260986
29.0166666666667,0.0390000000000008,-0.0565297907199216,0.03941161292926116
29.0333333333333,0.0390000000000008,-0.0565297907199216,0.03941161292926118
29.05,0.0390000000000008,-0.0695623510942703,0.0394116129292612
29.0666666666667,0.0390000000000008,-0.236467182984885,0.039411612929261236
29.0833333333333,0.0390000000000008,-0.0660261953361761,0.03941161292926126
29.1,0.0390000000000008,-0.234050527061285,0.03941161292926125
29.1166666666667,0.0390000000000008,-0.063609539412576,0.039411612929261264
29.1333333333333,0.0390000000000008,-0.0589464466435217,0.039411612929261264
29.15,0.0390000000000008,-0.0589464466435217,0.039411612929261264
29.1666666666667,0.0390000000000008,-0.0589464466435217,0.03941161292926127
29.1833333333333,0.0390000000000008,-0.229506923721643,0.03941161292926127
29.2,0.0390000000000008,-0.0589464466435217,0.039411612929261264
29.2166666666667,0.0390000000000008,-0.229506923721643,0.03941161292926128
29.2333333333333,0.0390000000000008,-0.0554028484932253,0.03941161292926128
29.25,0.0390000000000008,-0.238885258537222,0.03941161292926128
29.2666666666667,0.0390000000000008,-0.229506923721643,0.03941161292926128
29.2833333333333,0.0390000000000008,-0.0554028484932253,0.03941161292926128
29.3,0.0390000000000008,-0.0578209240455621,0.03941161292926128
29.3166666666667,0.0390000000000008,-0.0578209240455621,0.03941161292926128
29.3333333333333,0.0390000000000008,-0.0578209240455621,0.03941161292926128
29.35,0.0390000000000008,-0.0578209240455621,0.03941161292926128
29.3666666666667,0.0389999999999997,-0.0637840186282084,0.03941161292926128
29.3833333333333,0.0390000000000008,-0.23192499927398,0.0394116129292612
29.4,0.0390000000000008,-0.0578209240455621,0.039411612929261
29.4166666666667,0.0390000000000008,-0.228441208687402,0.03941161292926093
29.4333333333333,0.0390000000000008,-0.224954974039717,0.03941161292926107
29.45,0.0390000000000008,-0.0542748398760288,0.03941161292926121
29.4666666666667,0.0389999999999997,-0.060240420477912,0.039411612929261236
29.4833333333333,0.0389999999999997,-0.227374470472067,0.03941161292926115
29.5,0.0390000000000008,-0.224954974039717,0.03941161292926091
29.5166666666667,0.0389999999999997,-0.060240420477912,0.039411612929260646
29.5333333333333,0.0390000000000008,-0.228441208687402,0.039411612929260646
29.55,0.0390000000000008,-0.0578209240455621,0.03941161292926073
29.5666666666667,0.0389999999999997,-0.0566943363083787,0.03941161292926082
29.5833333333333,0.0389999999999997,-0.060240420477912,0.0394116129292609
29.6,0.0389999999999997,-0.0566943363083787,0.0394116129292608
29.6166666666667,0.0389999999999997,-0.227374470472067,0.039411612929260514
29.6333333333333,0.0389999999999997,-0.227374470472067,0.039411612929260306
29.65,0.0389999999999997,-0.0566943363083787,0.03941161292926028
29.6666666666667,0.0389999999999997,-0.223885789190417,0.03941161292926026
29.6833333333333,0.0389999999999997,-0.0566943363083787,0.039411612929260216
29.7,0.0390000000000008,-0.0615375968255904,0.039411612929260195
29.7166666666667,0.0390000000000008,-0.0544379599570298,0.039411612929260265
29.7333333333333,0.0390000000000008,-0.228729049707628,0.03941161292926053
29.75,0.0390000000000008,-0.0579890240197926,0.03941161292926087
29.7666666666667,0.0390000000000008,-0.0579890240197926,0.03941161292926107
29.7833333333333,0.0390000000000008,-0.0544379599570298,0.039411612929261125
29.8,0.0390000000000008,-0.228729049707628,0.03941161292926117
29.8166666666667,0.0390000000000008,-0.0568617265518093,0.039411612929261215
29.8333333333333,0.0390000000000008,-0.0544379599570298,0.039411612929261236
29.85,0.0390000000000008,-0.227661685810325,0.03941161292926124
29.8666666666667,0.0390000000000008,-0.0544379599570298,0.03941161292926125
29.8833333333333,0.0390000000000008,-0.0592869190464434,0.039411612929261264
29.9,0.0390000000000008,-0.0592869190464434,0.039411612929261264
29.9166666666667,0.0390000000000008,-0.055733361102336,0.03941161292926127
29.9333333333333,0.0390000000000008,-0.0568617265518093,0.03941161292926127
29.95,0.0390000000000008,-0.055733361102336,0.03941161292926127
29.9666666666667,0.0390000000000008,-0.055733361102336,0.03941161292926128
29.9833333333333,0.0390000000000008,-0.0521773066488123,0.03941161292926128
30.0,0.0390000000000008,-0.0450576976827612,0.03941161292926128
