time,input,output,simulated
-2.0,-0.0237336236456301,-0.0241582418090168,0.0
-1.98333333333333,-0.0233154216140633,-0.02374003977745,0.0
-1.96666666666667,-0.0228972195824966,-0.0233218377458833,0.0
-1.95,-0.0224790175509298,-0.0229036357143165,0.0
-1.93333333333333,-0.0220608155193609,-0.0224854336827477,0.0
-1.91666666666667,-0.0216426134877942,-0.0220672316511809,0.0
-1.9,-0.0212244114562274,-0.0216490296196142,0.0
-1.88333333333333,-0.0208062094246607,-0.0212308275880474,0.0
-1.86666666666667,-0.0203880073930939,-0.0208126255564807,0.0
-1.85,-0.0199698053615272,-0.0203944235249139,0.0
-1.83333333333333,-0.0195516033299604,-0.0199762214933472,0.0
-1.81666666666667,-0.0191334012983916,-0.0195580194617783,0.0
-1.8,-0.0187151992668248,-0.0191398174302115,0.0
-1.78333333333333,-0.0182969972352581,-0.0187216153986448,0.0
-1.76666666666667,-0.0178787952036913,-0.018303413367078,0.0
-1.75,-0.0174605931721246,-0.0178852113355113,0.0
-1.73333333333333,-0.0170423911405578,-0.0174670093039445,0.0
-1.71666666666667,-0.0166241891089911,-0.0170488072723778,0.0
-1.7,-0.0162059870774222,-0.0166306052408089,0.0
-1.68333333333333,-0.0157877850458554,-0.0162124032092422,0.0
-1.66666666666667,-0.0153695830142887,-0.0157942011776754,0.0
-1.65,-0.0149513809827219,-0.0153759991461087,0.0
-1.63333333333333,-0.0145331789511552,-0.0149577971145419,0.0
-1.61666666666667,-0.0141149769195884,-0.0145395950829752,0.0
-1.6,-0.0136967748880217,-0.0141213930514084,0.0
-1.58333333333333,-0.0132785728564528,-0.0137031910198395,0.0
-1.56666666666667,-0.012860370824886,-0.0132849889882728,0.0
-1.55,-0.0124421687933193,-0.012866786956706,0.0
-1.53333333333333,-0.0120239667617525,-0.0124485849251393,0.0
-1.51666666666667,-0.0116057647301858,-0.0120303828935725,0.0
-1.5,-0.011187562698619,-0.0116121808620058,0.0
-1.48333333333333,-0.0107693606670523,-0.011193978830439,0.0
-1.46666666666667,-0.0103511586354834,-0.0107757767988701,0.0
-1.45,-0.0099329566039166,-0.0103575747673034,0.0
-1.43333333333333,-0.0095147545723499,-0.0099393727357366,0.0
-1.41666666666667,-0.0090965525407831,-0.0095211707041698,0.0
-1.4,-0.0086783505092164,-0.0091029686726031,0.0
-1.38333333333333,-0.0082601484776496,-0.0086847666410363,0.0
-1.36666666666667,-0.0078419464460829,-0.0082665646094696,0.0
-1.35,-0.007423744414514,-0.0078483625779007,0.0
-1.33333333333333,-0.0070055423829472,-0.007430160546334,0.0
-1.31666666666667,-0.0065873403513805,-0.0070119585147672,0.0
-1.3,-0.0061691383198137,-0.0065937564832005,0.0
-1.28333333333333,-0.005750936288247,-0.0061755544516337,0.0
-1.26666666666667,-0.0053327342566802,-0.005757352420067,0.0
-1.25,-0.0049145322251135,-0.0053391503885002,0.0
-1.23333333333333,-0.0044963301935446,-0.0049209483569313,0.0
-1.21666666666667,-0.0040781281619779,-0.0045027463253646,0.0
-1.2,-0.0036599261304111,-0.0040845442937978,0.0
-1.18333333333333,-0.0032417240988444,-0.0036663422622311,0.0
-1.16666666666667,-0.0028235220672776,-0.0032481402306643,0.0
-1.15,-0.0024053200357109,-0.0028299381990976,0.0
-1.13333333333333,-0.0019871180041441,-0.0024117361675308,0.0
-1.11666666666667,-0.0015689159725752,-0.0019935341359619,0.0
-1.1,-0.0011507139410085,-0.0015753321043952,0.0
-1.08333333333333,-0.0007325119094417,-0.0011571300728284,0.0
-1.06666666666667,-0.000314309877875,-0.0007389280412617,0.0
-1.05,0.0001038921536917,-0.0003207260096949,2.327019841290205e-05
-1.03333333333333,0.0005220941852584,9.74760218717563e-05,0.00014172664999477437
-1.01666666666667,0.0009402962168252,0.0005156780534385,0.00035624472423901487
-1.0,0.0013584982483941,0.0009338800850073,0.0006483977720744176
-0.983333333333333,0.0017767002799608,0.0013520821165741,0.0009895019771161318
-0.966666666666667,0.0021949023115276,0.0017702841481408,0.001353757495312894
-0.95,0.0026131043430943,0.0021884861797076,0.0017244967166136001
-0.933333333333334,0.0030313063746611,0.0026066882112743,0.002096492755134882
-0.916666666666667,0.0034495084062278,0.0030248902428411,0.0024696534832056097
-0.9,0.0038677104377946,0.0034430922744078,0.0028444847501369525
-0.883333333333334,0.0042859124693635,0.0038612943059767,0.003221020776880177
-0.866666666666666,0.0047041145009302,0.0042794963375435,0.003599424192077752
-0.85,0.005122316532497,0.0046976983691102,0.0039793914107975285
-0.833333333333333,0.0055405185640637,0.005115900400677,0.004360371501290077
-0.816666666666666,0.0059587205956305,0.0055341024322437,0.0047419625148350415
-0.8,0.0063769226271972,0.0059523044638105,0.005123901179267986
-0.783333333333333,0.006795124658764,0.0063705064953772,0.0055061771153333185
-0.766666666666667,0.0072133266903328,0.0067887085269461,0.0058889651844321635
-0.75,0.0076315287218996,0.0072069105585129,0.006271937027645941
-0.733333333333333,0.0080497307534663,0.0076251125900796,0.006654929954963491
-0.716666666666667,0.0084679327850331,0.0080433146216464,0.0070380038688044695
-0.7,0.0088861348165998,0.0084615166532131,0.007421143285443632
-0.683333333333334,0.0093043368481666,0.0088797186847799,0.007804324775789106
-0.666666666666667,0.0097225388797333,0.0092979207163466,0.008187510289506622
-0.65,0.0101407409113023,0.0097161227479155,0.008570695803224636
-0.633333333333334,0.010558942942869,0.0101343247794823,0.008953881316942674
-0.616666666666666,0.0109771449744358,0.010552526811049,0.009337066830660646
-0.6,0.0113953470060025,0.0109707288426158,0.009720252344378455
-0.583333333333333,0.0118135490375693,0.0113889308741825,0.010103437858096124
-0.566666666666666,0.012231751069136,0.0118071329057493,0.010486623371813676
-0.55,0.0126499531007028,0.012225334937316,0.010869808885531202
-0.533333333333333,0.0130681551322716,0.0126435369688849,0.011252994399249183
-0.516666666666667,0.0134863571638384,0.0130617390004517,0.011636179912967207
-0.5,0.0139045591954051,0.0134799410320184,0.012019365426685151
-0.483333333333333,0.0143227612269719,0.0138981430635852,0.012402550940402953
-0.466666666666667,0.0147409632585386,0.0143163450951519,0.012785736454120608
-0.45,0.0151591652901054,0.0147345471267187,0.013168921967838169
-0.433333333333334,0.0155773673216721,0.0151527491582854,0.013552107481555685
-0.416666666666667,0.015995569353241,0.0155709511898543,0.013935292995273676
-0.4,0.0164137713848078,0.015989153221421,0.014318478508991712
-0.383333333333333,0.0168319734163745,0.0164073552529878,0.014701664022709665
-0.366666666666667,0.0172501754479413,0.0168255572845545,0.01508484953642748
-0.35,0.017668377479508,0.0172437593161213,0.01546803505014514
-0.333333333333333,0.0180865795110748,0.017661961347688,0.0158512205638627
-0.316666666666666,0.0185047815426415,0.0180801633792548,0.016234406077580213
-0.3,0.0189229835742104,0.0184983654108237,0.016617591591298206
-0.283333333333333,0.0193411856057772,0.0189165674423904,0.01700077710501624
-0.266666666666667,0.0197593876373439,0.0193347694739572,0.017383962618734195
-0.25,0.0201775896689107,0.0197529715055239,0.01776714813245201
-0.233333333333333,0.0205957917004774,0.0201711735370907,0.018150333646169668
-0.216666666666667,0.0210139937320442,0.0205893755686574,0.018533519159887234
-0.2,0.0214321957636109,0.0210075776002242,0.018916704673604748
-0.183333333333334,0.0218503977951798,0.0214257796317931,0.019299890187322737
-0.166666666666667,0.0222685998267465,0.0218439816633598,0.019683075701040754
-0.15,0.0226868018583133,0.0222621836949266,0.020066261214758706
-0.133333333333333,0.02310500388988,0.0226803857264933,0.020449446728476497
-0.116666666666667,0.0235232059214468,0.0230985877580601,0.020832632242194164
-0.0999999999999996,0.0239414079530135,0.0235167897896268,0.021215817755911713
-0.083333333333333,0.0243596099845803,0.0239349918211936,0.02159900326962924
-0.0666666666666664,0.0247778120161492,0.0243531938527624,0.02198218878334724
-0.0499999999999998,0.0251960140477159,0.0247713958843292,0.02236537429706527
-0.0333333333333332,0.0256142160792827,0.0251895979158959,0.022748559810783227
-0.0166666666666666,0.0260324181108494,0.0256077999474627,0.02313174532450103
0.0,0.0264506201424162,0.0260260019790294,0.023514930838218692
0.0166666666666666,0.0345971684818906,-0.229672052739859,0.025629143629725737
0.0333333333333332,0.0388834303432681,-0.229253850708292,0.028722484488859258
0.0499999999999998,0.039301632374837,-0.228835648676723,0.03159628170165825
0.0666666666666664,2.27343521166294,-0.228417446645157,0.534113039187194
0.083333333333333,13.9077876702389,1.08863065351146,3.6742523162128227
0.0999999999999996,15.9742013037214,8.2035929481571,7.366473228354629
0.116666666666666,16.6542325588466,12.6342309774466,10.670443003493489
0.133333333333334,16.9708555466104,14.5008122040503,13.026527359670137
0.15,17.1669620701977,15.4595303376189,14.385357622173967
0.166666666666667,17.3535232203339,16.2165011171797,15.002686898569078
0.183333333333334,17.4838316928232,16.7599557716842,15.287322507857612
0.2,17.6703304548977,16.7721427447643,15.502122001453381
0.216666666666667,17.660975881371,16.7725609467958,15.677916496735744
0.233333333333333,17.4656719450879,16.9628741170723,15.77022850302749
0.25,17.6422863673608,17.1145401235739,15.873345227356314
0.266666666666667,17.3173906879702,17.3046332950597,15.884978058699225
0.283333333333333,17.3371168153693,17.1034713032323,15.873973593893947
0.3,17.3278778212422,17.1157947296686,15.854336886552613
0.316666666666666,17.132751647538,16.3987770287889,15.798077195689281
0.333333333333333,17.0853236702734,16.5270584248243,15.73957080292447
0.35,16.8717138145088,16.3145001535536,15.657633744584334
0.366666666666666,16.8532002572453,16.3033647577134,15.577844272842865
0.383333333333334,16.8252681555566,16.2807044114022,15.50783419245999
0.4,17.001275179071,16.0959526907672,15.50435834613135
0.416666666666667,16.9732337715618,16.2240110031156,15.518435100174443
0.433333333333334,16.8076540423933,16.0625144354291,15.50197337070454
0.45,16.8080722444249,15.5113293288972,15.47642604576229
0.466666666666667,16.503455151245,15.3000684013558,15.380547112001477
0.483333333333333,17.5509025628575,15.3004866033874,15.519686042967933
0.5,17.8951613602721,15.8522808193995,15.771466543253124
0.516666666666667,17.5808423449448,16.0760209087723,15.950275616257048
0.533333333333333,17.5715529419555,16.0878639933832,16.060736256545024
0.55,17.5719711439871,16.0882821954148,16.104206542291745
0.566666666666666,17.5820969510395,16.1001347110829,16.10472573370705
0.583333333333333,17.5825151530711,16.2741978616426,16.093608977954652
0.6,17.5926474477964,16.100971115146,16.092879426929912
0.616666666666667,17.5833515571342,16.1013893171776,16.096459516133656
0.633333333333333,17.2224419643843,15.9237071779584,16.01896731197583
0.65,17.2132700174886,15.92412537999,15.933839182088253
0.666666666666667,17.1753916086662,15.7235462735765,15.85320822535343
0.683333333333334,17.1662516221911,15.701399348518,15.79382220949179
0.7,17.0183020024246,15.8799553890761,15.725986899287683
0.716666666666667,16.9997281602358,15.8803735911076,15.67236173176127
0.733333333333333,16.51014638375,15.6576352791212,15.523202464914911
0.75,16.3254765775134,15.3071778358925,15.340534663365581
0.766666666666667,15.992830834961,15.1070956692039,15.109377752288808
0.783333333333333,15.9932490369926,14.9461961500671,14.92124199673668
0.8,15.9845134122118,14.7245036640282,14.791605996244991
0.816666666666666,15.9849316142434,14.5246690468756,14.721377217564452
0.833333333333333,15.9945036430873,14.5250872489071,14.692648221761438
0.85,16.3094562140916,14.7149252043616,14.754698524363054
0.866666666666667,16.4762110393251,14.7153434063932,14.863867511675277
0.883333333333333,16.2917877187789,14.8658894372668,14.92291393575112
0.9,11.5325367144315,14.8663076392983,13.884071719399385
0.916666666666667,9.69864159403619,12.6548705699822,12.33937340105334
0.933333333333334,8.8204775503653,9.70398892118279,10.7285981746749
0.95,8.68217223991753,8.60392243307399,9.469570236284751
0.966666666666667,8.6825904419491,8.20416438414543,8.689607208783928
0.983333333333333,8.3130792773691,7.65434024110682,8.245180226446244
1.0,8.30031928150903,7.45467031765832,8.025949346184294
1.01666666666667,8.30073748354059,7.30502242557983,7.905014258913374
1.03333333333333,8.1625245436388,7.10535250213133,7.79395635661148
1.05,8.17602857301604,7.1057707041629,7.709440552171707
1.06666666666667,7.99148209174182,7.10618890619447,7.602473489716628
1.08333333333333,7.97246276519078,6.90651898274597,7.505098826742576
1.1,7.79451430660942,6.74932508373294,7.390017145051996
1.11666666666667,7.78211009002026,6.89214625662251,7.296354387887008
1.13333333333333,7.62492587535692,6.74262168181581,7.195530164780615
1.15,7.54759884088017,6.33582308671859,7.101022267094335
1.16666666666667,7.54170729575944,6.31416938737485,7.02369913487567
1.18333333333333,7.39774044370641,6.49933519432833,6.941050996412419
1.2,7.40441840507854,6.48492965845735,6.8809098969777605
1.21666666666667,7.39857684776955,6.27144276162536,6.8391297875241746
1.23333333333333,7.21488906096524,6.27186096365693,6.772833551422129
1.25,7.22150595151454,6.26496994818896,6.716372206295091
1.26666666666667,7.0377570938874,6.27269736772006,6.633300193243898
1.28333333333333,7.03817529591896,6.06678216782832,6.563330401918414
1.3,7.03859349795053,6.06720036985989,6.512286796793578
1.31666666666667,8.2360975877637,6.06761857189146,6.750824221279515
1.33333333333333,16.5240334744372,6.81437746551216,8.878401710852845
1.35,17.8959638276669,11.0348033902491,11.400534552088896
1.36666666666667,18.0344615213254,14.1896551407889,13.59764725131935
1.38333333333333,18.06425901257,15.8712324628884,15.100995873971323
1.4,18.2292515844065,16.4304298167991,15.934536772389267
1.41666666666667,18.2296697864381,16.5801772369605,16.254882758428074
1.43333333333333,18.3845485268094,16.580595438992,16.39126420596921
1.45,18.404764509155,17.1783305135428,16.487185512021746
1.46666666666667,18.3656133759895,16.7689323029532,16.567344681639057
1.48333333333333,18.3561556188372,17.1673988738323,16.627302914367597
1.5,18.1727725796099,17.1560586550699,16.63812509705487
1.51666666666667,18.3569920229003,17.1447280474887,16.67710289181916
1.53333333333333,18.3672861841157,17.2942923779917,16.714079752982794
1.55,18.3380961126285,17.1338252413409,16.741500791394838
1.56666666666667,18.4367055757034,17.4465229393943,16.783072259766396
1.58333333333333,18.4371237777349,17.6335544709251,16.820346442458252
1.6,18.6309217866909,17.6458962850276,16.89828726807758
1.61666666666667,18.6114606895164,17.7712582780388,16.95952201747746
1.63333333333333,18.4285026058854,17.9821070180027,16.960748337126724
1.65,18.45856773246,17.97046973911,16.949885368511413
1.66666666666667,18.3016371329497,17.6356454810829,16.897481172709682
1.68333333333333,18.3513046208723,17.7849056578215,16.857036296704734
1.7,17.846436687787,17.785323859853,16.717020955405722
1.71666666666667,17.8468548898186,17.6488236992486,16.585274265352954
1.73333333333333,17.856975235849,17.45070495971,16.482525051786617
1.75,17.6735921966217,17.4511231617416,16.377558835838688
1.76666666666667,17.3523582264504,17.4871273304854,16.23076080017986
1.78333333333333,17.352776428482,17.4756738556953,16.10872820225913
1.8,17.36273581142,17.1400982718144,16.019865779634415
1.81666666666667,17.3727015158867,17.1287868512769,15.96756476916223
1.83333333333333,17.3826735481668,17.1409346758775,15.946463112661696
1.85,17.3639904175147,17.1413528779091,15.938747030388223
1.86666666666667,17.171066197381,17.1417710799407,15.891316368729465
1.88333333333333,16.8685860213699,17.1421892819722,15.772319387679826
1.9,18.6882628418292,17.1426074840038,16.063382889621074
1.91666666666667,18.8624455844311,17.8387566115036,16.445450660116485
1.93333333333333,18.6890992458924,18.5722826720643,16.760899556824935
1.95,18.4958011629547,18.5727008740958,16.928389965494127
1.96666666666667,18.1746736426392,18.5485129667879,16.912375617967445
1.98333333333333,17.991351431901,18.3503942272493,16.77723637384081
2.0,17.8248963848995,18.226232071709,16.60101414151227
2.01666666666667,17.1369714545489,18.0037909835646,16.31311479436235
2.03333333333333,15.8246291342638,17.6567695378484,15.775884593047289
2.05,16.6144647020453,16.901054254274,15.463655015805676
2.06666666666667,16.9358974322772,17.038643269111,15.356272274567774
2.08333333333333,15.7988383816306,17.4358115851586,15.118005457430757
2.1,15.9368797093384,16.6923233234101,14.94772711952407
2.11666666666667,16.9465341663291,16.1359122643614,15.043262188478305
2.13333333333333,17.313947370164,16.8915347844812,15.271156652005857
2.15,17.1308680712939,17.0290726300098,15.46469909011189
2.16666666666667,17.4524068999033,17.6243734730982,15.684056655779694
2.18333333333333,17.3056985930129,17.6247916751297,15.801665725808387
2.2,17.2966196895674,17.6252098771613,15.84174252836342
2.21666666666667,17.1042313195945,17.6256280791929,15.800497023021917
2.23333333333333,16.9307035223054,17.6141518006102,15.711531742246219
2.25,16.9217519855799,17.4045524842369,15.624312806760564
2.26666666666667,16.7940077121215,17.2068379617133,15.531383220504605
2.28333333333333,16.601785848007,17.2072561637449,15.422161166278531
2.3,15.9057392707698,16.9862847454619,15.180742605295313
2.31666666666667,16.5933645870382,16.2938027036487,15.111691487252948
2.33333333333333,15.9065756748329,16.6406710276026,14.948201274495803
2.35,17.7660771605983,16.2833066494683,15.230640381361972
2.36666666666667,18.6104267282275,17.1625490107717,15.7637151576794
2.38333333333333,18.9115031583275,18.1025672497938,16.349870419326827
2.4,18.7745706091192,18.4491538865061,16.77404638515152
2.41666666666667,18.765024800892,18.8080894964591,17.022472982784414
2.43333333333333,18.6120995363538,18.9939692593533,17.08629726035119
2.45,18.1085658546117,19.1921979954881,16.956278166263886
2.46666666666667,17.7593726982358,18.6486372287357,16.724828876556828
2.48333333333333,17.7887056053643,18.4390466318063,16.52925947177292
2.5,17.2851719236222,18.2538525645922,16.2828734274737
2.51666666666667,17.2855901256538,18.1059128660463,16.095560668402925
2.53333333333333,17.7610455063621,17.5623520992939,16.08049841203998
2.55,17.7614637083937,17.5627703013255,16.127928680319325
2.56666666666667,17.2489689868851,17.7115464039345,16.07805783087326
2.58333333333333,17.2493871889167,17.5517701683191,16.00967181363382
2.6,17.2498053909482,17.3427116178612,15.933606971652381
2.61666666666667,17.2407702582268,17.3431298198928,15.869893867900212
2.63333333333333,17.3784034281794,17.3318109587287,15.862163695291557
2.65,17.2321595557874,17.5061928719466,15.847454935804205
2.66666666666667,17.232577757819,17.5302169408702,15.835902741112896
2.68333333333333,17.2235550754454,17.3096200094213,15.819940387251224
2.7,17.2051101503867,17.3100382114529,15.801698024424311
2.71666666666667,17.3615160742673,17.3104564134845,15.821674161126955
2.73333333333333,18.0475572500925,17.1018368917724,16.003008611641906
2.75,18.211283253937,17.4851344946304,16.23002050888701
2.76666666666667,18.2117014559686,17.6453286188353,16.426216034424485
2.78333333333333,18.3491539985623,17.8311570250253,16.590931216731416
2.8,18.0298254059489,17.8196658823881,16.623347031181893
2.81666666666667,18.0496482602503,17.8200840844197,16.60408352912394
2.83333333333333,18.030661810012,17.6233329998922,16.56277124400331
2.85,18.0310800120436,17.6237512019237,16.53119192270531
2.86666666666667,18.214210668158,17.4270001173963,16.55593298317286
2.88333333333333,18.0319164161067,17.6245876059869,16.55572072402444
2.9,18.2052942118334,17.6250058080184,16.591075410829525
2.91666666666667,18.0327528201699,17.62542401005,16.58452409849352
2.93333333333333,18.0234782718931,17.4286729255225,16.566315857825828
2.95,17.8412441299213,17.4290911275541,16.503902276439675
2.96666666666667,17.7046730739503,17.4295093295857,16.413632521429697
2.98333333333333,17.7146788336512,17.0848812801389,16.33658184597136
3.0,17.7150970356827,17.0852994821705,16.284407676122953
3.01666666666667,17.5518765038471,17.0857176842021,16.21936302296419
3.03333333333333,17.369461912867,16.8889665996746,16.128530643608265
3.05,17.2327555201399,16.9009144860583,16.018781711526522
3.06666666666667,17.2331737221714,16.7533957768048,15.926426745334147
3.08333333333333,17.233591924203,16.9017508901215,15.862188278946231
3.1,17.2340101262346,16.754232180868,15.827151837650769
3.11666666666667,17.2344283282661,16.2234741008624,15.812557528454171
3.13333333333333,17.7376367110797,16.0265630945304,15.920529846622886
3.15,17.7380549131113,16.3723074111982,16.038061305048526
3.16666666666667,17.7384731151429,16.7673840299569,16.13813888924247
3.18333333333333,17.3732257311511,16.9273475371916,16.121257928806788
3.2,17.236519338424,16.5708912256565,16.035088935215164
3.21666666666667,17.2463784248607,16.039842241607,15.938402827231922
3.23333333333333,16.8716901564638,16.2264015150834,15.78034600853467
3.25,16.552150970725,16.2268197171149,15.578911201495593
3.26666666666667,16.0497789919746,16.0299087107829,15.300622835001551
3.28333333333333,16.5529873747882,15.2794632903646,15.17688567705271
3.3,16.5534055768197,15.6360866981189,15.12799397636081
3.31666666666667,16.5354119227441,15.8227350358063,15.130242988171975
3.33333333333333,15.6857862140775,15.477967111506,14.961004325670201
3.35,16.1889945968911,14.9466890749412,14.888085454711252
3.36666666666667,14.5439176618179,14.7391189591439,14.469197642306225
3.38333333333333,14.5528883715722,13.9998526047501,14.062603370045238
3.4,14.5618647179314,12.9352465151872,13.738770433700644
3.41666666666667,14.6994978878839,13.1230667057045,13.567845833569029
3.43333333333333,14.5627011219945,13.1234849077361,13.466627008936591
3.45,14.5716831105328,13.1339103878703,13.4313544124213
3.46666666666667,14.5721013125643,12.0183424521927,13.41694659549678
3.48333333333333,14.5725195145959,11.8515865591089,13.404873063912
3.5,14.5729377166275,11.4758625165405,13.390858651706942
3.51666666666667,14.4073661055563,11.3373928687903,13.344192264904448
3.53333333333333,13.8958162535368,11.3378110708219,13.181944268674984
3.55,16.6058145294583,10.9520658561135,13.62727846027338
3.56666666666667,17.2929864876896,11.6845346800133,14.297771468430366
3.58333333333333,17.8259579039745,12.2381482361538,15.048637737205144
3.6,17.6526571601286,12.7922115773097,15.598201699984086
3.61666666666667,17.8364516478228,12.654106810221,15.968583712542644
3.63333333333333,17.6630966979596,10.8240334154293,16.104678382497777
3.65,17.4800780267338,6.64144796663412,16.091372960763024
3.66666666666667,17.5187295541226,6.03315915965436,16.050424213484686
3.68333333333333,17.381388037757,6.06221835736245,15.98882962036972
3.7,17.3818062397886,5.51038061041515,15.942222152404723
3.71666666666667,17.3917529984897,5.17073079984033,15.92080315647634
3.73333333333333,17.2179048249165,5.17796005178576,15.878875339446092
3.75,17.2278033390768,5.17837825381733,15.843807490011136
3.76666666666667,16.9064628485445,12.3300278476089,15.744421481532349
3.78333333333333,16.7323380338256,11.9927436810202,15.611062330387359
3.8,16.7420815055734,11.7946249414816,15.497250320162959
3.81666666666667,16.7611688009057,11.6248533138881,15.42566192425479
3.83333333333333,16.5867637791722,11.8240517803392,15.34937871592063
3.85,16.5871819812038,10.9391389361082,15.294565954578287
3.86666666666667,16.5968891088252,8.90958097305138,15.259291925111686
3.88333333333333,16.5973073108568,9.65603471734353,15.238167382983697
3.9,16.4780589835714,9.47468686943349,15.199973989006086
3.91666666666667,14.9663417783297,11.0129877558488,14.828127343044706
3.93333333333333,6.9848438410796,7.30442748470711,12.653192994258372
3.95,3.08224359032888,5.46594111589618,9.549686193843186
3.96666666666667,1.22892110990906,4.0379273028614,6.3725053429425715
3.98333333333333,0.411258850285781,2.9002936565662,3.787584951892075
4.0,0.734719514218413,2.35334445859922,2.2087026441146964
4.01666666666667,0.416024610749301,2.01668253908876,1.3794091601773573
4.03333333333333,0.231785724072217,1.46928841139866,0.9892041517550638
4.05,0.232203926103784,1.27582755040368,0.7999506042630078
4.06666666666667,0.236492662151176,1.07171584839149,0.6750493848132217
4.08333333333333,0.240783974577601,0.728628888526154,0.5790992824106767
4.1,0.0602363433785094,0.729047090557721,0.45698835123558645
4.11666666666667,0.0606545454100782,0.734572127989948,0.34739214882041475
4.13333333333333,0.061072747441645,0.750335793606544,0.26134026574566066
4.15,0.0691269146066865,0.346576958154318,0.2033037868920747
4.16666666666667,0.0733669163848205,0.351951961289047,0.17145548460282561
4.18333333333333,0.0737851184163873,0.557022446866205,0.15411066876272955
4.2,0.0780276683745392,0.35278836535218,0.13788902143552773
4.21666666666667,0.259647847716696,0.353206567383747,0.1679820162192448
4.23333333333333,0.0788640724376748,0.363550493573712,0.1655500343468569
4.25,0.0831091731251909,0.209235228976009,0.1558262451890189
4.26666666666667,0.268677107596879,0.369355830577591,0.18269403550482582
4.28333333333333,0.0877750291263801,0.224795156441933,0.17226258784928297
4.3,0.0881932311579469,0.2252133584735,0.1572009648160737
4.31666666666667,0.273822930983474,0.225631560505067,0.18384438709817927
4.33333333333333,0.278134947368395,0.240809366126995,0.218102508496975
4.35,0.100951538338069,0.236303683202151,0.20945479290611668
4.36666666666667,0.101369740369636,0.241645770190131,0.19032890363864832
4.38333333333333,0.101787942401203,0.242063972221698,0.1677363964740812
4.4,0.109888091854189,0.252342020074934,0.15205150595786726
4.41666666666667,0.303643527828064,0.2527602221065,0.1884907495545074
4.43333333333333,0.110724495917322,0.258114394879482,0.1913618029118989
4.45,0.114987523378466,0.263472606137088,0.1897892532188779
4.46666666666667,0.11925312208666,0.263890808168657,0.18045509307492383
4.48333333333333,0.309228402756631,0.27915331840978,0.2142538650510025
4.5,0.135504876981991,0.279571520441347,0.21397187177130378
4.51666666666667,-0.0034971558816543,0.284945935301798,0.17852592406493017
4.53333333333333,0.136341281045124,0.290324413519771,0.16873009391049973
4.55,0.140619774760222,0.290742615551338,0.1662246583026637
4.56666666666667,0.144900855255281,0.291160817582907,0.17093639405245997
4.58333333333333,0.145319057286848,0.301511782064338,0.17997883716479637
4.6,0.153470786992643,0.306902480382143,0.19052364637379215
4.61666666666667,0.161632895075326,0.30732068241371,0.19884961536102358
4.63333333333333,0.0146999799772431,0.307738884445276,0.1716556517958686
4.65,0.0227684117770508,0.323099095890378,0.1420459982953498
4.66666666666667,0.0270155799565643,0.323517297921945,0.11757538118944444
4.68333333333333,0.027433781988131,0.328924360077185,0.1039800767326694
4.7,0.171478210566828,0.132755138939764,0.13297686470551484
4.71666666666667,0.0359358338087993,0.133173340971331,0.1366000512796556
4.73333333333333,0.183965617154692,0.138505676393077,0.1685041315346567
4.75,0.0521344678830935,0.355603123961814,0.16809087877808643
4.76666666666667,0.196476540289956,0.159039118452808,0.1918851544333951
4.78333333333333,0.387623474953666,0.36145308577782,0.2587173596630922
4.8,0.0610856978711844,0.169748414343211,0.2531609395931983
4.81666666666667,0.205527259031732,0.170166616374778,0.25715693304734155
4.83333333333333,0.069629092939558,0.377773190184953,0.22948789681292664
4.85,0.0739046846886005,0.175945577158551,0.20393849002658254
4.86666666666667,0.0859106642467971,0.181310416508913,0.18111907522815507
4.88333333333333,0.0863288662783638,0.191634155203003,0.17245946571638662
4.9,0.0944852866393724,0.192052357234569,0.1713761576199425
4.91666666666667,0.0871652703414995,0.202392479096331,0.17525334079140045
4.93333333333333,0.103070360325336,0.207777797437743,0.18473574786791858
4.95,0.0996129198109237,0.213167226836146,0.19597031977762355
4.96666666666667,0.111665906492389,0.218560772397456,0.20850033120625439
4.98333333333333,0.112084108523956,0.228942030443206,0.22012296858834204
5.0,0.11638581542471,0.0311799703702839,0.23420234437197723
5.01666666666667,0.124578908134173,0.234766157244977,0.24531433153273058
5.03333333333333,0.128888501307283,0.240176218686522,0.26094230563873805
5.05,0.12930670333885,0.0422538656170701,0.2819178302878217
5.06666666666667,0.141414894078246,0.0475878251679632,0.29768824616075346
5.08333333333333,0.145735039703747,0.256431274565774,0.3053690607909544
5.1,0.146153241735313,0.256849476597341,0.3105341280593711
5.11666666666667,0.150476032180676,0.262276136293648,0.3145337112436499
5.13333333333333,0.150894234212242,0.262694338325215,0.3171585364007061
5.15,0.15521967216746,0.0693827369509783,0.31924759936558145
5.16666666666667,0.155637874199027,0.0747371577730746,0.3209858979276885
5.18333333333333,0.159965962357725,0.278999313181451,0.3225122415778847
5.2,0.160384164389291,0.279417515213018,0.32409703006475715
5.21666666666667,0.176468466964934,0.0809320902406085,0.32852191319466373
5.23333333333333,0.176886668996501,0.0912432882901136,0.3337748545863362
5.25,0.173384357077474,0.0916614903216804,0.3421272758094732
5.26666666666667,-0.0031011461084993,0.0970323722824176,0.30523392272512645
5.28333333333333,0.182064452768397,0.107368323787178,0.30513068283045786
5.3,0.190337012200482,0.107786525818745,0.3179629005366734
5.31666666666667,0.186826700950984,0.11813903127633,0.33339252829011334
5.33333333333333,0.202974998325508,0.113588009761496,0.35205547711559176
5.35,0.0144631415091396,0.123948807742026,0.3236503225934715
5.36666666666667,0.0148813435407064,0.124367009773593,0.2854059461070168
5.38333333333333,0.0152995455722753,0.134744423979699,0.24956121443630658
5.4,0.0234701935067157,0.135162626011265,0.22745333784246616
5.41666666666667,0.0277685797059959,0.135580828042832,0.21807180601387788
5.43333333333333,0.0320696103156394,0.145974900163296,0.21756169157042995
5.45,0.0286049837691294,0.151387297023091,0.21965694434272912
5.46666666666667,0.218146317346896,0.156803874058049,0.2636372679045115
5.48333333333333,0.0410978176182198,0.157222076089616,0.2688422708819312
5.5,0.234787974188666,0.157640278121185,0.3060998763484464
5.51666666666667,0.0536145242968345,0.163061040581755,0.2978059804991641
5.53333333333333,0.0501366350610908,0.173496940793974,0.27984643799900843
5.55,0.054450928359968,0.18394964593431,0.25940527403300506
5.56666666666667,0.0548691303915348,0.184367847965876,0.24467371559715023
5.58333333333333,0.248761257162037,0.189809616619792,0.27913635490466804
5.6,0.059604286413213,0.195255602387402,0.27868206820141234
5.61666666666667,0.0639239038210263,0.190646020682928,0.27127333810984317
5.63333333333333,0.0799744561943306,0.196092006450538,0.26241643093054046
5.65,0.0803926582258974,0.206578448553844,0.25358209491242745
5.66666666666667,0.0808108602574642,0.212037117572741,0.24648244921839332
5.68333333333333,0.0851438357813372,0.212455319604308,0.24555973511032625
5.7,0.0894794911601551,0.228020374501731,0.24780209999087818
5.71666666666667,0.0898976931917218,0.223385378241301,0.24938885597116886
5.73333333333333,0.094236031178167,0.23391423134559,0.2508207467239132
5.75,0.102502563971956,0.234332433377157,0.25261887372654757
5.76666666666667,0.102920766003523,0.239812348053456,0.25271687180306474
5.78333333333333,0.111198062354399,0.240230550085023,0.25382708366740175
5.8,0.111616264385966,0.250784978544607,0.25484882695876376
5.81666666666667,0.115968056832982,0.0912531529094622,0.25575775708321347
5.83333333333333,0.124261540084067,0.25162138260774,0.2571079662846708
5.85,0.120740750514702,0.102103710690441,0.2556652133684768
5.86666666666667,0.132984044432081,0.11255297176865,0.25367186053373814
5.88333333333333,-0.0096092807421513,0.117993056204967,0.22208286352923662
5.9,0.133820448495214,0.118411258236534,0.2209662998790262
5.91666666666667,0.142135592187205,0.128885957685878,0.2288729684897802
5.93333333333333,-0.0044566945883872,0.289742367475922,0.20982072028171947
5.95,0.0037655084166957,0.129722361749011,0.18933518648001796
5.96666666666667,0.147342741616659,0.13014056378058,0.2017804320227036
5.98333333333333,0.008507938925149,0.150722841987928,0.1898384145129467
6.0,0.0206603573920653,0.306741966656896,0.17918769677905075
6.01666666666667,0.0249953531978129,0.312277752865545,0.17219769271530078
6.03333333333333,0.0214967614551988,0.162085113402063,0.16802360613180362
6.05,0.165271140573822,0.318236077183893,0.19715283947321535
6.06666666666667,0.0340916459973691,0.162921517465196,0.20025396990435415
6.08333333333333,0.170073709761233,-0.0393317088569994,0.23024793881075148
6.1,0.0310058559185677,-0.0289563439581222,0.2272071886149239
6.11666666666667,0.0353462520920715,0.179369777873449,0.21471727244003266
6.13333333333333,0.187220332697883,-0.0281199398949887,0.23507037161776612
6.15,0.0440351603565063,0.190356786076898,0.2290173794831636
6.16666666666667,0.0562524505113032,-0.012316073639451,0.2247813846404553
6.18333333333333,0.0606091149707723,-0.0069002378760153,0.22153719818006362
6.2,0.0610273170023412,-0.0064820358444464,0.22124032473858846
6.21666666666667,0.0653867026809067,-0.0060638338128796,0.2233053620736038
6.23333333333333,0.0697488123998212,0.217899881179694,0.23033578402025645
6.25,0.0820151100065942,0.0198245801415453,0.24204440989564724
6.26666666666667,0.082433312038161,0.0202427821731121,0.2524248754124964
6.28333333333333,0.0828515140697277,0.234477781579806,0.2642036461592807
6.3,0.0951424299799584,0.240012455538754,0.2810009725654826
6.31666666666667,0.091600320616876,0.0365798631648545,0.29275130215965806
6.33333333333333,0.0920185226484428,0.0369980651964212,0.2958669949880621
6.35,0.100360091368029,0.0474927037161322,0.2991661759662966
6.36666666666667,0.100778293399596,0.0630578503096757,0.30159719489718495
6.38333333333333,0.113102153249854,0.0634760523412424,0.3061492419227245
6.4,0.117494414735753,0.0689518685982868,0.3112553771784917
6.41666666666667,0.125869013153266,0.0794982813767298,0.31648781240168145
6.43333333333333,0.122307636454817,0.0748502124683313,0.32027748166548586
6.45,0.126705417216402,0.0854052930740238,0.323870936903878
6.46666666666667,0.135091071440229,0.101061393927516,0.3271711182036281
6.48333333333333,0.135509273471796,0.101479595959083,0.3299127003004524
6.5,0.14390600656184,0.10189779799065,0.33441314287184176
6.51666666666667,0.148317635921243,-0.0977300776866507,0.3395577242735299
6.53333333333333,0.156731030688392,0.10782221226682,0.3446057880521961
6.55,-0.0360543234233354,0.12353065528025,0.3132915589198647
6.56666666666667,-0.228839677535065,0.118847736303994,0.2784543537109575
6.58333333333333,-0.0352179193602019,0.129472561879057,0.24771412457049904
6.6,0.162405610027591,-0.0705633414959351,0.26362032304151883
6.61666666666667,-0.0146815112218263,0.140533138197174,0.25513887825605897
6.63333333333333,-0.0142633091902596,0.140951340228741,0.24537938961481984
6.65,-0.199621201581123,-0.0592482393367383,0.23334841061554565
6.66666666666667,0.184129139138064,0.162288916281872,0.2637690498011701
6.68333333333333,0.188565878796292,0.167843450221891,0.2999753239649331
6.7,-0.0007375006427317,-0.0428703865390283,0.29269435867799626
6.71666666666667,0.0115585453911635,-0.0323482862407765,0.27481654786958454
6.73333333333333,0.205922711232672,-0.0268715980628798,0.2952848611768809
6.75,0.012394949454297,-0.0213905443543048,0.27903224189316833
6.76666666666667,0.0207455547420146,-0.0209723423227381,0.2644295006585918
6.78333333333333,0.0211637567735835,-0.0205541402911692,0.2507241771912781
6.8,0.0215819588051502,-0.015068715398224,0.23953163915818365
6.81666666666667,-0.168178906538368,-0.0045029314271609,0.22820184556162496
6.83333333333333,0.0343377867549542,-0.0040847293955941,0.22790833391637913
6.85,-0.164192307074723,0.0018356228230636,0.22348286301910983
6.86666666666667,0.236721200950237,0.201608506793765,0.27387480103236267
6.88333333333333,0.0295537166738448,0.0035188725155087,0.28006525349071093
6.9,0.0419750773723862,0.207624505023013,0.2772481302567293
6.91666666666667,-0.161623642958779,0.0001041190238836,0.25688312004790514
6.93333333333333,-0.165884988388261,0.0009451706401627,0.2353535269080025
6.95,-0.1662252418855,0.0017873205582326,0.21707085611304391
6.96666666666667,0.239775287427972,0.216445982228312,0.2622569329301119
6.98333333333333,0.0316535735250149,0.0094449459704023,0.2688001377413557
7.0,0.235200464898176,0.208985134698941,0.3115865844158024
7.01666666666667,0.0401643929766756,0.208985134698941,0.3064893265016612
7.03333333333333,-0.164335116551823,0.0068633888972392,0.2817950411976262
7.05,-0.160388592086964,0.0120013276455815,0.25001431528813095
7.06666666666667,0.0430705176839602,0.222999707983718,0.2358021931147985
7.08333333333333,-0.161066662501122,0.0085642829164051,0.22331099959259276
7.1,-0.165704689315115,0.0154254867313703,0.21675833209869882
7.11666666666667,0.0383285410512109,0.220661409568375,0.22190741211291318
7.13333333333333,0.0298756788207761,0.217373386634438,0.2268663430157128
7.15,0.0338361159929448,0.0520659506759131,0.2308413090849477
7.16666666666667,0.0335679408076629,0.213141982908181,0.2326816285510352
7.18333333333333,0.0332992396667819,0.229611714665678,0.23376438157798607
7.2,0.0327602557032776,0.226319708317259,0.23356377297191197
7.21666666666667,0.0324899709682469,0.222075000003036,0.23316932799416495
7.23333333333333,0.0361991953473925,0.0623864639155009,0.23448472160032752
7.25,-0.169169495031618,-0.141838809192933,0.2268381865587094
7.26666666666667,-0.169169495031618,-0.131572814708183,0.21945078529782713
7.28333333333333,0.0314035246026322,0.0752985164648976,0.21937291187628205
7.3,-0.170220436143919,-0.134305233774863,0.21564818623869472
7.31666666666667,0.0305830900079449,0.0676529103102297,0.22090561985366813
7.33333333333333,0.0303085400058755,0.234888395752782,0.22628848098124793
7.35,0.0300334524783047,0.0694175709935472,0.2304266189747857
7.36666666666667,0.235699553563194,0.280245977817354,0.27771818379177027
7.38333333333333,0.0254762052616115,0.232524292894158,0.2802168401414344
7.4,-0.16832728081687,-0.129470151904842,0.26568090964620905
7.41666666666667,-0.181436327045756,-0.127037790721911,0.24285705289764958
7.43333333333333,0.0819101331564568,0.0790344719515318,0.24068955016505608
7.45,0.0816521279709377,0.0799288922398738,0.24640355610068138
7.46666666666667,0.0813935938235396,0.291220030130086,0.2590737795361482
7.48333333333333,-0.133265120501431,-0.124595480534037,0.25145635394612925
7.5,-0.121474770770076,-0.128982461238615,0.23865325813577992
7.51666666666667,-0.125865223799661,0.082406606964156,0.22457206020479314
7.53333333333333,0.0760385503275288,0.0801030121110884,0.23090762214320443
7.55,-0.130951531741889,-0.125724395492906,0.22682602357721932
7.56666666666667,-0.130951531741889,-0.125724395492906,0.22244877401136848
7.58333333333333,0.0711829148005151,0.082800736331626,0.23328848357700807
7.6,0.0752430921514772,0.0932671745025566,0.24649083476444106
7.61666666666667,0.0831116821081196,0.09942282358219,0.2602312014132077
7.63333333333333,0.281393001158878,0.293632381869999,0.31578212881480416
7.65,0.0823271395395558,0.091663717836655,0.3249478232936617
7.66666666666667,0.281393001158878,0.424998518819413,0.3646985032561283
7.68333333333333,-0.137822855011112,0.0017079982881554,0.33613316711494057
7.7,0.0774514390457746,0.21521396334749,0.314317696952334
7.71666666666667,0.22896701481904,0.207445377246624,0.3271302332039777
7.73333333333333,0.236731595219919,0.37271831655212,0.3528325804729851
7.75,-0.126621636028458,-0.154148868813589,0.32744628478740756
7.76666666666667,0.0763796346705789,0.0603103710459294,0.3102037462654406
7.78333333333333,0.0761103140265035,0.219677089419933,0.29208444990605986
7.8,0.0714661502145773,0.221471023506705,0.27853907309859616
7.81666666666667,0.239819870418673,0.382780930450209,0.3091064256430808
7.83333333333333,0.028622640152286,0.219718332453802,0.2991423638191536
7.85,0.235298041785146,0.225828744730068,0.3227382378741719
7.86666666666667,0.0788710856981197,0.448363495747999,0.3117897422817635
7.88333333333333,0.0191089551773857,0.377989920117631,0.28261953609554497
7.9,0.22622181473028,0.383290321116603,0.29480122216807836
7.91666666666667,0.226007093943211,0.384259229332731,0.3179904479456137
7.93333333333333,0.022574780525926,0.385229450270401,0.29558760173175014
7.95,0.221448649944879,0.216414262317665,0.3097659730475129
7.96666666666667,0.0303995531763753,0.451743089909677,0.2840672581742686
7.98333333333333,0.030114685404768,0.227803527256847,0.2537033888521298
8.0,0.043064915624587,0.817860194335702,0.23013376496688553
8.01666666666667,0.02925669747532,0.225256883340295,0.21291652132751293
8.03333333333333,0.0371253921998367,0.446051118369044,0.2042204239097169
8.05,0.0246054304764634,0.452428771822962,0.19857981227775917
8.06666666666667,0.236514193394036,0.238533586726471,0.24208770982091632
8.08333333333333,0.0281047772110867,0.454451225953417,0.24280112869042308
8.1,0.0321900332572291,0.454451225953417,0.23433354267758755
8.11666666666667,0.0272348480409576,0.226316063497867,0.2189494167378787
8.13333333333333,0.0187584821438534,0.227223794040294,0.2007332543452025
8.15,-0.165172943393674,0.453109932387935,0.18248624642481376
8.16666666666667,0.0307520337567702,0.233435350048556,0.1788516516024738
8.18333333333333,0.0260669029551757,0.456155612031903,0.1785212281657441
8.2,-0.166249051919625,0.245905658746808,0.17267013846503926
8.21666666666667,0.231594459499625,0.668416826198613,0.21821517182161915
8.23333333333333,0.436096739144439,0.448332254601555,0.31323945678288223
8.25,0.0166630070070177,0.626203762556971,0.31010416293842735
8.26666666666667,0.0204761429365078,0.46125928376831,0.27993538272664176
8.28333333333333,0.0284213923928476,0.46228417082798,0.23662629582262157
8.3,0.238984649104552,0.672847427539685,0.24523145070531377
8.31666666666667,-0.176892882601112,0.474219286326279,0.21908471504694468
8.33333333333333,0.238566291892716,0.68599025510335,0.24978233145157927
8.35,0.229660425891537,0.672951649988319,0.28264335643321364
8.36666666666667,0.233796160144439,0.689367224885679,0.312116626449666
8.38333333333333,0.237723392212252,0.685013989997017,0.33153295333780125
8.4,0.021905795272437,0.465051653825044,0.2946709325157659
8.41666666666667,0.233151086262826,0.681778802758826,0.2949978852996122
8.43333333333333,0.0355358277741892,0.693890652732051,0.2586659524928173
8.45,0.223973080525727,0.680777959525849,0.26846840773202874
8.46666666666667,0.228126854179813,0.69178688682178,0.289477113703554
8.48333333333333,0.24039417114389,0.464598280306866,0.3148300000105055
8.5,0.231846760786577,0.688539379873541,0.3327750486828969
8.51666666666667,0.240181523159858,0.705105810228665,0.34674565941567537
8.53333333333333,0.0335162616186366,0.478542397644015,0.3059292564398607
8.55,-0.191474263548645,0.0343283640555825,0.2477901236513657
8.56666666666667,0.010515646786012,0.480972215161793,0.1985296012141243
8.58333333333333,0.234707449876072,0.695353761106664,0.21509699458450865
8.6,0.238894603726325,0.695353761106664,0.251311868063586
8.61666666666667,-0.18030680914571,0.265951671288862,0.2378370284970338
8.63333333333333,0.230077928891267,0.708757900186765,0.25945866764329334
8.65,-0.185187310370815,0.497376081314161,0.22600563483132502
8.66666666666667,0.0226299063165229,0.477032207188667,0.19244011951265824
8.68333333333333,0.0223277593588783,0.478077593572732,0.16266960735317992
8.7,-0.186342988107758,0.265281452276092,0.13686997247884614
8.71666666666667,-0.195376608417654,0.267202797637118,0.11972483012943108
8.73333333333333,0.0255521586622514,0.251385668738494,0.11530709262126485
8.75,0.0296896277039657,0.256767239987058,0.11648141835421916
8.76666666666667,0.228274630229124,0.4932689442961,0.16208936255298
8.78333333333333,0.0160523382691366,0.255163999203688,0.16004875737294216
8.8,0.0201958648077976,0.49094596146935,0.14452920477894998
8.81666666666667,0.0154316996572113,0.476524788911337,0.11999198778587697
8.83333333333333,0.0154316996572113,0.482035236041865,0.09603590383025071
8.85,0.0320483448806691,0.493071431283424,0.07916754537991534
8.86666666666667,0.0231230166505114,0.720593597126656,0.06944194331690817
8.88333333333333,0.0186548652622164,0.496270603342666,0.05878704231213355
8.9,0.0228166443232446,0.281653526786475,0.04479448492894702
8.91666666666667,0.018034177362091,0.503962156660229,0.03178793132808141
8.93333333333333,0.0222020674050285,0.498410726874076,0.025914041630645195
8.95,0.0215850398115037,0.269190920112064,0.02339233848520628
8.96666666666667,0.0299422740501072,0.269190920112064,0.024589560321954605
8.98333333333333,0.0251487788332945,0.265665941904959,0.02518972362510805
9.0,0.0251487788332945,0.276584630243315,0.025056171633190464
9.01666666666667,0.0200316884990364,0.268558810082092,0.023949739555777484
9.03333333333333,0.0158423036863695,0.274030854998593,0.021984210713756135
9.05,0.0239147172700953,0.280485234133423,0.021125085621999037
9.06666666666667,0.0236046584393932,0.275976527512478,0.02114638868912648
9.08333333333333,0.0232939799033012,0.503602160612844,0.021761339521074615
9.1,0.0145760980288337,0.510287409407447,0.02048126185350296
9.11666666666667,0.027190622016014,0.283425354014539,0.021516724042898356
9.13333333333333,0.0184628175126861,0.289916047563828,0.021002393052320628
9.15,0.0136198444935403,0.502325163526796,0.019197206341502793
9.16666666666667,0.0087650273343513,0.277312258951924,0.016314754243881457
9.18333333333333,0.0171964479815102,0.282830398684259,0.015813071162306794
9.2,0.0253284016776924,0.522482126951378,0.017501093958679548
9.21666666666667,0.016559479594099,0.290334942830259,0.018010316841245044
9.23333333333333,0.0247026688079558,0.28578888675946,0.0201919195532584
9.25,0.0204697925973477,0.296871700299522,0.020990370704957798
9.26666666666667,0.024074423785423,0.29331749608483,0.021552801759453323
9.28333333333333,-0.134610858964768,0.288760144655232,0.017011024904589528
9.3,0.0019158882434155,0.285188508799502,0.012328088043814977
9.31666666666667,0.0188787520114673,0.290748112417551,0.011792560099977412
9.33333333333333,0.234794333086712,0.519125255583334,0.06148852040049754
9.35,0.234563234956676,0.514642434494389,0.11500710847973711
9.36666666666667,0.0182378816252658,0.303897592198551,0.11234269700402988
9.38333333333333,0.234331571277142,0.515736405532281,0.13930117473981965
9.4,0.0709336060133367,0.512337906601871,0.12502966591957315
9.41666666666667,0.0126840945263638,0.29115545834218,0.09196115239098958
9.43333333333333,-0.142228725732273,0.538064824036921,0.057116438345996404
9.45,-0.142613919703162,0.293155936962289,0.03133047466402671
9.46666666666667,0.0784641798990592,0.521229142196334,0.03196608841272825
9.48333333333333,-0.147602763582612,0.306391676574149,0.025086609330886876
9.5,0.0113716572130123,0.306391676574149,0.023155120321892073
9.51666666666667,-0.139935852119206,0.297174264992108,0.017809988546378015
9.53333333333333,-0.140321380334895,0.303810467641926,0.01191182826181398
9.55,0.236273377610483,0.521126971019385,0.059873242381261876
9.56666666666667,-0.140707604910694,0.299192157284984,0.06062787519055161
9.58333333333333,0.231507083990777,0.534632829020227,0.10289420329518635
9.6,0.0761062469795036,0.535752142464643,0.10640512938513055
9.61666666666667,0.0715671526232285,0.525558424737387,0.09937593349510919
9.63333333333333,0.28276811775097,0.531213048108368,0.1333398534527936
9.65,0.0794628056517034,0.533448791912927,0.12847519314830644
9.66666666666667,0.0551777520548661,0.306300972755999,0.1104608186170787
9.68333333333333,-0.143430783749677,0.334708262026044,0.07683159914999112
9.7,0.0831302756499213,0.552751325531086,0.06427407328826441
9.71666666666667,0.0697496986466902,0.543631337059543,0.05763276593834432
9.73333333333333,-0.144215176096093,0.325405873785071,0.04374567121373356
9.75,0.0740102871783783,0.549328975094107,0.04782708958237332
9.76666666666667,0.082245456986864,0.544763256599666,0.05592882823839679
9.78333333333333,0.0685253469102982,0.542454664270373,0.060693080445885554
9.8,-0.141515936021973,0.31815501603357,0.048647576520709626
9.81666666666667,0.0724942062319322,0.543587521831267,0.05034702599350493
9.83333333333333,0.0721890774538288,0.556176965943503,0.053212468389567016
9.85,0.0676003513847768,0.551588239874451,0.05663660093030888
9.86666666666667,0.0718833082687318,0.563065065033565,0.06112755058926738
9.88333333333333,0.0672907307007478,0.552731342075905,0.06360489687342039
9.9,0.0709621458718239,0.549275758420217,0.0649688345903492
9.91666666666667,0.0577760071886168,0.556170316135699,0.06221911382972404
9.93333333333333,0.070344812791668,0.534322419670073,0.06212080494886353
9.95,-0.148981489915182,0.332235981272444,0.047002447512412615
9.96666666666667,-0.15368563606759,0.339052510508262,0.031223295689493738
9.98333333333333,0.0697248881900933,0.542334587265997,0.03346516906569211
10.0,-0.149785968451023,0.334344406013107,0.025763627206228358
10.0166666666667,-0.154498036287198,0.341175032981788,0.018845782329079675
10.0333333333333,0.0647903860431825,0.556154718223721,0.02721181222543976
10.05,-0.146278140901077,0.342238621218625,0.02354163623497296
10.0666666666667,0.0727989387372013,0.558460674575306,0.033768810034564216
10.0833333333333,0.0638419581403937,0.559616098039121,0.04335236478526189
10.1,0.0635244964212241,0.55497692175416,0.05134216569880342
10.1166666666667,0.232654034722549,0.727051286984711,0.09368697702525401
10.1333333333333,-0.145778514229509,0.573552112558355,0.08418022089468132
10.15,0.0672190728674337,0.574723592507706,0.07861763241786943
10.1666666666667,-0.133590874541454,0.739912734074801,0.05505688490714277
10.1833333333333,0.0755821968658978,0.575896731772099,0.049824555916025776
10.2,0.227325847669632,0.737811342098701,0.0851304811107313
10.2166666666667,0.0616057859551546,0.567749989394132,0.09098276691904217
10.2333333333333,-0.13923880106892,0.567749989394132,0.07497790614230841
10.25,0.0699826406300737,0.592315814851059,0.06692423469283709
10.2666666666667,0.226569485934413,0.741543917878888,0.09556044119797537
10.2833333333333,0.235275030985303,0.741543917878888,0.1328126983808571
10.3,0.226062183365319,0.744040941656129,0.16696125405760603
10.3166666666667,0.226062183365319,0.744040941656129,0.1903291210073081
10.3333333333333,0.0596629762735276,0.56892302736737,0.16425164231224448
10.35,0.0640272750085359,0.58065546308082,0.12806105300635526
10.3666666666667,0.0637044123881658,0.575964999979538,0.09543971478378399
10.3833333333333,-0.151002597136787,0.571270556556477,0.06027833966984314
10.4,-0.151002597136787,0.583025621869459,0.03452312122445823
10.4166666666667,0.0189857869760964,0.756205647435602,0.02356215191660164
10.4333333333333,0.00331554814938,0.534738055526551,0.01636065281245477
10.45,0.237668011072075,0.751573764443506,0.06508667360298814
10.4666666666667,0.224267181907842,0.75283535727958,0.11594344036758783
10.4833333333333,0.223748728292157,0.743551893112168,0.15849405247564652
10.5,0.0129982664447752,0.750716164078852,0.13812845131724094
10.5166666666667,-0.20462938260513,0.528777530111141,0.09779691006392435
10.5333333333333,0.223227769154573,0.757899339385429,0.10511753569092139
10.55,-0.20981128824044,0.531116154914219,0.07764411278234667
10.5666666666667,-0.20981128824044,0.53704214152818,0.053895268103958546
10.5833333333333,0.0004820721706174,0.538219720168889,0.034191554131239685
10.6,0.227105119426576,0.760441942391111,0.06988365269365827
10.6166666666667,0.0249465986748788,0.766379417251542,0.06840218963541911
10.6333333333333,-0.202465410468958,0.540579970847845,0.057005949147159896
10.65,-0.202465410468958,0.546528967394196,0.03979170435443495
10.6666666666667,0.0105993552869833,0.759593733150137,0.024954540879344504
10.6833333333333,0.0236111391337126,0.777475396980025,0.017125467123029682
10.7,-0.362233308414191,0.550099470206304,0.011846797392184676
10.7166666666667,-0.208543322794992,0.545320935051321,0.00939318406238375
10.7333333333333,0.0095608142278635,0.763425072074176,0.00922195624532195
10.75,0.0005288048166882,0.770683712630376,0.0070301292539760845
10.7666666666667,-0.372297632582391,0.541723751933225,0.0050938966418574965
10.7833333333333,-0.149315619798087,0.599155001089801,0.0038405220851982407
10.8,-0.141140883031517,0.831142841290549,0.002909910119081448
10.8166666666667,0.0081662637805195,0.590959764744603,0.0037795128026822788
10.8333333333333,-0.155251385073029,0.603996361301527,0.0033622591843231135
10.85,-0.370018749572525,0.386558745440276,0.002818236315931138
10.8666666666667,0.0165400862673593,0.841141072577247,0.0061268953608721545
10.8833333333333,-0.379125860928626,0.375825276738738,0.0058347485572988935
10.9,-0.216442342739171,0.620248294385755,0.004354994672221776
10.9166666666667,-0.21207523505506,0.614200521463621,0.0031451166913088985
10.9333333333333,-0.14747242331259,0.843803568427262,0.0021521414456053415
10.95,0.0107809381679921,0.840413918762304,0.003598817902307808
10.9666666666667,-0.208588953141757,0.622726490948819,0.0035395470689228697
10.9833333333333,0.0100789966825836,0.617271771206497,0.005280362283889492
11.0,-0.213860091885327,0.387371618207255,0.004859699938260482
11.0166666666667,-0.373055635061053,0.625211829304713,0.0037717196764656155
11.0333333333333,-0.15426940378573,0.857925107583885,0.0025396293759405173
11.05,0.0093742034393308,0.851835826818665,0.0038433569982656655
11.0666666666667,-0.154687164755136,0.620970198848939,0.003346845083968932
11.0833333333333,0.0174644463408953,0.616222113868139,0.006743334695604016
11.1,-0.206859776936481,0.630204039084008,0.006403073274057959
11.1166666666667,-0.146849285024503,0.868097703786253,0.005152114977857262
11.1333333333333,-0.21701427412498,0.395310343204729,0.0034729665582102823
11.15,0.0075996706574272,0.607937778660317,0.003844319524205896
11.1666666666667,0.0072426015064401,0.853816633948814,0.004592104415392818
11.1833333333333,-0.372290830086981,0.407320392171516,0.004190049931291553
11.2,0.0024740403039835,0.616393349106004,0.004029742217687581
11.2166666666667,0.0024740403039835,0.861292464132009,0.003673562723265113
11.2333333333333,-0.382537482613201,0.404757890430731,0.002742723337690882
11.25,0.0105879797587818,0.624885517259214,0.004372605874645845
11.2666666666667,-0.154122198014219,0.626130310848637,0.004085787690958263
11.2833333333333,0.223552357792198,0.620104606680716,0.05367248427923672
11.3,-0.149759313509222,0.859230553519828,0.05589047342748888
11.3166666666667,-0.150597686612501,0.628625305318091,0.04705696941977904
11.3333333333333,-0.150597686612501,0.628625305318091,0.03124142328223575
11.35,-0.159760590898283,0.875639962328608,0.016201461990351034
11.3666666666667,0.0043598593784949,0.625078061842814,0.00656122686541819
11.3833333333333,0.0132392002049627,0.877016099911113,0.0058338677024927085
11.4,-0.147478004441806,0.632381366473052,0.005603711095292433
11.4166666666667,-0.156666824553007,0.633637019094291,0.00510707535726828
11.4333333333333,-0.147478004441806,0.638442772778912,0.003958453112440147
11.45,-0.157093671149314,0.868778511112855,0.002947185159066207
11.4666666666667,0.0073525337202532,0.648318554142912,0.003564933904578068
11.4833333333333,-0.148738270418369,0.648318554142912,0.0031984404808897806
11.5,-0.162772151763339,0.626513121958879,0.0026649496506710004
11.5166666666667,0.0107262386774188,0.633851278248596,0.004262342144064074
11.5333333333333,0.0017988668321343,0.646040105966453,0.004191480620671742
11.55,0.0017988668321343,0.639942679278753,0.004268973881702796
11.5666666666667,-0.150429568243046,0.40054582504376,0.003247585588489718
11.5833333333333,-0.168474721132994,0.636374332206778,0.0023281664437777897
11.6,-0.155264551068846,0.642477793497383,0.001356849763883922
11.6166666666667,-0.155264551068846,0.642477793497383,0.0009915862488430005
11.6333333333333,-0.151279934130766,0.637638613321047,0.001255014121709446
11.65,-0.160536920019599,0.645020292586077,0.0010340491886127621
11.6666666666667,-0.16582271349135,0.647570204680072,0.0007033715698331494
11.6833333333333,-0.156123317125717,0.657269601045705,0.0007217092418037309
11.7,-0.379850414460209,0.42198769534923,0.0008565397672292532
11.7166666666667,0.0697763887404285,0.886605486147079,0.01637298330718558
11.7333333333333,-0.152990160376724,0.654987807188422,0.017456520796604733
11.75,-0.15341970383305,0.65012755804778,0.014721071477331602
11.7666666666667,0.0735392355121739,0.877086497393004,0.026550575775322695
11.7833333333333,-0.148985565662932,0.414653976424366,0.022916253248889674
11.8,-0.158284183275684,0.657561096361631,0.016804357349759994
11.8166666666667,0.0684378072886538,0.879848948755851,0.026224498649348303
11.8333333333333,0.0684378072886538,0.886007126951319,0.03773727144106373
11.85,-0.159154142361883,0.666312343302537,0.03268652879170712
11.8666666666667,0.233959577884072,0.893567854248677,0.07675101907986123
11.8833333333333,-0.160027327189812,0.662730264517845,0.07076241025858948
11.9,-0.164913041216431,0.651667969735213,0.05451671185712338
11.9166666666667,-0.007940306629392,0.657844550491226,0.03405438569047878
11.9333333333333,-0.156448933088902,0.65295457286533,0.017271213043305818
11.95,-0.160903750186838,0.671521267065944,0.006090939900874626
11.9666666666667,-0.165797996995501,0.660431954328401,0.0022603714844208513
11.9833333333333,-0.156884902251463,0.666627020257281,0.002159141709993425
12.0,-0.161783423836134,0.655533432743729,0.002106696869540888
12.0166666666667,-0.157321681608015,0.66792974476956,0.0017546121107576418
12.0333333333333,-0.16668622579983,0.675448012532753,0.002054492291345279
12.05,-0.16668622579983,0.675448012532753,0.0016369388144069354
12.0666666666667,-0.172042951097229,0.665629545007236,0.001253977220265972
12.0833333333333,-0.172042951097229,0.434886027168517,0.0010944986661974019
12.1,-0.16802473354509,0.423865774959009,0.0008342667341204694
12.1166666666667,-0.1724934170639,0.42997035035159,0.0006811382169915432
12.1333333333333,0.0554048899912893,0.647295398495388,0.013516762965043061
12.15,-0.163996911990892,0.425050370645405,0.014157591929382306
12.1666666666667,-0.164442074372629,0.426236762911572,0.011746845230384646
12.1833333333333,-0.15951778612497,0.431161051159231,0.008110674706656265
12.2,-0.169370676823876,0.427424955258476,0.0045594355080289225
12.2166666666667,0.0591789851130834,0.905652136930343,0.015111275052102583
12.2333333333333,0.0543462236456357,0.900819375462895,0.027211365001085
12.25,-0.165334876589099,0.67216955266651,0.025969853821744826
12.2666666666667,-0.165334876589099,0.258030195420999,0.020094371456657836
12.2833333333333,-0.165334876589099,0.258030195420999,0.01244146260425911
12.3,-0.161289413586991,0.692274015514468,0.00601245324142306
12.3166666666667,-0.171176908806646,0.432195795768067,0.0024274278042017896
12.3333333333333,-0.162180176843606,0.432195795768067,0.0016938354980278846
12.35,0.0664245442319675,0.662444387005401,0.016400042352906926
12.3666666666667,0.229258660739452,0.679607659747568,0.06855778338203608
12.3833333333333,-0.1581196496994,0.445706568189841,0.06973940932829176
12.4,-0.158563583368587,0.685040226582951,0.05692663058957546
12.4166666666667,0.065730091784642,0.671211677363479,0.051311169886841236
12.4333333333333,0.065730091784642,0.487903447752731,0.04856098671511677
12.45,0.0653817480811959,0.666349134345364,0.04930316500185358
12.4666666666667,0.0702442910993113,0.915622650177808,0.05532464161480659
12.4833333333333,0.0560007287783776,0.67383299876534,0.05768789686459075
12.5,0.0507684346152899,0.670271167256811,0.05592414359812582
12.5166666666667,-0.16442162384176,0.45675426715489,0.041151507761713474
12.5333333333333,0.0507684346152899,0.670271167256811,0.03790843604764123
12.55,0.0594525442341414,0.671582370101433,0.040437638549115654
12.5666666666667,0.0504064791047831,0.671582370101433,0.04324500736338355
12.5833333333333,-0.0027796791066236,0.699375258737916,0.03478553695349529
12.6,0.0590969039462685,0.911601422853267,0.03791827478774756
12.6166666666667,0.0590969039462685,0.495236515865832,0.04203804720824189
12.6333333333333,0.0587405049545204,0.674210585968338,0.04689779761962986
12.65,0.0583833457317752,0.4854556254386,0.05055915935597739
12.6666666666667,0.0587405049545204,0.490348226148066,0.053347862423942266
12.6833333333333,-0.171219443687759,0.278757617569349,0.04156843974474106
12.7,-0.16356633100273,0.509960443654493,0.02746088356310887
12.7166666666667,0.0629223421538967,0.675527606477428,0.02945109173247171
12.7333333333333,0.0674648976926612,0.694194088599251,0.03766363554931623
12.75,0.0625679802861732,0.689297171192763,0.04647850426009748
12.7666666666667,0.0527611725104528,0.495256718472284,0.05150834648427409
12.7833333333333,0.0618569776957017,0.685725095281272,0.05502268532248426
12.8,0.05694707586538,0.68081519345095,0.05470049275962975
12.8166666666667,0.0478512706801311,0.502636376380443,0.05204699192300881
12.8333333333333,0.0520328344157981,0.497722134930861,0.050241178585609905
12.85,0.056586092457615,0.688389329669831,0.049846985439300925
12.8666666666667,0.056586092457615,0.497722134930861,0.050524920544674466
12.8833333333333,0.0562243395820325,0.689724407785041,0.05135848635081833
12.9,-0.174447299339963,0.268286009582332,0.039382721180101235
12.9166666666667,0.0562243395820325,0.689724407785041,0.039004628072470286
12.9333333333333,0.224357870999726,0.517457345087151,0.07870983219760685
12.95,0.0558618156867027,0.512534407121155,0.08479220535820932
12.9666666666667,0.0600661061988454,0.507607112237615,0.08330144220488579
12.9833333333333,0.0501984225227766,0.69508454921259,0.07323516453256622
13.0,0.0501984225227766,0.510103817216704,0.061431756288383634
13.0166666666667,0.0554985192161361,0.519971500892773,0.053007580897827436
13.0333333333333,0.0456308355400672,0.51629541735813,0.04841539076197557
13.05,0.0452580221264164,0.51135501696177,0.04630101795702619
13.0666666666667,0.054403978744044,0.69014414881623,0.047031916267306045
13.0833333333333,0.0589823568671314,0.696429561081012,0.04916782180225461
13.1,0.0540375763455252,0.697776571294565,0.050767211706157125
13.1166666666667,-0.168981531799201,0.512608119850918,0.03928431507413534
13.1333333333333,0.0540375763455252,0.697776571294565,0.03865769398226614
13.15,-0.177717354478544,0.294902650996128,0.028008697232121044
13.1666666666667,0.0582559870163038,0.699125583739874,0.031443880152107355
13.1833333333333,0.0533024287508646,0.527559953125139,0.03714329773715981
13.2,0.0578916363014187,0.527559953125139,0.04452172785291923
13.2166666666667,0.0578916363014187,0.52133684074943,0.04936951002698561
13.2333333333333,0.0575265062959453,0.522601997220404,0.05198881257307246
13.25,-0.392937964285326,0.291008829218862,0.040618030790186686
13.2666666666667,0.0575265062959453,0.528831440906851,0.03994938525077649
13.2833333333333,0.0475973781231112,0.704541733900403,0.039638539850807196
13.3,-0.167221289173658,0.69324672068667,0.030827516881726517
13.3166666666667,0.061397608757008,0.525138097398199,0.03501397994696869
13.3333333333333,0.0567939020985491,0.704541733900403,0.04045160766592444
13.35,0.0564264247401248,0.526409048709926,0.045850381799221275
13.3666666666667,0.0468471129278626,0.707261924116338,0.04735158830166171
13.3833333333333,0.0514508195863215,0.713605093993078,0.0485068210424976
13.4,0.0514508195863215,0.707261924116338,0.048257131269219995
13.4166666666667,0.0560581617580979,0.713605093993078,0.048705492432977046
13.4333333333333,0.0606691437513,0.527681939255599,0.05095073838341434
13.45,0.274992687469314,0.535218018500603,0.10110146984251046
13.4666666666667,0.0553192725497858,0.530233553360813,0.10484086488187552
13.4833333333333,0.0556891115600315,0.721330811290147,0.09675692270165692
13.5,0.0507046464202418,0.536501188609633,0.08015794223804328
13.5166666666667,0.0503303685398862,0.531512284599734,0.06394925551998207
13.5333333333333,0.0549486431275078,0.711357442140457,0.05339167596139044
13.55,0.0503303685398862,0.537786319243567,0.049608144512350905
13.5666666666667,-0.169059867015023,0.717720041559716,0.037320861612474235
13.5833333333333,0.0592028061860375,0.725471390607181,0.03833769170274045
13.6,-0.15545447091276,0.978995374527341,0.028785336677799374
13.6166666666667,0.0592028061860375,0.719095788522382,0.03296023993502116
13.6333333333333,-0.166366373954266,0.716846734246845,0.02605253484072529
13.65,-0.175923470244848,0.705453428322919,0.0186022919726127
13.6666666666667,-0.170912282690552,0.53035350241777,0.011364808672240281
13.6833333333333,0.0488252774168274,0.53035350241777,0.017143496923206086
13.7,0.0580947711350362,0.53035350241777,0.027634124369126926
13.7166666666667,-0.171377561508562,0.531635606607919,0.02595305290599589
13.7333333333333,-0.166828051526042,0.718224191342211,0.020113480939869956
13.75,-0.176393223684869,0.713208529165904,0.012551407584644384
13.7666666666667,-0.162274936016259,0.544241516200344,0.00602176037828485
13.7833333333333,-0.162274936016259,0.544241516200344,0.0023640844237401933
13.8,-0.172310740986825,0.546837454970759,0.0012627352055676233
13.8166666666667,-0.167290598192566,0.72600543738852,0.0010859967095442492
13.8333333333333,-0.167754015661965,0.546837454970759,0.0010318795441032057
13.85,0.0476880350866516,0.733808428391921,0.011692909882839265
13.8666666666667,0.0662858938199307,0.546837454970759,0.027159785984508036
13.8833333333333,0.0511985216091531,0.544407740146487,0.03781344179687728
13.9,-0.178755216032646,0.533037541826086,0.032723198640785184
13.9166666666667,0.0511985216091531,0.538075667266248,0.034454495202051155
13.9333333333333,-0.16457830242779,0.544407740146487,0.024909665437125937
13.95,-0.39901582985933,0.539369614706325,0.015939825928202575
13.9666666666667,-0.174187635467551,0.539369614706325,0.00870741852135824
13.9833333333333,-0.0040580189514358,0.715837802464805,0.0044029610309969675
14.0,-0.170084225110944,0.540665549749635,0.0021276831283842485
14.0166666666667,0.0005131886481635,0.915985649061615,0.0014102850275075568
14.0333333333333,-0.180660784280469,0.538207193565077,0.0015681283126447196
14.05,-0.165505750469586,0.559720353838988,0.0014131888033572667
14.0666666666667,-0.0052529610915549,0.726337808200427,0.001180130831095715
14.0833333333333,-0.170552903488134,0.554673200820441,0.001100671160214973
14.1,-0.175604579397645,0.549621524910929,0.001018502045468501
14.1166666666667,-0.0006708464291868,0.907520647436944,0.0009547999029965787
14.1333333333333,0.0450061225010423,0.555986189894337,0.010740201113538773
14.15,0.0446197282549861,0.550929985011513,0.021430790407678493
14.1666666666667,-0.157254237161442,0.737169029130853,0.020528928107557673
14.1833333333333,-0.327502797333322,0.562357403489354,0.015919843318828876
14.2,-0.166903502852984,0.738573923549368,0.009892846114116765
14.2166666666667,-0.162310442044265,0.563678970925172,0.004800305243429739
14.2333333333333,-0.172436463113859,0.553552949855578,0.0020313550927455208
14.25,0.0438444752283111,0.553552949855578,0.01111857558085163
14.2666666666667,0.0387746468221884,0.548483121449456,0.02038067323924046
14.2833333333333,-0.177506291519982,0.554867462624566,0.019378272452875732
14.3,-0.168309193233298,0.554867462624566,0.015210929939565103
14.3166666666667,-0.173383575051504,0.54979308080636,0.009578122752282802
14.3333333333333,0.0430659249931523,0.562581510361841,0.014208687505382196
14.35,0.0426754092218033,0.557502568994398,0.02180171769897208
14.3666666666667,-0.178462516418948,0.557502568994398,0.020069014176470362
14.3833333333333,-0.173858470193348,0.563906677745091,0.01548042250168491
14.4,-0.169250753402861,0.752131311213171,0.009680258840477208
14.4166666666667,-0.178941977258218,0.558823170680221,0.004810737500538534
14.4333333333333,-0.165107797619988,0.571651227211066,0.0021342883458095024
14.45,-0.174334260467731,0.565233889028132,0.0014719029813839884
14.4666666666667,0.0325038232353926,0.553735091758681,0.00857634146133524
14.4833333333333,-0.165577121680688,0.560145810106592,0.008940737749074227
14.5,-0.189612237494786,0.55637325018401,0.008001719689117573
14.5166666666667,-0.165577121680688,0.566563148289525,0.005925130351884503
14.5333333333333,0.0560020858878083,0.566563148289525,0.016112360816236206
14.55,-0.171144576753277,0.55637325018401,0.015171664650257339
14.5666666666667,-0.16651844112888,0.569227827111984,0.012499966013283487
14.5833333333333,-0.171144576753277,0.75131354927458,0.008457724094952896
14.6,0.0049737747789521,0.738915569993154,0.006063083629407407
14.6166666666667,-4.87536978234004e-05,0.9289374144455,0.0033204457987091734
14.6333333333333,-0.171620272686869,0.564125995553995,0.001988809576343286
14.65,-0.185975279506927,0.565456826717892,0.0015397041620081545
14.6666666666667,-0.343043861243543,0.754168125228176,0.0012923511830955853
14.6833333333333,-0.172096868207281,0.578351338710245,0.0010474770781968214
14.7,-0.186463867456384,0.573240307727862,0.0008632588263531522
14.7166666666667,-0.181837731831987,0.573240307727862,0.0008319253485203023
14.7333333333333,-0.177207899189664,0.57969758110326,0.000966651707910194
14.75,-0.177207899189664,0.57969758110326,0.0007678051013038983
14.7666666666667,0.0029835122795049,0.75244123363758,0.0012889430817360147
14.7833333333333,-0.0109282121257721,0.745977268167152,0.0013985920642504185
14.8,-0.177690005124053,0.574581941075096,0.0013818254535579223
14.8166666666667,0.0442434980500586,0.574581941075096,0.011091807095825358
14.8333333333333,-0.173532070123854,0.575925651234222,0.011405414619227996
14.85,-0.173532070123854,0.575925651234222,0.009644185821137238
14.8666666666667,-0.174012281846609,0.570800774391165,0.006568662664723542
14.8833333333333,-0.17865694696691,0.577271442365205,0.0036185096918166753
14.9,0.0025829618548279,0.753866686066642,0.0020681853145463175
14.9166666666667,-0.0121658081003758,0.750239962139567,0.0013442197803978492
14.9333333333333,-0.0028727586031394,0.750239962139567,0.001165862592933861
14.95,-0.189414704221903,0.568346400897738,0.0011387458095784113
14.9666666666667,-0.0125800446286227,0.745181060491019,0.000991813641954583
14.9833333333333,-0.0032795521489916,0.751665164784461,0.0008901234648748298
15.0,-0.189909745527298,0.569687079508851,0.0008663496585727729
15.0166666666667,-0.184766319844968,0.574830505191181,0.0008136661297442069
15.0333333333333,-0.180114211742272,0.587818925850804,0.0008427475373868018
15.05,0.0013762841557564,0.764653585444085,0.0010965387738212833
15.0666666666667,-0.185257637424602,0.582675500168474,0.0013119044928267883
15.0833333333333,-0.0087552485839594,0.754522052704369,0.001302166709046284
15.1,-0.185749879746814,0.773723976552402,0.0009546152656716446
15.1166666666667,0.0052346744133181,0.761026390082977,0.0019567003300519615
15.1333333333333,-0.181090310756534,0.584031758920123,0.0020133828844039717
15.15,0.0099054684329985,0.761026390082977,0.004218902073572884
15.1666666666667,-0.176912694637834,0.332335629547882,0.004139686459247308
15.1833333333333,-0.186243048644832,0.591908002581697,0.0033944762943066637
15.2,0.0048328249160221,0.762464849355181,0.0034837855135685025
15.2166666666667,-0.172724759384786,0.580232720343217,0.002806816477338825
15.2333333333333,-0.171966325038164,0.763905491531521,0.0022286924772567636
15.25,-0.172724759384786,0.586750599103908,0.0018201257268555303
15.2666666666667,-0.177399304095942,0.586750599103908,0.0011824220761115075
15.2833333333333,-0.0104126890147519,0.753737214185098,0.0009630639195709627
15.3,-0.0155037422929361,0.755170826222047,0.0007463477404958158
15.3166666666667,-0.0057381443035957,0.760261879500231,0.000611635630155136
15.3333333333333,-0.0061508976595718,0.761702288696595,0.0006144632971392268
15.35,-0.192899571519884,0.577774996995099,0.000547376146018718
15.3666666666667,-0.0108291975817799,0.761702288696595,0.000647005535248623
15.3833333333333,-0.179354972641256,0.579130330122705,0.0005205676050293289
15.4,-0.183546726886519,0.584306459469647,0.0006221269760845708
15.4166666666667,-0.35079914248528,0.597389818427507,0.000697770745076207
15.4333333333333,-0.0018786854451825,0.769689976276638,0.0008227899367014195
15.45,-0.178498984636149,0.77624189408067,0.0007128087099348003
15.4666666666667,-0.0116648051412227,0.764589680512705,0.00040384563661577654
15.4833333333333,0.0024039776440879,0.771141598316737,0.0008500235128464628
15.5,-0.189721329940681,0.588399249585171,0.0009945290256803125
15.5166666666667,-0.189221623323041,0.593584780134918,0.0008495375829860009
15.5333333333333,-0.180338371087478,0.588399249585171,0.0004550374133267988
15.55,-0.175152840537731,0.593584780134918,0.0003564211247220421
15.5666666666667,-0.180338371087478,0.601523615312292,0.00038398159391758236
15.5833333333333,-0.185528611846251,0.589767766431422,0.00023556616029300195
15.6,-0.0031133682192702,0.767485866032543,7.348749502376521e-05
15.6166666666667,-0.176130541312963,0.596333374553519,8.98700197738178e-05
15.6333333333333,-0.175332078692389,0.774051474154641,0.00011928718175265898
15.65,-0.171425827753234,0.596333374553519,0.00011877922207419242
15.6666666666667,-0.0086455048690993,0.763818410997383,6.957106812696235e-05
15.6833333333333,-0.191729589107822,0.580734326758661,0.00013696390305104002
15.7,-0.191729589107822,0.593886137530509,6.685342581841236e-05
15.7166666666667,0.0007677138807572,0.770390880375047,0.00023107756576468483
15.7333333333333,-0.172147383465045,0.765267367982961,0.00033520158773134816
15.75,-0.191729589107822,0.607065479524829,0.0002800276877494286
15.7666666666667,-0.0090643037014551,0.771846709377146,0.00021469699399629432
15.7833333333333,-0.0235981185062947,0.779897876633785,0.00029477318671094734
15.8,-0.187024875548092,0.593886137530509,0.0001240969896580624
15.8166666666667,-0.191729589107822,0.607065479524829,8.336848905341656e-05
15.8333333333333,-0.192739404622511,0.596642445260284,0.0002047001875054228
15.85,-0.182813214869697,0.608456355841923,8.796507140865709e-05
15.8666666666667,-0.00948397324901,0.78649789886863,9.659892700200336e-05
15.8833333333333,-0.178591093377877,0.596642445260284,9.516370666717781e-05
15.9,-0.179086012992342,0.604630767760933,0.00012959501784885063
15.9166666666667,-0.0107482240183373,0.777692274375553,7.04077964899299e-05
15.9333333333333,-0.188027103216492,0.603242467495129,6.444175798424311e-05
15.95,-0.173867375737262,0.616463268697041,7.477230078385615e-05
15.9666666666667,0.0042552121860282,0.787971992939303,0.0010134707349015912
15.9833333333333,-0.0060245063777216,0.771085336854669,0.0011017370452235267
16.0,-0.179086012992342,0.604630767760933,0.0009736664097422841
16.0166666666667,-0.351804401394013,0.611244631441961,0.0006209532993348586
16.0333333333333,-0.0008823063552426,0.782834474398032,0.0003746683996590011
16.05,-0.169427308740575,0.790926938794681,0.0002735729746440701
16.0666666666667,-0.0060245063777216,0.790926938794681,5.817718133585515e-05
16.0833333333333,-0.0163229764851963,0.774007667949106,0.00010841954970452401
16.1,-0.006864092685533,0.780628468687206,0.00010077867859985669
16.1166666666667,-0.179581873374202,0.612642039525647,0.00015284915381621328
16.1333333333333,-0.185311599377315,0.347003105581281,0.00021963535274565957
16.15,-0.347712208009609,0.612642039525647,0.00024278099967413005
16.1666666666667,-0.358173285539831,0.602180961995424,0.00018186789011271978
16.1833333333333,-0.190042950904424,0.608808710710385,0.0002093123721020196
16.2,-0.006864092685533,0.787256217402167,0.00026871816730175674
16.2166666666667,-0.0167517271363046,0.782099934478504,0.0001419690992775993
16.2333333333333,-0.195791776693858,0.598328533393842,0.00026255291959214954
16.25,-0.185814121882751,0.603571012793191,0.0003310300681341939
16.2666666666667,-0.195791776693858,0.611604918548222,0.00030711638433182024
16.2833333333333,-0.0124461902796995,0.790215329550623,0.0002310594170943856
16.3,-0.180712408076911,0.790215329550623,7.077289029355538e-05
16.3166666666667,-0.175551417994649,0.802024978026793,0.00012025500362433985
16.3333333333333,-0.186317597348123,0.618253576942131,0.0002575064693957269
16.35,-0.007707186345722,0.803519638224376,0.00015561649906760844
16.3666666666667,0.0017823256767322,0.790215329550623,0.0005761166908889727
16.3833333333333,-0.176041428122846,0.796863987944532,0.0006352563306029266
16.4,-0.007707186345722,0.796863987944532,0.0005150289785760241
16.4166666666667,-0.191564864780118,0.613006309510136,0.00043033704459796446
16.4333333333333,-0.0085538017700521,0.786527860497748,0.00030169248599801575
16.45,-0.0176118939692273,0.798353934534848,0.0002023279287594373
16.4666666666667,-0.0033833780127956,0.791698284255004,0.00021788797110401496
16.4833333333333,-0.0085538017700521,0.786527860497748,0.00026427469438662003
16.5,-0.0085538017700521,0.799846163978429,0.00013726074461183963
16.5166666666667,-0.181207131812373,0.798353934534848,0.0001981631842948782
16.5333333333333,-0.0227823177264838,0.799846163978429,0.00022602336818491542
16.55,-0.0085538017700521,0.793183510777592,0.000169507455632867
16.5666666666667,-0.0180433137925064,0.799846163978429,0.0002373968166900643
16.5833333333333,-0.0232184640897692,0.788008360480329,0.0002867805344731495
16.6,-0.182199406935668,0.794671013681166,0.0001842120047359124
16.6166666666667,0.224744815818217,1.02648212836586,0.05056234510565438
16.6333333333333,-0.182576897383563,0.621072550963709,0.05397608520551693
16.65,-0.187833760580255,0.615815687767017,0.0457920693401081
16.6666666666667,-0.004224070117192,0.794671013681166,0.030291521334564437
16.6833333333333,-0.0197779451494256,0.785786805829048,0.015485010134505251
16.7,-0.182199406935668,0.794671013681166,0.004791935597853478
16.7166666666667,0.000534146254666,0.794671013681166,0.001193290763558229
16.7333333333333,-0.0098303599081589,0.790976174698457,0.001148721723743148
16.75,-0.187833760580255,0.622485354947133,0.0014398515100481572
16.7666666666667,-0.183694917114657,0.792463498070015,0.0013153396052816956
16.7833333333333,-0.014588576280017,0.797652866939424,0.0015498689788321271
16.8,-0.0197779451494256,0.785786805829048,0.0013026800201101532
16.8166666666667,-0.173811830480701,0.790976174698457,0.0009822002980448736
16.8333333333333,-0.198878858564084,0.626737088763026,0.000917434980098743
16.85,-0.188384833729983,0.792463498070015,0.0006974168611643573
16.8666666666667,-0.259124418005499,0.561733312949752,0.00031285379302154354
16.8833333333333,-0.194120642192226,0.613362584655357,0.0005499450057367898
16.9,-0.0197779451494256,0.792463498070015,0.00044477418429538434
16.9166666666667,-0.362795830529316,0.626737088763026,0.00022619397810387984
16.9333333333333,-0.0202138501947182,0.807341714907418,0.00031817366712925645
16.95,-0.183694917114657,0.805838002177684,0.00026330018193882626
16.9666666666667,-0.0202138501947182,0.787269376652865,0.0003105836596550208
16.9833333333333,-0.188889038531808,0.800643880760533,0.00034917096495325586
17.0,-0.18419532076726,0.800643880760533,0.0002718937477997576
17.0166666666667,-0.184592635240797,0.626737088763026,0.00027189779487682067
17.0333333333333,-0.0202138501947182,0.800643880760533,0.0002552786362816251
17.05,-0.0154517773170916,0.807341714907418,0.00029624411623529497
17.0666666666667,-0.025412730691346,0.795445000263906,0.00032067466776778916
17.0833333333333,-0.418408365041182,0.561733312949752,0.00038325402048691953
17.1,-0.24959641105407,0.568431147096637,0.0003813851076717381
17.1166666666667,-0.0154517773170916,0.800643880760533,0.00038782823778874985
17.1333333333333,-0.0063412532040658,0.80214283441079,0.0004245797062583953
17.15,-0.254362345127873,0.568431147096637,0.0003213905487881803
17.1666666666667,-0.0206506578137194,0.808847738179033,0.0003394415846624725
17.1833333333333,-0.254904741666419,0.563122816484289,0.00045488877463990563
17.2,-0.42841421919039,0.563122816484289,0.0004846037423971293
17.2166666666667,-0.0063412532040658,0.808847738179033,0.000410806151392618
17.2333333333333,-0.179497797230401,0.807341714907418,0.0004620400994349583
17.25,-0.175290194806524,0.80214283441079,0.0004776016194201158
17.2666666666667,-0.245361271130567,0.569827720252531,0.0005007795443716047
17.2833333333333,-0.254904741666419,0.569827720252531,0.0005479206960072034
17.3,-0.414310212733025,0.569827720252531,0.0005185353303401069
17.3166666666667,-0.170581226139144,0.808847738179033,0.0006709218948484901
17.3333333333333,-0.175290194806524,0.80214283441079,0.0008415167769252641
17.35,-0.0206506578137194,0.808847738179033,0.0006862696673490062
17.3666666666667,-0.0115448993238878,0.810356076647782,0.000676238159291429
17.3833333333333,-0.180493840926346,0.803644092059211,0.0006194751163405854
17.4,-0.0115448993238878,0.803644092059211,0.0006483442512821356
17.4166666666667,-0.429029892217979,0.564514523688083,0.0007299731358840292
17.4333333333333,-0.0115448993238878,0.803644092059211,0.0006051844422381898
17.45,-0.0063412532040658,0.815559722767604,0.0006146335438736363
17.4666666666667,-0.254904741666419,0.569827720252531,0.0005794119316103396
17.4833333333333,-0.0115448993238878,0.803644092059211,0.0005213027369513198
17.5,-0.245361271130567,0.569827720252531,0.0005640150485813852
17.5166666666667,-0.0158847237399172,0.808847738179033,0.0005508895126632176
17.5333333333333,-0.245361271130567,0.569827720252531,0.0005785472993527322
17.55,-0.245361271130567,0.576539704841102,0.0005455090181632449
17.5666666666667,-0.254904741666419,0.563122816484289,0.0004694499607027472
17.5833333333333,-0.0063412532040658,0.808847738179033,0.0005705907138680329
17.6,-0.189394201263888,0.808847738179033,0.0005611232325476247
17.6166666666667,-0.259670675740221,0.569827720252531,0.0005422953567535058
17.6333333333333,-0.254904741666419,0.569827720252531,0.0005504414409487761
17.65,-0.254904741666419,0.563122816484289,0.0005027451758128803
17.6666666666667,-0.409001882120677,0.575136050864879,0.00044140467777795166
17.6833333333333,-0.254904741666419,0.563122816484289,0.0005549873231605878
17.7,-0.189394201263888,0.808847738179033,0.0006377636141863879
17.7166666666667,-0.418408365041182,0.575136050864879,0.0005414594993446572
17.7333333333333,-0.259670675740221,0.569827720252531,0.0005410203522987383
17.75,-0.240052940518219,0.568431147096637,0.0005246412873842261
17.7666666666667,-0.170091314309896,0.81404661867566,0.0005776516317710654
17.7833333333333,-0.423105888578041,0.568431147096637,0.0006339541077918712
17.8,-0.0106858432432894,0.800643880760533,0.0006353675995210038
17.8166666666667,-0.353404589227909,0.63343492290991,0.0006297047522076606
17.8333333333333,-0.0154517773170916,0.81404661867566,0.0006578684481833186
17.85,-0.353404589227909,0.626737088763026,0.0006560879739790386
17.8666666666667,-0.358102112764768,0.626737088763026,0.0004958582506398955
17.8833333333333,-0.254362345127873,0.568431147096637,0.0006028229515713177
17.9,-0.17900119935011,0.805838002177684,0.0007247656036924098
17.9166666666667,-0.184592635240797,0.626737088763026,0.0006165981159724574
17.9333333333333,-0.0102576558999409,0.805838002177684,0.0005257885321745023
17.95,-0.357524524256706,0.618633890927966,0.0004678153767775478
17.9666666666667,-0.188849335919617,0.618633890927966,0.0004576425046761603
17.9833333333333,-0.18408726304199,0.618633890927966,0.00046552472137461915
18.0,-0.188849335919617,0.632008395035635,0.00044631317736778294
18.0166666666667,-0.193607552291475,0.632008395035635,0.00040247062995463076
18.0333333333333,0.0057092965519288,0.813192523399512,0.0017233576636469486
18.05,-0.183079396031341,0.6291620471881,0.001868350652606775
18.0666666666667,-0.178321179659483,0.622485354947133,0.0016724277677474318
18.0833333333333,-0.192584277981464,0.622485354947133,0.0011584194541530881
18.1,-0.187833760580255,0.622485354947133,0.0008076960814146472
18.1166666666667,-0.183079396031341,0.622485354947133,0.0005267122772270975
18.1333333333333,-0.183079396031341,0.615815687767017,0.0004380902594887193
18.15,-0.177024256638406,0.806515831158545,0.0005134126711894521
18.1666666666667,-0.182576897383563,0.627742218143825,0.0005209727428745442
18.1833333333333,-0.345863479469803,0.363813225748704,0.00047239684927863595
18.2,-0.177324835356455,0.61966195978998,0.00047487442528271293
18.2166666666667,-0.182075352757664,0.61966195978998,0.00048678367196012905
18.2333333333333,-0.007707186345722,0.810182291425213,0.00044694819318359235
18.25,-0.191564864780118,0.613006309510136,0.0004940779641379705
18.2666666666667,-0.186317597348123,0.618253576942131,0.0004105893109436035
18.2833333333333,-0.359322819079312,0.618253576942131,0.0004660968600637961
18.3,-0.358747546066668,0.616847397947571,0.0005413845338571667
18.3166666666667,-0.185814121882751,0.62349605634148,0.0005654308654276907
18.3333333333333,-0.348842641762769,0.622085095864764,0.0005022968706043969
18.35,-0.190549297294508,0.603571012793191,0.0004969785316968805
18.3666666666667,-0.0021289172737759,0.787256217402167,0.0005237772641052377
18.3833333333333,-0.185311599377315,0.602180961995424,0.00048485255710528527
18.4,-0.190042950904424,0.608808710710385,0.0005155334860395605
18.4166666666667,-0.179581873374202,0.612642039525647,0.0006196244836790584
18.4333333333333,-0.179581873374202,0.619269788240607,0.00047972347335899863
18.45,-0.179581873374202,0.606021238787547,0.00036623902149677764
18.4666666666667,-0.163807263134461,0.794585856620331,0.00032741670492265277
18.4833333333333,-0.178591093377877,0.616463268697041,0.0002798729947894544
18.5,-0.0099045152932021,0.787971992939303,0.00029673717952856903
18.5166666666667,-0.178591093377877,0.609849405016013,0.00021244450914369937
18.5333333333333,-0.187525516275716,0.608456355841923,0.00020893078878124488
18.55,-0.187525516275716,0.608456355841923,0.000178223768251374
18.5666666666667,-0.182813214869697,0.601856333607078,0.0001861794480284454
18.5833333333333,-0.182316370357965,0.607065479524829,0.0001843116998236302
18.6,-0.0043557985113281,0.771846709377146,0.00016161178194634723
18.6166666666667,-0.191729589107822,0.607065479524829,0.00013192309222234406
18.6333333333333,-0.343787008294194,0.609485185325367,0.00011768668712346137
18.65,-0.186525179151652,0.599090547486679,0.00014273999395971452
18.6666666666667,-0.170940300554191,0.601523615312292,0.00015778146996578825
18.6833333333333,-0.175641227061619,0.601523615312292,0.00012118718570770086
18.7,-0.180338371087478,0.601523615312292,6.502722528988267e-05
18.7166666666667,-0.170455696511871,0.600143537739942,0.00010975681099354104
18.7333333333333,-0.175152840537731,0.60670914586204,0.00014270698956451072
18.75,-0.175152840537731,0.593584780134918,0.00014442581139096323
18.7666666666667,-0.179354972641256,0.598765606884596,0.00013557218029773264
18.7833333333333,-0.178864667226421,0.794326686986568,0.00016151898136723095
18.8,-0.173693228896476,0.602561256757452,0.00015503786948737526
18.8166666666667,-0.188225026808728,0.584306459469647,0.00018266442651644743
18.8333333333333,-0.178375288556575,0.589477897799592,0.0002176436070776047
18.85,-0.172724759384786,0.593275264419041,0.00016680605837407898
18.8666666666667,-0.177399304095942,0.593275264419041,0.00013010234794921506
18.8833333333333,-0.172241900618153,0.591908002581697,0.0001028899841922191
18.9,-0.171759956749536,0.590542861709303,9.191817338323981e-05
18.9166666666667,-0.176912694637834,0.585390123821006,4.0973907268437775e-05
18.9333333333333,-0.175942232129574,0.595690940336263,3.906258224970837e-05
18.95,0.0561229476776305,0.582675500168474,0.012628139698032918
18.9666666666667,-0.175458375437524,0.777412592916742,0.013449534595282885
18.9833333333333,0.0470087006402487,0.587818925850804,0.02196889606566682
19.0,-0.169363897469674,0.603221348226099,0.018779659167605604
19.0166666666667,-0.174012281846609,0.590232927566475,0.013401172203548762
19.0333333333333,-0.173532070123854,0.582396319208262,0.007456828093208672
19.05,-0.168887405003552,0.588873700116089,0.0034319285574217206
19.0666666666667,0.0395212838779351,0.770148352795781,0.00999642036985384
19.0833333333333,-0.177207899189664,0.768702088482753,0.00989822172687795
19.1,-0.186463867456384,0.573240307727862,0.008493232440192369
19.1166666666667,0.0501359411717225,0.58345776687298,0.017112301965095354
19.1333333333333,-0.180868851344192,0.58345776687298,0.015132668671004499
19.15,-0.171144576753277,0.757841591390047,0.011396212694640742
19.1666666666667,0.0458121877822933,0.569227827111984,0.017450055963073308
19.1833333333333,0.0418918879359992,0.761503447380095,0.024045217108018498
19.2,0.0469799668575398,0.571651227211066,0.03115212065520533
19.2166666666667,0.05206347392241,0.563906677745091,0.038066522747023025
19.2333333333333,-0.164171812035417,0.763718103024708,0.031136700862622796
19.25,-0.173383575051504,0.562581510361841,0.02107371581422991
19.2666666666667,-0.163239364827175,0.760853322103484,0.011473965414857826
19.2833333333333,0.0485254415070521,0.747871128463829,0.015895221769250376
19.3,0.0446197282549861,0.751516075916262,0.023402844321359556
19.3166666666667,-0.199593256121474,0.319465986548712,0.02137722038628163
19.3333333333333,0.0496759331378094,0.737169029130853,0.027552887322714246
19.35,-0.165970788825766,0.554673200820441,0.021938288943277123
19.3666666666667,0.0504388504788167,0.55336222737596,0.026107302004665746
19.3833333333333,0.0508190909953768,0.732966981015743,0.03182456347024948
19.4,-0.16457830242779,0.738005106455905,0.026485407216912372
19.4166666666667,0.0473073410467094,0.741633239047233,0.029259958059880766
19.4333333333333,0.0616308954449764,0.733808428391921,0.036110476017897894
19.45,0.057723840057217,0.737429383230683,0.04238633183484704
19.4666666666667,-0.179749804727142,0.498187711256943,0.034506592332663344
19.4833333333333,0.0488252774168274,0.723235378896507,0.035004698784103574
19.5,-0.163489618207058,0.510920483272621,0.025295679863599735
19.5166666666667,0.0592028061860375,0.731853508976811,0.02920412387359348
19.5333333333333,0.0599375471374074,0.735453643429216,0.036182957085839754
19.55,0.0507046464202418,0.735453643429216,0.04210749834371258
19.5666666666667,-0.181030187647869,0.489222494075448,0.03419177903994783
19.5833333333333,-0.180079264680285,0.300755561647451,0.023414922498581937
19.6,-0.180079264680285,0.728106853921808,0.012988519915795787
19.6166666666667,0.0567939020985491,0.518902312734017,0.018465534329741212
19.6333333333333,-0.178659487604859,0.476553864874845,0.01566822092502102
19.65,0.0632051534908186,0.537462677865093,0.026880099481985897
19.6666666666667,0.0589823568671314,0.95603613622145,0.036904138674849735
19.6833333333333,-0.176778713378405,0.286370208250076,0.03175382947876734
19.7,-0.175377269609474,0.480361856327831,0.02250741236489213
19.7166666666667,0.0653487520656718,0.708523422249189,0.027782933254764643
19.7333333333333,-0.174447299339963,0.477851783327194,0.021509964545041435
19.75,-0.173983606841067,0.464073295311098,0.015241181738752918
19.7666666666667,-0.168509112415833,0.71386484195922,0.009552777553254918
19.7833333333333,-0.177604917601082,0.707493172355021,0.005287207422088725
19.8,-0.171219443687759,0.462898300723918,0.0021994742760459147
19.8166666666667,-0.166229842265997,0.700723247611685,0.0010064713700432544
19.8333333333333,-0.165776526095616,0.454225445644219,0.000828960405149845
19.85,-0.165324052054983,0.698029259556817,0.0007528923402262875
19.8666666666667,-0.168939353141416,0.701657304328067,0.0005874609876575738
19.8833333333333,-0.163522544620675,0.698966482944959,0.0005609325978103915
19.9,-0.167581408579243,0.691328975024579,0.000403135412452003
19.9166666666667,-0.171176908806646,0.688662655427596,0.0003095080915490494
19.9333333333333,-0.0125866436836873,0.692274015514468,0.00024404127768321086
19.95,-0.155912349404117,0.695874343021865,0.00010875570605229908
19.9666666666667,-0.150983746952869,0.450740719716439,6.60841767877232e-05
19.9833333333333,-0.144342787942263,0.700364722357327,0.00012380282216130077
20.0,-0.16802473354509,0.673159769860876,6.42524664278044e-05
20.0166666666667,0.0657260511622496,0.909618389457288,0.014740859302605144
20.0333333333333,0.0003246980207691,0.672828266354232,0.015778776223028916
20.05,0.0052189448294321,0.671521267065944,0.014599102730080514
20.0666666666667,0.0014524650136856,0.668912997794623,0.010434869998834842
20.0833333333333,-0.149840170610631,0.67118529993502,0.005878028649344594
20.1,0.00294550769501,0.657561096361631,0.002972712212142991
20.1166666666667,-0.162714888959999,0.657561096361631,0.0014808764487775825
20.1333333333333,-0.157850409517366,0.656273513522408,0.0009631711320036505
20.15,0.0078099871376437,0.656273513522408,0.0024564716668937737
20.1666666666667,-0.148559454692409,0.661133762663049,0.0023424421681734146
20.1833333333333,-0.161841290218229,0.661133762663049,0.001973539623221074
20.2,-0.148559454692409,0.661133762663049,0.0013496385597910985
20.2166666666667,0.0040573570009179,0.672141849299356,0.001647908649194244
20.2333333333333,-0.147285869498145,0.669543227908505,0.0012702167592051
20.25,-0.151706301605078,0.669543227908505,0.0009411692099424775
20.2666666666667,-0.146862918610126,0.668246753147749,0.0006263387761742264
20.2833333333333,0.0051624513256626,0.662112984040657,0.0015760923643597091
20.3,0.0055293218699063,0.666952164216993,0.0026323341443475635
20.3166666666667,-0.215905635342759,0.451650976111419,0.002429835084963525
20.3333333333333,-0.367360436001543,0.432081219200738,0.001876559611235853
20.35,-0.223906902336121,0.67167890287333,0.001137675962914481
20.3666666666667,-0.14831740259682,0.430642338998229,0.0005172094141139576
20.3833333333333,-0.139114279632187,0.67013137264695,0.00015595200260093843
20.4,0.02658387793022,0.673641299383035,0.006008467852134223
20.4166666666667,-0.367652226747549,0.687382801938632,0.006400562086039528
20.4333333333333,0.0235248264109238,0.914738402622611,0.01071865607229932
20.45,-0.136242568168167,0.931921435167884,0.009214910170684796
20.4666666666667,0.0289895092580558,0.676739711263141,0.01310407213110421
20.4833333333333,0.0340947910532201,0.91387086647425,0.018258489117095912
20.5,-0.202897042688028,0.453202317595868,0.015708787324864422
20.5166666666667,-0.198048382272984,0.439938259984307,0.011361673425277545
20.5333333333333,-0.197611275699639,0.671745751754928,0.006847275056482312
20.55,-0.196739414456263,0.43039192354486,0.0030535840224273467
20.5666666666667,-0.205530577313333,0.663046647185212,0.0009974582731974856
20.5833333333333,-0.204208480846679,0.420902520780145,0.0004905280002486683
20.6,-0.362904056861389,0.657933023512956,0.0003902816640025467
20.6166666666667,-0.198519665181618,0.661470556541463,0.0004376956693718819
20.6333333333333,0.0118285275979453,0.884930082434838,0.0030293725152672696
20.65,0.0212476124940586,0.870051515095142,0.007921653548185569
20.6666666666667,0.0149843935149754,0.650317549945163,0.011119535271805227
20.6833333333333,0.0300185001915487,0.662129216272086,0.01636401165382375
20.7,-0.350940398889767,0.502441839344407,0.0139588542993172
20.7166666666667,-0.183440705305627,0.595385425057088,0.009818293481295507
20.7333333333333,-0.141692944871614,0.418271891597434,0.005541424358803597
20.75,-0.185270504075408,0.582077368266191,0.0024915120621032604
20.7666666666667,0.0808976289459224,0.636205220196562,0.01889256251307352
20.7833333333333,-0.13886375815931,0.404359270589357,0.01957310339423083
20.8,-0.123278697723723,0.618235846773069,0.01669356683049804
20.8166666666667,0.0699826406300737,0.621689355103733,0.02681371802773534
20.8333333333333,0.0793120698163335,0.607508637280203,0.04021443297308027
20.85,-0.136070597938271,0.39061370540343,0.034980754646562834
20.8666666666667,0.0851819457967046,0.607343587006409,0.045000396680680115
20.8833333333333,0.068163672706185,0.594476947977958,0.05121975990088436
20.9,0.0910062927781922,0.607170523908898,0.0610531453083049
20.9166666666667,-0.132531572175631,0.374840588050286,0.04908351065935459
20.9333333333333,0.0697248881900933,0.576962734869381,0.04976755599407467
20.95,-0.139979026856512,0.598389176646088,0.03592793606070345
20.9666666666667,0.083859276411274,0.822227479913874,0.04149610602292727
20.9833333333333,-0.12551995994189,0.37298677766567,0.032336424061802975
21.0,-0.12943431963177,0.360378011836168,0.02323774018561903
21.0166666666667,0.0767739568669185,0.809930007019237,0.031175860826641463
21.0333333333333,-0.136847191412375,0.3628972728714,0.025659452572071112
21.05,-0.127140938864551,0.597016745845946,0.018639628625473713
21.0666666666667,-0.139562037355073,0.584165285609231,0.011867165257311844
21.0833333333333,-0.125625937090195,0.355395800181896,0.00652201887405112
21.1,-0.128747990017303,0.594547866537896,0.002780038520092773
21.1166666666667,-0.124121973892207,0.587564974208975,0.0011791810544987819
21.1333333333333,0.0275460573435971,0.579433311024834,0.0072005676346673575
21.15,-0.127239591256513,0.347970003953684,0.007588722983436268
21.1666666666667,-0.139166879621293,0.570178973614181,0.006398976304463773
21.1833333333333,-0.117287417630072,0.343760293017456,0.004307442751610762
21.2,-0.124997503340877,0.352947092487288,0.002380813018983659
21.2166666666667,-0.123885615109511,0.579320390344633,0.0009166239817980917
21.2333333333333,-0.131920952072446,0.572429634814097,0.00044646278993156884
21.25,0.0228103591359897,0.336451452300884,0.005326979140974648
21.2666666666667,0.0146333252635863,0.552997588913661,0.008912126171717693
21.2833333333333,0.023759356241537,0.322164789625496,0.013712951857265952
21.3,0.0155992706509643,0.549601439655386,0.015378856377778272
21.3166666666667,0.0331778219424145,0.324669755038034,0.01963507741239357
21.3333333333333,0.0204697925973477,0.530345624378941,0.020422632130507337
21.35,0.0113663944403562,0.526903436634982,0.018260037507059984
21.3666666666667,0.0110419192213662,0.516684874792351,0.015457608069884625
21.3833333333333,0.0110419192213662,0.522346085205384,0.013002000549838215
21.4,0.239726529231243,0.743979777267331,0.06240572753852875
21.4166666666667,0.0247026688079558,0.536006834791974,0.06806363373179354
21.4333333333333,0.0250158486681471,0.540552890862773,0.06304577094019265
21.45,0.232169656394444,0.750501857250084,0.09653179821333123
21.4666666666667,0.0301751316741445,0.548507332529785,0.08744417302667921
21.4833333333333,-0.12330369741096,0.54738248411776,0.0646330606807772
21.5,0.0136198444935403,0.536086539548081,0.043673996580748435
21.5166666666667,0.0753146677651692,0.734436554999608,0.041395902044607205
21.5333333333333,0.0226707590359894,0.52823311064129,0.033958892797938914
21.55,-0.134668518887477,0.521509707408476,0.025248288595549336
21.5666666666667,0.0184628175126861,0.52260885283718,0.0219706449042013
21.5833333333333,0.0190922376260318,0.520412080646468,0.019640067118165894
21.6,0.0148935898357884,0.526025847005674,0.016816466216283413
21.6166666666667,0.0239147172700953,0.750686731831861,0.017766542258674467
21.6333333333333,0.0284197142824866,0.517128285059542,0.020644298383711443
21.65,0.0158423036863695,0.738080596281146,0.020209850197194054
21.6666666666667,0.0206548832186947,0.514946631389463,0.0201073714175598
21.6833333333333,0.0254557565858647,0.74468268904449,0.02059046837258275
21.7,0.0212756041308431,0.512770987160914,0.020360409114728813
21.7166666666667,0.0212756041308431,0.507198894384667,0.0203800629101531
21.7333333333333,0.017722909935695,0.742292306925085,0.019248052998663782
21.75,0.240173893175918,0.719145602099231,0.0679026992054959
21.7666666666667,0.0087535572703657,0.721984316369927,0.06827389023339817
21.7833333333333,0.0087535572703657,0.507198894384667,0.057719511688111874
21.8,0.0209655523195991,0.502708690118401,0.042940358713533376
21.8166666666667,-0.132452945419351,0.72433885437889,0.025061372061399564
21.8333333333333,0.0293350827978728,0.519440527004063,0.017917043348425973
21.85,-0.127959049804751,0.287523634110096,0.011918300679940267
21.8666666666667,0.0293350827978728,0.293000772093397,0.015224169076685393
21.8833333333333,-0.123829063830728,0.519440527004063,0.012779374507440933
21.9,-0.123829063830728,0.530621064171046,0.009341198399889906
21.9166666666667,-0.124189934069601,0.520534297210384,0.005960539426283947
21.9333333333333,0.0290305719959399,0.520534297210384,0.00987553717702806
21.95,0.0248411871832729,0.293989114642718,0.014060625051554948
21.9666666666667,0.0200316884990364,0.517128285059542,0.017151022625261986
21.9833333333333,-0.137693814578896,0.507030416701089,0.014285543166136935
22.0,-0.137693814578896,0.285972579605032,0.009857847533922891
22.0166666666667,0.0155266914866452,0.529433208080775,0.009038941083815547
22.0333333333333,0.238415893066962,0.722925816053775,0.05943393653150762
22.05,-0.13392733881258,0.519315969818006,0.06077923215493946
22.0666666666667,-0.129785175073328,0.292453914425099,0.050874793462444313
22.0833333333333,-0.116982979026135,0.302465331336137,0.033263044433995
22.1,0.0148935898357884,0.514803549004645,0.02007329122495942
22.1166666666667,-0.125639958476918,0.530538267819035,0.008623817185461562
22.1333333333333,0.233991951093079,0.735311794113515,0.05655303757714665
22.15,0.0232939799033012,0.520412080646468,0.06388138757839434
22.1666666666667,0.0232939799033012,0.531644855414403,0.060390108269791354
22.1833333333333,0.0232939799033012,0.526025847005674,0.04812293108578848
22.2,0.0232939799033012,0.531644855414403,0.035618280984865004
22.2166666666667,0.0317067616132121,0.526025847005674,0.027759066321355358
22.2333333333333,0.237970945716565,0.514937165149854,0.07224280661399125
22.25,0.0229826804927107,0.527128715817205,0.07459724082656774
22.2666666666667,0.0268818053284022,0.52260885283718,0.0674102738498712
22.2833333333333,0.0226707590359894,0.52823311064129,0.05189283569411764
22.3,0.0226707590359894,0.52823311064129,0.03740583201533845
22.3166666666667,0.0268818053284022,0.306470473981543,0.02739163301286739
22.3333333333333,0.026262311433112,0.536086539548081,0.024048629626081536
22.35,0.0178308907859531,0.536086539548081,0.02235625547559187
22.3666666666667,0.026262311433112,0.524811710657907,0.022821940644627114
22.3833333333333,0.0304826926780606,0.524811710657907,0.02416866883329123
22.4,0.026262311433112,0.536086539548081,0.02517637936903802
22.4166666666667,0.0353132259755611,0.533862625200356,0.027324717129770172
22.4333333333333,-0.118416387684154,0.54513745409053,0.02125673419969689
22.45,0.0268818053284022,0.317532570251148,0.020376371974042466
22.4666666666667,0.0268818053284022,0.533862625200356,0.020480677161329907
22.4833333333333,0.0353132259755611,0.533862625200356,0.023580459993619497
22.5,0.0268818053284022,0.54513745409053,0.025254228102995158
22.5166666666667,0.0268818053284022,0.54513745409053,0.025914757982703235
22.5333333333333,0.0268818053284022,0.533862625200356,0.02565178523527086
22.55,0.0268818053284022,0.533862625200356,0.02518877385410486
22.5666666666667,0.0136198444935403,0.524811710657907,0.021771780046568684
22.5833333333333,0.026262311433112,0.536086539548081,0.021311610436833286
22.6,-0.118416387684154,0.533862625200356,0.015701964734614392
22.6166666666667,0.026262311433112,0.524811710657907,0.01611612124560381
22.6333333333333,0.0226707590359894,0.306470473981543,0.01708277495778832
22.65,0.0178308907859531,0.536086539548081,0.01759073301824845
22.6666666666667,0.026262311433112,0.524811710657907,0.01954946676933382
22.6833333333333,0.0178308907859531,0.763691423387463,0.019473509902400488
22.7,0.0304826926780606,0.5417318686673,0.021487987882568824
22.7166666666667,0.026262311433112,0.536086539548081,0.022614379260391747
22.7333333333333,0.0304826926780606,0.536086539548081,0.024414845064221584
22.75,0.0178308907859531,0.763691423387463,0.023003610343197818
22.7666666666667,0.0217312506347177,0.537200807868906,0.021827953434582915
22.7833333333333,-0.127834758209354,0.537200807868906,0.015832640693438
22.8,0.0217312506347177,0.764912207352047,0.01488961724961719
22.8166666666667,0.0132998299875588,0.537200807868906,0.013537278742673516
22.8333333333333,0.0259516318796663,0.537200807868906,0.01592026360761454
22.85,0.0132998299875588,0.542851423319365,0.015916917598348398
22.8666666666667,0.0217312506347177,0.537200807868906,0.01729694111079528
22.8833333333333,0.0214168292264588,0.532666005215698,0.01813627226828464
22.9,0.0214168292264588,0.532666005215698,0.018811593076914945
22.9166666666667,0.0171964479815102,0.538316620666158,0.018226930035976148
22.9333333333333,0.0298669508227931,0.760377404698839,0.020319960005437843
22.95,0.0214168292264588,0.538316620666158,0.020694460703535134
22.9666666666667,0.0171964479815102,0.766134635535158,0.019744282019188004
22.9833333333333,0.016559479594099,0.762816410586861,0.01832413205183353
23.0,0.0211017798758363,0.539433980731477,0.01797991878887465
23.0166666666667,0.016559479594099,0.52923577123932,0.017023865166029002
23.0333333333333,0.0295581489498844,0.767358710868599,0.01932299951469157
23.05,0.0250158486681471,0.53489168044974,0.02090025970436305
23.0666666666667,0.0250158486681471,0.540552890862773,0.022174944308451162
23.0833333333333,0.0247026688079558,0.536006834791974,0.022744888702457253
23.1,0.0204697925973477,0.769811814746343,0.021892557743018674
23.1166666666667,0.0113663944403562,0.754934982062913,0.018715164902276253
23.1333333333333,0.0247026688079558,0.541673353864215,0.01857573936324413
23.15,0.0155992706509643,0.760708416589351,0.017243515488225114
23.1666666666667,0.0155992706509643,0.760708416589351,0.016302994275631
23.1833333333333,0.023759356241537,0.767714191140921,0.017395110261433054
23.2,0.0191982303360476,0.763153065235431,0.01786743491358497
23.2166666666667,0.0188787520114673,0.75858816016297,0.01798621280067519
23.2333333333333,0.0146333252635863,0.535918057247837,0.01691957197527401
23.25,0.0191982303360476,0.540482962320299,0.016797145146244877
23.2666666666667,0.0191982303360476,0.540482962320299,0.016799027418035635
23.2833333333333,0.0188787520114673,0.770173012959105,0.016975340580544625
23.3,0.0231273251153517,0.770173012959105,0.018180180195085844
23.3166666666667,0.0100646363253155,0.765604324020834,0.016392658982516864
23.3333333333333,0.018558636177081,0.771404917119813,0.016108691236707426
23.35,0.0228103591359897,0.765604324020834,0.017013919040796077
23.3666666666667,0.0097375855624726,0.538157894062587,0.015310813882765829
23.3833333333333,0.0143100630731965,0.319646835025079,0.01439899663458266
23.4,0.0182378816252658,0.543856422464667,0.01464478188084094
23.4166666666667,0.0139861586663571,0.543856422464667,0.01421109209724718
23.4333333333333,0.0228103591359897,0.777210964925705,0.015826855467976457
23.45,0.0182378816252658,0.315074357514355,0.016650991149510717
23.4666666666667,0.0310119847002717,0.543856422464667,0.019923703597614202
23.4833333333333,0.0179164871457793,0.539280151667034,0.0200653532629193
23.5,0.0182378816252658,0.549560312115798,0.019477884438282102
23.5166666666667,0.0136616108276328,0.544984041318165,0.017454187109625565
23.5333333333333,0.03070007137581,0.544984041318165,0.019302734076559
23.55,0.03070007137581,0.773873726827934,0.02180933538216571
23.5666666666667,0.0264357139026387,0.544984041318165,0.023573585850554697
23.5833333333333,0.0179164871457793,0.773873726827934,0.022612415041724815
23.6,0.0169484519995351,0.542656315283408,0.020530503769361184
23.6166666666667,0.0172717735497315,0.547243994306776,0.01844126036402284
23.6333333333333,0.0126840945263638,0.542656315283408,0.01594003647576682
23.65,0.0212159769008863,0.771761545950565,0.016008375167322814
23.6666666666667,0.0123569607530477,0.767170054704078,0.014982934129352327
23.6833333333333,0.0123569607530477,0.549510253393702,0.013985943084675797
23.7,0.0162998732908925,0.539189534685687,0.013908275406469838
23.7166666666667,0.0077616525297031,0.539189534685687,0.012234631109251128
23.7333333333333,0.0162998732908925,0.774236127334813,0.01246137004129924
23.75,0.0162998732908925,0.544914945170358,0.013098482256241203
23.7666666666667,0.0117007433290489,0.546046624932435,0.012842913628612292
23.7833333333333,0.0248507920335044,0.550645754894279,0.015340533534861036
23.8,0.0202516620716608,0.322245300384906,0.01689135856572345
23.8166666666667,0.0202516620716608,0.316617314282625,0.018025784254670232
23.8333333333333,0.0202516620716608,0.557524472676762,0.018533545004001173
23.85,0.228416947330216,1.01132918910918,0.06528316152721146
23.8666666666667,0.232693995718951,0.764225175183973,0.11586468537422993
23.8833333333333,0.23222096276898,0.755188497162365,0.1589610702903999
23.9,0.0064312940197055,0.555203641206793,0.1369680035645979
23.9166666666667,0.23222096276898,0.760930128302444,0.14820871731261775
23.9333333333333,0.227696977777777,0.767905679893227,0.15959626217974993
23.95,0.236273377610483,0.767905679893227,0.17679131039347587
23.9666666666667,0.0815191080337669,0.77242966488443,0.15874316426434779
23.9833333333333,0.0146670781912263,0.550589176515768,0.11964253314308777
24.0,0.0189568742330231,0.556347097341115,0.07857507610598938
24.0166666666667,0.231745622358579,0.544818982618944,0.09470007973007184
24.0333333333333,0.231507083990777,0.540287452391207,0.12766812053056303
24.05,0.0054266070019927,0.552869992279997,0.11382087689623342
24.0666666666667,0.018631555736016,0.327411924136447,0.08988013339297952
24.0833333333333,0.018631555736016,0.563260972271325,0.06129784141471471
24.1,0.0143385638760812,0.557492153112289,0.03663368882982539
24.1166666666667,-0.13647236630448,0.563260972271325,0.019295781541412003
24.1333333333333,0.0140093949037244,0.552869992279997,0.014578710234537448
24.15,0.0097164030437895,0.564413091371755,0.013010596987273297
24.1666666666667,0.0093833787786287,0.323823720693586,0.012070442715634403
24.1833333333333,-0.145720543261867,0.554012795313938,0.009738942393511585
24.2,0.0140093949037244,0.564413091371755,0.010582168685116805
24.2166666666667,-0.136856132180984,0.328449736818681,0.008125333982582052
24.2333333333333,0.0097164030437895,0.328449736818681,0.007694586163538679
24.25,0.013679570029268,0.323823720693586,0.008775892436858166
24.2666666666667,0.0183055861543636,0.558638811439034,0.011361061703962654
24.2833333333333,0.0140093949037244,0.334115068073426,0.01295934449497673
24.3,0.0140093949037244,0.564413091371755,0.013720388860831708
24.3166666666667,0.0140093949037244,0.564413091371755,0.01353785269670229
24.3333333333333,0.0097164030437895,0.558638811439034,0.012327429226762242
24.35,0.0140093949037244,0.328449736818681,0.012105244759620184
24.3666666666667,0.0183055861543636,0.564413091371755,0.013114814052265576
24.3833333333333,-0.136856132180984,0.564413091371755,0.010339189225766932
24.4,0.0183055861543636,0.328449736818681,0.011269032450128154
24.4166666666667,0.0229277469866552,0.563260972271325,0.013745609365655633
24.4333333333333,-0.13647236630448,0.333071897650973,0.01131165135538673
24.45,0.0143385638760812,0.327411924136447,0.011253059692983167
24.4666666666667,-0.144939690691837,0.563260972271325,0.008318185648731862
24.4833333333333,0.0146670781912263,0.567879282628267,0.008686089003835587
24.5,0.236273377610483,1.02126808923678,0.059402086122733205
24.5166666666667,0.0146670781912263,0.562110463469231,0.06420630434388726
24.5333333333333,0.0189568742330231,0.326375611122408,0.058451906329908
24.55,0.0192815428822513,0.790933048250852,0.04486699079014084
24.5666666666667,0.023571338924048,0.56096156203214,0.03234044118127187
24.5833333333333,0.0284989544642926,0.340207487395474,0.02462214882306581
24.6,0.0331019109342066,0.569024009258748,0.024345737279246944
24.6166666666667,0.0202516620716608,0.557524472676762,0.024078207323695
24.6333333333333,-0.134184302810709,0.562123602638606,0.01877715119327753
24.65,0.0248507920335044,0.562123602638606,0.017803543946457896
24.6666666666667,0.0205737436447698,0.556381971498526,0.017567406487829347
24.6833333333333,0.0254866727607244,0.571310402108438,0.019261901293735985
24.7,0.0254866727607244,0.565568770968358,0.02092330914674434
24.7166666666667,0.0258036559242541,0.564420233387479,0.02247153471316379
24.7333333333333,0.03070007137581,0.567853364016464,0.02439955144355415
24.75,0.03070007137581,0.567853364016464,0.025815002847238082
24.7666666666667,0.0179164871457793,0.332914797980258,0.024241429607613156
24.7833333333333,0.0224927579434123,0.560984205457316,0.022788372421158692
24.8,0.0270652354541362,0.56555668296804,0.02247954972169606
24.8166666666667,0.0182378816252658,0.772638487414981,0.020966733247929213
24.8333333333333,0.0273790480742605,0.558701478564792,0.021619415105546262
24.85,0.0188787520114673,0.547299060511582,0.020847717578708434
24.8666666666667,0.0191982303360476,0.546170790875784,0.01994168456312494
24.8833333333333,0.0283167076711351,0.789656988465632,0.021077357234462586
24.9,0.0113663944403562,0.555289268210872,0.01878789185557207
24.9166666666667,0.0204697925973477,0.787164647448243,0.018253341972853453
24.9333333333333,0.0377238780132139,0.557568403953572,0.022022429536475728
24.95,0.0292487248787552,0.540552890862773,0.02428714021714121
24.9666666666667,0.0253284016776924,0.79625300380078,0.025157879471443073
24.9833333333333,0.0340966980949851,0.78343872024398,0.02712203418355048
25.0,0.0301751316741445,0.776432062666907,0.027633590461229048
25.0166666666667,0.026262311433112,0.77520049898676,0.026847829695011184
25.0333333333333,0.0178308907859531,0.77520049898676,0.023955669593412388
25.05,0.0184628175126861,0.54513745409053,0.021311180992206427
25.0666666666667,0.0187778403061031,0.783014045672915,0.019210403254999956
25.0833333333333,0.0274988200899088,0.764555047181494,0.01995087780225859
25.1,0.0229826804927107,0.760038907584296,0.020592301874626857
25.1166666666667,-0.18700483391091,0.548525857491397,0.016060359084088278
25.1333333333333,0.0278064007166627,0.757612064683661,0.017075401405670466
25.15,-0.186214781058156,0.546271586497166,0.012807436344199702
25.1666666666667,-0.198792191654273,0.529144498161019,0.008578115602091433
25.1833333333333,-0.193803163425931,0.538319830353939,0.00500479817427491
25.2,0.0209655523195991,0.774398860949312,0.007399034681800603
25.2166666666667,-0.184642904723874,0.547480089055997,0.006283685434908492
25.2333333333333,-0.188431795297676,0.534975289615971,0.005054005116111869
25.25,-0.200953842158153,0.534975289615971,0.003480863262525037
25.2666666666667,0.0204476714529903,0.538430499450352,0.0066434328348298766
25.2833333333333,0.0269814771940069,0.92531180913265,0.011874460972338548
25.3,-0.19518788903246,0.530537372041829,0.011161002555105336
25.3166666666667,-0.194790855441451,0.529431708275049,0.00877839545671545
25.3333333333333,-0.185690520775407,0.532875869196707,0.005406356259407302
25.35,-0.189846202284617,0.521579249166149,0.002641128851616374
25.3666666666667,0.0015304271033016,0.699786172139265,0.0015538836054895737
25.3833333333333,-0.197353078671699,0.530664694700053,0.000878963751933825
25.4,0.0151307581154448,0.527359305134923,0.004151393979173962
25.4166666666667,-0.187504674247928,0.526260530363091,0.004364641501267279
25.4333333333333,0.0157588508319101,0.525163261970594,0.007195223550996363
25.45,0.0163844802208047,0.702927385470846,0.009956841119536736
25.4666666666667,-0.349611518836365,0.362348428863414,0.00848771054539471
25.4833333333333,-0.198315227601386,0.510687876659156,0.006061077108348491
25.5,-0.154261083172226,0.359273978020573,0.0035276775263385343
25.5166666666667,-0.360116027487442,0.526438200607004,0.0016698791404690025
25.5333333333333,-0.149319885744347,0.530995948612541,0.000713705248118676
25.55,0.0018611087173248,0.50978719912119,0.000817383943570798
25.5666666666667,-0.34965062628154,0.347611102075285,0.0008165929335528373
25.5833333333333,-0.151590977806674,0.34660281492356,0.0008223025806755455
25.6,0.0034538214691437,0.671984082075846,0.00145320210913303
25.6166666666667,-0.193628667060301,0.676451539504141,0.0013459132746150501
25.6333333333333,0.0040866064989757,0.658489173171583,0.002064922659613084
25.65,0.0085468213387876,0.495688244265572,0.0037418295780298136
25.6666666666667,0.0050312051480396,0.499080752769619,0.004716818640290913
25.6833333333333,0.021905795272437,0.665126069555973,0.00877580807675885
25.7,0.223309512043762,0.659542600620664,0.05799607311806422
25.7166666666667,0.021905795272437,0.665126069555973,0.06440648679415478
25.7333333333333,0.0139263714840652,0.663988383020926,0.05759022652722871
25.75,-0.144443474897184,0.51679059033836,0.039596424540787635
25.7666666666667,0.0186714149025242,0.672869160692287,0.025827428991864597
25.7833333333333,-0.143703082453085,0.51462740245053,0.012767527348164762
25.8,-0.190557370997912,0.650586302996567,0.006454329361466754
25.8166666666667,-0.147832829680377,0.492344544754809,0.0039110996771342475
25.8333333333333,-0.344742152888632,0.492344544754809,0.002757743815311388
25.85,-0.350107834507948,0.280381797840672,0.001961472061908087
25.8666666666667,0.0189736797807775,0.643910391161965,0.005976357448880827
25.8833333333333,0.0189736797807775,0.649463312129398,0.010292673607261354
25.9,0.0189736797807775,0.649463312129398,0.013770013492468727
25.9166666666667,-0.182065390654769,0.649463312129398,0.011760520889045998
25.9333333333333,0.0237031926002366,0.663880567035423,0.013677656701964544
25.95,-0.139204112057248,0.491285520291373,0.0104642985179073
25.9666666666667,-0.14333385928454,0.491285520291373,0.007114960818875759
25.9833333333333,0.0189736797807775,0.488295075832165,0.008317913874079593
26.0,-0.541989496722096,0.283986285094639,0.006695349494805138
26.0166666666667,-0.537416338463971,0.288559443352764,0.00480053121935395
26.0333333333333,-0.134346821448654,0.494719637159826,0.0031190411509850273
26.05,-0.129858745204636,0.504760634371277,0.0019678234667175414
26.0666666666667,0.0281274573336752,0.662746836909588,0.007261364707814772
26.0833333333333,-0.129858745204636,0.493659859383489,0.007247088486016145
26.1,0.0284213923928476,0.661614609589835,0.012663705229113083
26.1166666666667,-0.129858745204636,0.493659859383489,0.011087102842032558
26.1333333333333,0.0242976192000491,0.65606675556948,0.013560564987387367
26.15,-0.125374291552424,0.498144313035701,0.010762020188170445
26.1666666666667,-0.129501050140932,0.498144313035701,0.00745789625627384
26.1833333333333,-0.340064306852634,0.287581056323998,0.004179146486540837
26.2,-0.13362482333373,0.492601519030332,0.002318849542304674
26.2166666666667,-0.13362482333373,0.503692167056056,0.0010778306611149248
26.2333333333333,-0.340064306852634,0.287581056323998,0.0007158566347572187
26.25,0.0716769278502745,0.491544613565135,0.016726647002462274
26.2666666666667,-0.344188080045433,0.282038262318629,0.01782254966893665
26.2833333333333,-0.137382591036447,0.502625148480344,0.01530362060599843
26.3,-0.129143987889087,0.497082354474975,0.010249531638040064
26.3166666666667,-0.13362482333373,0.487063778120492,0.0055144970320045224
26.3333333333333,-0.138109276985941,0.482579324468281,0.0019433517227902919
26.35,-0.129501050140932,0.492601519030332,0.0008210505814272663
26.3666666666667,-0.13362482333373,0.492601519030332,0.0010165160874396353
26.3833333333333,0.0240006987451679,0.646103267916431,0.006236311628494223
26.4,-0.133985503793143,0.482579324468281,0.006504446161003193
26.4166666666667,-0.334879085139423,0.48811706537812,0.005773743460476007
26.4333333333333,-0.545527355190504,0.283011589332408,0.0039459183906014345
26.45,0.0281274573336752,0.6516460619218,0.008412275062091185
26.4666666666667,-0.134346821448654,0.483628989134102,0.007623763379019158
26.4833333333333,-0.134346821448654,0.494719637159826,0.006189875964338248
26.5,-0.14333385928454,0.480184745303585,0.004234935658817874
26.5166666666667,-0.353330705295147,0.278438431074284,0.002405923137277251
26.5333333333333,-0.331256144656908,0.494719637159826,0.0009130537246585025
26.55,-0.130217074221362,0.500272558127259,0.0005181637245037312
26.5666666666667,-0.134346821448654,0.494719637159826,0.0004610956255549987
26.5833333333333,0.0669080775531391,0.499207713403845,0.0155371047291919
26.6,-0.133985503793143,0.493659859383489,0.01650609327250239
26.6166666666667,-0.340064306852634,0.287581056323998,0.014097973254392033
26.6333333333333,-0.348757547037022,0.277468795327039,0.00947059474263588
26.65,-0.133985503793143,0.493659859383489,0.005033636526222729
26.6666666666667,-0.133985503793143,0.493659859383489,0.0017667740999143624
26.6833333333333,0.0624200013091205,0.483628989134102,0.014550760399593325
26.7,-0.356996150184382,0.277468795327039,0.0154798684522969
26.7166666666667,0.0711075543546613,0.493659859383489,0.02940508469486664
26.7333333333333,-0.340507015255717,0.288559443352764,0.02600238421994289
26.75,0.0711075543546613,0.48811706537812,0.03518041666002121
26.7666666666667,-0.134346821448654,0.483628989134102,0.028152785688231673
26.7833333333333,-0.129858745204636,0.493659859383489,0.019857789179053943
26.8,-0.129858745204636,0.499207713403845,0.011474942389911936
26.8166666666667,-0.340064306852634,0.287581056323998,0.005526881809434436
26.8333333333333,-0.125374291552424,0.509245088023489,0.0021599509352763207
26.85,0.0281274573336752,0.6516460619218,0.007550841668547085
26.8666666666667,-0.129858745204636,0.493659859383489,0.007697348173964195
26.8833333333333,-0.129858745204636,0.493659859383489,0.006792557167467374
26.9,-0.129858745204636,0.493659859383489,0.0048938485611095504
26.9166666666667,-0.125728997977343,0.493659859383489,0.002810810466267482
26.9333333333333,0.0281274573336752,0.6516460619218,0.007699390690664677
26.95,-0.134346821448654,0.494719637159826,0.007564959596029847
26.9666666666667,0.0708219962141847,0.489171783139471,0.022129169972954436
26.9833333333333,-0.349206932102349,0.278438431074284,0.021379630798849556
27.0,-0.345975095394097,0.274828876873239,0.017159573811264546
27.0166666666667,-0.135071372943396,0.491285520291373,0.010712871902186196
27.0333333333333,-0.130935638690494,0.491285520291373,0.0053648466690137874
27.05,-0.350559354328244,0.270244617939093,0.0019205831787936147
27.0666666666667,-0.345975095394097,0.502581923494844,0.0007685148880648702
27.0833333333333,-0.350559354328244,0.292486773002421,0.0007649719178931766
27.1,-0.144072953934858,0.487841934159184,0.0010864362819240194
27.1166666666667,-0.143703082453085,0.492344544754809,0.0009558166369259491
27.1333333333333,-0.139937219681956,0.72715317824669,0.0007937234853922597
27.15,-0.131656752725481,0.498973173395807,0.0007546285444469383
27.1666666666667,-0.139937219681956,0.498973173395807,0.0005631371106501486
27.1833333333333,-0.139937219681956,0.504546431726282,0.000556751521415385
27.2,-0.131656752725481,0.504546431726282,0.0006341336306939003
27.2166666666667,-0.127154142129856,0.503475783991431,0.00047724770098764335
27.2333333333333,-0.135434609086331,0.503475783991431,0.0003674736041226396
27.25,-0.55219635862457,0.287898804859959,0.00032221445622432126
27.2666666666667,-0.342731121261329,0.287898804859959,0.00026962799865531706
27.2833333333333,-0.336619379493097,0.509049042321907,0.00028413162424455955
27.3,-0.127154142129856,0.509049042321907,0.00027310887176719135
27.3166666666667,-0.136812471400091,0.281355533765799,0.00026782597574620266
27.3333333333333,-0.341121990088722,0.510124791854905,0.0002630180009529037
27.35,0.061541550693034,0.503475783991431,0.014055646845923532
27.3666666666667,-0.338143153118867,0.292486773002421,0.01495151314490468
27.3833333333333,0.0183685567199298,0.64614771056107,0.016878868272486216
27.4,0.0231064188946291,0.649463312129398,0.018023018972216375
27.4166666666667,-0.135071372943396,0.507974754387268,0.013630237933321524
27.4333333333333,-0.346423620075341,0.292486773002421,0.008617104414515282
27.45,-0.358821840669388,0.292486773002421,0.004797512954553378
27.4666666666667,-0.139570343339233,0.486786549895535,0.0023299844522716084
27.4833333333333,-0.130935638690494,0.507974754387268,0.0010113283926211811
27.5,-0.139570343339233,0.503475783991431,0.0006171607904236344
27.5166666666667,-0.135434609086331,0.503475783991431,0.0006505102045253285
27.5333333333333,-0.350559354328244,0.281355533765799,0.0006588866576117235
27.55,-0.122655171734019,0.491285520291373,0.0005702539154819127
27.5666666666667,-0.350559354328244,0.275797538906525,0.0005107057537916004
27.5833333333333,-0.543024131547961,0.280381797840672,0.0004334675630336326
27.6,-0.340243182492794,0.496843515150646,0.0003767374541076621
27.6166666666667,-0.135434609086331,0.492344544754809,0.00038280577115910256
27.6333333333333,-0.122655171734019,0.491285520291373,0.0003015694627176885
27.65,-0.130935638690494,0.496843515150646,0.0002764659266973772
27.6666666666667,-0.135071372943396,0.496843515150646,0.00029309416317302667
27.6833333333333,0.0228071491554267,0.650586302996567,0.005364341682791136
27.7,0.0660405210888712,0.496843515150646,0.020484556464695075
27.7166666666667,-0.341839361141194,0.297071031936568,0.020617185617754868
27.7333333333333,-0.135071372943396,0.491285520291373,0.016659595792973256
27.75,0.237286183601049,0.663880567035423,0.06375361307600061
27.7666666666667,-0.122655171734019,0.491285520291373,0.06188561080341
27.7833333333333,0.0231064188946291,0.666152546225294,0.05511160798021957
27.8,-0.122655171734019,0.491285520291373,0.03788714979526445
27.8166666666667,-0.336817687172697,0.295097200921345,0.021268026230442546
27.8333333333333,-0.130935638690494,0.496843515150646,0.008616674484599324
27.85,-0.345975095394097,0.280381797840672,0.0032710620825108267
27.8666666666667,0.0657501613204353,0.492344544754809,0.016633086150043233
27.8833333333333,0.0702491317162725,0.513548012717744,0.033260842483734336
27.9,-0.135434609086331,0.503475783991431,0.031711462549819124
27.9166666666667,-0.178005475137636,0.655021306988672,0.024805350222155867
27.9333333333333,-0.341839361141194,0.285939792699946,0.015477269604511696
27.95,-0.338143153118867,0.281355533765799,0.007311985171194181
27.9666666666667,-0.127154142129856,0.492344544754809,0.0025031423024475447
27.9833333333333,0.0657501613204353,0.509049042321907,0.01580964937850267
28.0,-0.547608390482107,0.281355533765799,0.016709648622682392
28.0166666666667,-0.342731121261329,0.287898804859959,0.014581003166904204
28.0333333333333,-0.338143153118867,0.292486773002421,0.009825016571838131
28.05,-0.135434609086331,0.503475783991431,0.00532382297556048
28.0666666666667,-0.346423620075341,0.281355533765799,0.0020793966938913704
28.0833333333333,-0.135434609086331,0.503475783991431,0.0007882037326141535
28.1,-0.333998413886708,0.292486773002421,0.00061969600338768
28.1166666666667,0.0612475507248106,0.510124791854905,0.014331240314563213
28.1333333333333,-0.135434609086331,0.503475783991431,0.015238956186731305
28.15,-0.127154142129856,0.503475783991431,0.013110220402587303
28.1666666666667,-0.351011588217803,0.293472063190434,0.008768822650278578
28.1833333333333,-0.127154142129856,0.503475783991431,0.004593568933711718
28.2,-0.127154142129856,0.503475783991431,0.0016242210401752112
28.2166666666667,0.069673928993295,0.504546431726282,0.016194961626825134
28.2333333333333,-0.338143153118867,0.292486773002421,0.017112496086562838
28.25,-0.33355889418472,0.297071031936568,0.014809800324159836
28.2666666666667,-0.346423620075341,0.292486773002421,0.009908754114550932
28.2833333333333,-0.127154142129856,0.503475783991431,0.005309577989356045
28.3,-0.346423620075341,0.292486773002421,0.0019474169846586183
28.3166666666667,-0.130935638690494,0.507974754387268,0.0007549029578509314
28.3333333333333,-0.350559354328244,0.292486773002421,0.0006246254652859574
28.35,-0.332681952919795,0.295097200921345,0.0006577729298293767
28.3666666666667,-0.130935638690494,0.507974754387268,0.0006353696753744113
28.3833333333333,-0.341839361141194,0.285939792699946,0.000753913917577844
28.4,-0.547086989426362,0.280381797840672,0.0007531412003796016
28.4166666666667,-0.345080173513841,0.295097200921345,0.0007174816533772317
28.4333333333333,-0.345975095394097,0.280381797840672,0.0004962460798278885
28.45,-0.336817687172697,0.289539206062071,0.0004181396688612826
28.4666666666667,-0.336817687172697,0.295097200921345,0.0005768063300547761
28.4833333333333,0.0660405210888712,0.496843515150646,0.015361289241394372
28.5,-0.541989496722096,0.283986285094639,0.016285013250410086
28.5166666666667,-0.139911355851002,0.289539206062071,0.01378974627204017
28.5333333333333,-0.134346821448654,0.494719637159826,0.009266177057859128
28.55,-0.144113873954544,0.289539206062071,0.004906065067359785
28.5666666666667,0.0795156351687758,0.504760634371277,0.01960783182169198
28.5833333333333,-0.336377268028424,0.294112364320196,0.01960929406361685
28.6,-0.12608433510751,0.494719637159826,0.016657616006617804
28.6166666666667,0.0795156351687758,0.504760634371277,0.029174849525153302
28.6333333333333,-0.336377268028424,0.288559443352764,0.025156709187068547
28.65,0.0753100724582033,0.499207713403845,0.03540700878474465
28.6666666666667,-0.129858745204636,0.493659859383489,0.029505847999903398
28.6833333333333,-0.13954071569642,0.283011589332408,0.021501256685063797
28.7,-0.536903847823419,0.287581056323998,0.01257150191292498
28.7166666666667,-0.129858745204636,0.499207713403845,0.006368902175800528
28.7333333333333,-0.129858745204636,0.493659859383489,0.0027605439284395226
28.75,-0.335937548264127,0.287581056323998,0.0017239645243094645
28.7666666666667,-0.335498526660226,0.286604042511037,0.0015226044443760194
28.7833333333333,-0.125374291552424,0.498144313035701,0.001726912325705815
28.8,-0.331371768071719,0.297694690536761,0.001678013240290573
28.8166666666667,0.0755920080068726,0.492601519030332,0.01860031718573294
28.8333333333333,-0.125020214696288,0.502625148480344,0.01983149948035222
28.85,-0.331371768071719,0.292146836516406,0.016722906316391336
28.8666666666667,-0.339622299853025,0.286604042511037,0.011174615048415468
28.8833333333333,-0.330936428806845,0.291166140364418,0.006178809952031814
28.9,-0.329964903628444,0.497082354474975,0.002618664778689894
28.9166666666667,-0.147185160884767,0.286604042511037,0.0012426664992863392
28.9333333333333,-0.134604945313944,0.292146836516406,0.000932472730273502
28.95,-0.331371768071719,0.286604042511037,0.000801020212175072
28.9666666666667,-0.335498526660226,0.281066301601197,0.0007499022224995679
28.9833333333333,0.0716769278502745,0.497082354474975,0.017020021966855273
29.0,-0.325913796042568,0.497082354474975,0.018011918495352247
29.0166666666667,-0.125020214696288,0.491544613565135,0.015082433355042517
29.0333333333333,-0.125020214696288,0.724622520253462,0.009873907175639072
29.05,0.0800728434515157,0.497082354474975,0.023025732597362323
29.0666666666667,-0.134604945313944,0.286604042511037,0.02072226656065673
29.0833333333333,0.0800728434515157,0.718978488001418,0.034648783917273204
29.1,-0.129501050140932,0.492601519030332,0.03018950089848605
29.1166666666667,-0.129143987889087,0.497082354474975,0.022154838180698314
29.1333333333333,0.0800728434515157,0.497082354474975,0.030633367649034484
29.15,-0.343298805147003,0.291166140364418,0.02523207585846441
29.1666666666667,-0.340064306852634,0.282038262318629,0.018485577889633304
29.1833333333333,-0.129501050140932,0.487063778120492,0.011636862500380044
29.2,-0.326340591111717,0.492601519030332,0.006221058593150745
29.2166666666667,-0.335937548264127,0.287581056323998,0.0025494459017047517
29.2333333333333,-0.125728997977343,0.493659859383489,0.0011050368009635355
29.25,-0.335937548264127,0.287581056323998,0.001086563638711295
29.2666666666667,-0.335937548264127,0.293128910344353,0.001088096273354133
29.2833333333333,-0.125374291552424,0.498144313035701,0.0007728575447240038
29.3,-0.130768730601288,0.287581056323998,0.000762389861993729
29.3166666666667,-0.340507015255717,0.288559443352764,0.0007215276915631077
29.3333333333333,-0.129858745204636,0.493659859383489,0.0005520785700037918
29.35,-0.340507015255717,0.510658145792918,0.0004899192890268298
29.3666666666667,-0.121596258863492,0.493659859383489,0.0004523458485645186
29.3833333333333,0.0711075543546613,0.493659859383489,0.01626737864161703
29.4,0.0753100724582033,0.493659859383489,0.034253732256399036
29.4166666666667,-0.147460617873048,0.480184745303585,0.032796574478495696
29.4333333333333,-0.345080173513841,0.295097200921345,0.025023745510722818
29.45,-0.340950426286549,0.283986285094639,0.015191276114310467
29.4666666666667,-0.144863201361829,0.274828876873239,0.006934574619362191
29.4833333333333,-0.13570579314043,0.289539206062071,0.0020656117191989553
29.5,-0.537929581204963,0.506084987534793,0.0006163834635982808
29.5166666666667,-0.350107834507948,0.280381797840672,0.0006670120944589239
29.5333333333333,-0.139911355851002,0.283986285094639,0.0007906531363073902
29.55,-0.130217074221362,0.505830552986532,0.0008436223115216618
29.5666666666667,0.0666194781106427,0.505830552986532,0.015788397750125395
29.5833333333333,-0.135071372943396,0.496843515150646,0.01660215568470071
29.6,-0.135071372943396,0.491285520291373,0.014083010845415134
29.6166666666667,-0.149068764072402,0.285939792699946,0.009446042962928109
29.6333333333333,-0.341839361141194,0.280381797840672,0.004845037939524627
29.65,0.0272421531475317,0.649463312129398,0.007803839960428141
29.6666666666667,-0.130935638690494,0.491285520291373,0.00718447960801399
29.6833333333333,0.0310876161119012,0.650586302996567,0.012944402055762942
29.7,0.0228071491554267,0.645028308137293,0.016719007519116653
29.7166666666667,0.0657501613204353,0.503475783991431,0.028827533529018193
29.7333333333333,0.0570389400974093,0.498973173395807,0.038312933070827705
29.75,0.0228071491554267,0.667290800563664,0.03777425896574406
29.7666666666667,0.232418297830677,0.667290800563664,0.08043081408692371
29.7833333333333,0.0183685567199298,0.657278949797692,0.07719472511191222
29.8,0.0266490236764042,0.657278949797692,0.06618911075271017
29.8166666666667,0.0310876161119012,0.667290800563664,0.05149059912683316
29.8333333333333,0.0307937629085629,0.662852208128167,0.03919798595743005
29.85,-0.127512013493322,0.504546431726282,0.02404549357176245
29.8666666666667,-0.132018268708551,0.500040176511054,0.014297413179049107
29.8833333333333,-0.131656752725481,0.498973173395807,0.008348964236553326
29.9,0.0263515776726983,0.658410022892303,0.010636790109265418
29.9166666666667,-0.127870521280153,0.505618536639677,0.008851113679230133
29.9333333333333,0.0304993251010963,0.669571851956234,0.014178033473948273
29.95,0.227755294444023,0.663988383020926,0.06360625701279336
29.9666666666667,-0.339474957631563,0.512571975764123,0.06372735670229436
29.9833333333333,0.0346500840018777,0.669571851956234,0.059697124584748115
30.0,0.0302043016016164,0.659542600620664,0.048443055256492416
